market_hash_name,date,median_price,volume,median_price_change_pct,volume_change_pct,median_price_7d_avg,volume_7d_avg
Revolution Case,2023-02-10 01:00:00+00:00,13.462,79764,,,13.462,79764.0
Revolution Case,2023-02-11 01:00:00+00:00,8.041,79886,-0.40268905066112015,0.0015295120605787194,10.7515,79825.0
Revolution Case,2023-02-12 01:00:00+00:00,6.889,78300,-0.14326576296480542,-0.019853290939588875,9.464,79316.66666666667
Revolution Case,2023-02-13 01:00:00+00:00,6.96,58451,0.010306285382493785,-0.25349936143039586,8.838000000000001,74100.25
Revolution Case,2023-02-14 01:00:00+00:00,5.986,57769,-0.13994252873563218,-0.011667892764880006,8.2676,70834.0
Revolution Case,2023-02-15 01:00:00+00:00,5.549,57410,-0.07300367524223172,-0.006214405650089128,7.8145,68596.66666666667
Revolution Case,2023-02-16 01:00:00+00:00,5.544,59648,-0.0009010632546405661,0.03898275561748821,7.490142857142857,67318.28571428571
Revolution Case,2023-02-17 01:00:00+00:00,4.744,67413,-0.14430014430014426,0.13018039163090123,6.244714285714285,65553.85714285714
Revolution Case,2023-02-18 01:00:00+00:00,4.303,77269,-0.09295952782462058,0.14620325456514327,5.710714285714286,65180.0
Revolution Case,2023-02-19 01:00:00+00:00,3.502,76360,-0.1861491982337904,-0.011764096856436645,5.226857142857142,64902.857142857145
Revolution Case,2023-02-20 01:00:00+00:00,3.131,64885,-0.10593946316390634,-0.15027501309586166,4.679857142857143,65822.0
Revolution Case,2023-02-21 01:00:00+00:00,3.021,61645,-0.03513254551261569,-0.04993449949911377,4.256285714285714,66375.71428571429
Revolution Case,2023-02-22 01:00:00+00:00,3.034,61591,0.004303210857331985,-0.0008759834536459232,3.897,66973.0
Revolution Case,2023-02-23 01:00:00+00:00,3.005,63411,-0.009558338826631485,0.029549771882255493,3.5342857142857143,67510.57142857143
Revolution Case,2023-02-24 01:00:00+00:00,3.046,66744,0.013643926788685423,0.0525618583526517,3.2917142857142854,67415.0
Revolution Case,2023-02-25 01:00:00+00:00,2.902,70867,-0.04727511490479308,0.06177334292221026,3.091571428571428,66500.42857142857
Revolution Case,2023-02-26 01:00:00+00:00,2.654,75588,-0.08545830461750525,0.06661774874059856,2.970428571428571,66390.14285714286
Revolution Case,2023-02-27 01:00:00+00:00,2.595,67384,-0.022230595327807023,-0.10853574641477481,2.8938571428571427,66747.14285714286
Revolution Case,2023-02-28 01:00:00+00:00,2.657,61965,0.02389210019267818,-0.08041968419802925,2.841857142857143,66792.85714285714
Revolution Case,2023-03-01 01:00:00+00:00,2.735,60367,0.029356417011667135,-0.02578875171467765,2.799142857142857,66618.0
Revolution Case,2023-03-02 01:00:00+00:00,2.75,60819,0.005484460694698434,0.0074875345801515,2.7627142857142855,66247.71428571429
Revolution Case,2023-03-03 01:00:00+00:00,2.801,67046,0.018545454545454643,0.10238576760551799,2.7277142857142858,66290.85714285714
Revolution Case,2023-03-04 01:00:00+00:00,2.726,76394,-0.02677615137450917,0.13942666229156098,2.7025714285714284,67080.42857142857
Revolution Case,2023-03-05 01:00:00+00:00,2.632,75587,-0.03448275862068961,-0.010563656831688362,2.6994285714285717,67080.28571428571
Revolution Case,2023-03-06 01:00:00+00:00,2.52,68017,-0.042553191489361764,-0.10014949660655936,2.688714285714286,67170.71428571429
Revolution Case,2023-03-07 01:00:00+00:00,2.502,68332,-0.0071428571428572285,0.004631195142390965,2.666571428571429,68080.28571428571
Revolution Case,2023-03-08 01:00:00+00:00,2.512,65406,0.00399680255795376,-0.0428203477141017,2.634714285714286,68800.14285714286
Revolution Case,2023-03-09 01:00:00+00:00,2.597,67167,0.03383757961783429,0.026924135400421934,2.6128571428571425,69707.0
Revolution Case,2023-03-10 01:00:00+00:00,2.721,73206,0.04774740084713125,0.08991022377060154,2.6014285714285714,70587.0
Revolution Case,2023-03-11 01:00:00+00:00,2.709,79307,-0.004410143329658167,0.08334016337458672,2.599,71003.14285714286
Revolution Case,2023-03-12 01:00:00+00:00,2.629,76768,-0.029531192321890054,-0.03201482845146075,2.5985714285714288,71171.85714285714
Revolution Case,2023-03-13 01:00:00+00:00,2.527,65853,-0.03879802206162031,-0.14218163818257612,2.599571428571429,70862.71428571429
Revolution Case,2023-03-14 01:00:00+00:00,2.499,67371,-0.011080332409972304,0.023051341624527266,2.599142857142857,70725.42857142857
Revolution Case,2023-03-15 01:00:00+00:00,2.545,70343,0.018407362945177974,0.04411393626337734,2.603857142857143,71430.71428571429
Revolution Case,2023-03-16 01:00:00+00:00,2.549,69531,0.001571709233791685,-0.011543437157926162,2.5970000000000004,71768.42857142857
Revolution Case,2023-03-17 01:00:00+00:00,2.562,77763,0.005100039231070941,0.11839323467230445,2.5742857142857143,72419.42857142857
Revolution Case,2023-03-18 01:00:00+00:00,2.552,82713,-0.0039032006245119932,0.06365495158365797,2.5518571428571426,72906.0
Revolution Case,2023-03-19 01:00:00+00:00,2.463,82736,-0.034874608150470165,0.000278069952728055,2.528142857142857,73758.57142857143
Revolution Case,2023-03-20 01:00:00+00:00,2.357,69934,-0.04303694681282988,-0.1547331270547283,2.503857142857143,74341.57142857143
Revolution Case,2023-03-21 01:00:00+00:00,2.306,72892,-0.02163767501060676,0.04229702290731252,2.4762857142857144,75130.28571428571
Revolution Case,2023-03-22 01:00:00+00:00,2.316,90766,0.004336513443191636,0.24521209460571813,2.4435714285714285,78047.85714285714
Revolution Case,2023-03-23 01:00:00+00:00,2.575,104374,0.11183074265975845,0.14992398034506316,2.4472857142857145,83025.42857142857
Revolution Case,2023-03-24 01:00:00+00:00,2.761,99602,0.0722330097087378,-0.045720198516872035,2.475714285714286,86145.28571428571
Revolution Case,2023-03-25 01:00:00+00:00,2.801,99990,0.014487504527345152,0.003895504106343317,2.5112857142857146,88613.42857142857
Revolution Case,2023-03-26 01:00:00+00:00,2.815,103554,0.004998214923241706,0.035643564356435675,2.561571428571429,91587.42857142857
Revolution Case,2023-03-27 01:00:00+00:00,2.82,89886,0.001776198934280604,-0.13198910713251055,2.627714285714286,94437.71428571429
Revolution Case,2023-03-28 01:00:00+00:00,2.827,90452,0.0024822695035462417,0.006296864917784806,2.702142857142857,96946.28571428571
Revolution Case,2023-03-29 01:00:00+00:00,2.901,82826,0.026176158471878264,-0.08430991022862955,2.7857142857142856,95812.0
Revolution Case,2023-03-30 01:00:00+00:00,2.98,74287,0.027231988969320886,-0.10309564629464174,2.8435714285714284,91513.85714285714
Revolution Case,2023-03-31 01:00:00+00:00,3.145,79041,0.05536912751677847,0.06399504623958441,2.898428571428571,88576.57142857143
Revolution Case,2023-04-01 01:00:00+00:00,3.195,98081,0.015898251192368873,0.24088764059159162,2.9547142857142856,88303.85714285714
Revolution Case,2023-04-02 01:00:00+00:00,2.948,106255,-0.07730829420970264,0.0833392807985236,2.9737142857142858,88689.71428571429
Revolution Case,2023-04-03 01:00:00+00:00,2.933,96752,-0.0050881953867029095,-0.08943579125688206,2.9898571428571428,89670.57142857143
Revolution Case,2023-04-04 01:00:00+00:00,3.026,85896,0.031708148653255996,-0.1122043988754754,3.0182857142857142,89019.71428571429
Revolution Case,2023-04-05 01:00:00+00:00,3.103,83144,0.02544613350958369,-0.032038744528266716,3.0471428571428576,89065.14285714286
Revolution Case,2023-04-06 01:00:00+00:00,3.226,92027,0.03963905897518516,0.10683873761185403,3.0822857142857143,91599.42857142857
Revolution Case,2023-04-07 01:00:00+00:00,3.39,85076,0.05083694978301301,-0.07553218077303403,3.1172857142857144,92461.57142857143
Revolution Case,2023-04-08 01:00:00+00:00,3.462,88723,0.02123893805309729,0.04286755371667694,3.1554285714285717,91124.71428571429
Revolution Case,2023-04-09 01:00:00+00:00,3.345,98952,-0.03379549393414216,0.11529141259876252,3.212142857142857,90081.42857142857
Revolution Case,2023-04-10 01:00:00+00:00,3.344,92309,-0.0002989536621824662,-0.06713355970571588,3.270857142857143,89446.71428571429
Revolution Case,2023-04-11 01:00:00+00:00,3.287,84992,-0.017045454545454475,-0.07926637705965833,3.3081428571428573,89317.57142857143
Revolution Case,2023-04-12 01:00:00+00:00,3.276,86219,-0.0033465165804685837,0.014436652861445687,3.3328571428571427,89756.85714285714
Revolution Case,2023-04-13 01:00:00+00:00,3.366,84763,0.027472527472527597,-0.016887229033043738,3.3528571428571428,88719.14285714286
Revolution Case,2023-04-14 01:00:00+00:00,3.531,83214,0.0490196078431373,-0.018274482970163874,3.373,88453.14285714286
Revolution Case,2023-04-15 01:00:00+00:00,3.623,74876,0.026054941942792453,-0.10019948566347003,3.396,86475.0
Revolution Case,2023-04-16 01:00:00+00:00,3.566,83316,-0.01573281810654159,0.11271969656498748,3.427571428571429,84241.28571428571
Revolution Case,2023-04-17 01:00:00+00:00,3.523,94262,-0.012058328659562467,0.1313793268999952,3.4531428571428573,84520.28571428571
Revolution Case,2023-04-18 01:00:00+00:00,3.522,78165,-0.00028384899233613314,-0.17076870849334835,3.4867142857142857,83545.0
Revolution Case,2023-04-19 01:00:00+00:00,3.555,79053,0.009369676320272635,0.011360583381308853,3.5265714285714287,82521.28571428571
Revolution Case,2023-04-20 01:00:00+00:00,3.511,100303,-0.012376933895921205,0.2688070028967908,3.5472857142857146,84741.28571428571
Revolution Case,2023-04-21 01:00:00+00:00,3.511,104759,0.0,0.04442539106507293,3.5444285714285715,87819.14285714286
Revolution Case,2023-04-22 01:00:00+00:00,3.471,101273,-0.011392765593847942,-0.03327637720864074,3.522714285714286,91590.14285714286
Revolution Case,2023-04-23 01:00:00+00:00,3.32,99971,-0.04350331316623457,-0.012856338806987,3.4875714285714285,93969.42857142857
Revolution Case,2023-04-24 01:00:00+00:00,3.169,93098,-0.04548192771084336,-0.06874993748186975,3.437,93803.14285714286
Revolution Case,2023-04-25 01:00:00+00:00,2.945,107142,-0.0706847585989272,0.15085179058626386,3.3545714285714285,97942.71428571429
Revolution Case,2023-04-26 01:00:00+00:00,2.724,90786,-0.07504244482173161,-0.15265722125777004,3.2358571428571428,99618.85714285714
Revolution Case,2023-04-27 01:00:00+00:00,2.726,94818,0.0007342143906019505,0.04441213402947586,3.123714285714286,98835.28571428571
Revolution Case,2023-04-28 01:00:00+00:00,2.842,92741,0.042553191489361764,-0.021905123499757484,3.028142857142857,97118.42857142857
Revolution Case,2023-04-29 01:00:00+00:00,2.839,92746,-0.001055594651653835,5.391358730233442e-05,2.9378571428571427,95900.28571428571
Revolution Case,2023-04-30 01:00:00+00:00,2.771,93857,-0.0239520958083832,0.011978953270221915,2.859428571428571,95026.85714285714
Revolution Case,2023-05-01 01:00:00+00:00,2.604,86637,-0.06026705160591839,-0.07692553565530547,2.778714285714286,94103.85714285714
Revolution Case,2023-05-02 01:00:00+00:00,2.532,89790,-0.027649769585253448,0.0363932269122893,2.7197142857142858,91625.0
Revolution Case,2023-05-03 01:00:00+00:00,2.566,80621,0.013428120063191162,-0.10211604855774581,2.6971428571428575,90172.85714285714
Revolution Case,2023-05-04 01:00:00+00:00,2.545,82751,-0.008183943881527656,0.02641991540665578,2.671285714285714,88449.0
Revolution Case,2023-05-05 01:00:00+00:00,2.448,100847,-0.03811394891944986,0.2186801367959299,2.6149999999999998,89607.0
Revolution Case,2023-05-06 01:00:00+00:00,2.437,94663,-0.004493464052287677,-0.06132061439606529,2.5575714285714284,89880.85714285714
Revolution Case,2023-05-07 01:00:00+00:00,2.304,97420,-0.05457529749692247,0.029124367493107206,2.4908571428571427,90389.85714285714
Revolution Case,2023-05-08 01:00:00+00:00,2.182,88127,-0.05295138888888884,-0.09539109012523095,2.4305714285714286,90602.71428571429
Revolution Case,2023-05-09 01:00:00+00:00,2.151,84706,-0.014207149404216413,-0.03881897715796523,2.376142857142857,89876.42857142857
Revolution Case,2023-05-10 01:00:00+00:00,2.274,80062,0.057182705718270777,-0.0548249238542724,2.3344285714285715,89796.57142857143
Revolution Case,2023-05-11 01:00:00+00:00,2.261,77075,-0.005716798592787953,-0.03730858584596941,2.2938571428571426,88985.71428571429
Revolution Case,2023-05-12 01:00:00+00:00,2.242,83855,-0.008403361344537896,0.08796626662341867,2.2644285714285712,86558.28571428571
Revolution Case,2023-05-13 01:00:00+00:00,2.218,87884,-0.01070472792149868,0.04804722437540998,2.233142857142857,85589.85714285714
Revolution Case,2023-05-14 01:00:00+00:00,2.116,85105,-0.04598737601442737,-0.03162122798234035,2.206285714285714,83830.57142857143
Revolution Case,2023-05-15 01:00:00+00:00,2.056,78921,-0.02835538752362954,-0.07266318077668765,2.188285714285714,82515.42857142857
Revolution Case,2023-05-16 01:00:00+00:00,2.04,80190,-0.0077821011673151474,0.016079370509750168,2.1724285714285716,81870.28571428571
Revolution Case,2023-05-17 01:00:00+00:00,2.036,79228,-0.0019607843137254832,-0.01199650829280463,2.138428571428572,81751.14285714286
Revolution Case,2023-05-18 01:00:00+00:00,2.023,78314,-0.006385068762278956,-0.011536325541475212,2.1044285714285715,81928.14285714286
Revolution Case,2023-05-19 01:00:00+00:00,1.995,83342,-0.01384083044982698,0.06420307990908403,2.0691428571428574,81854.85714285714
Revolution Case,2023-05-20 01:00:00+00:00,1.967,84318,-0.01403508771929829,0.011710782078663717,2.0332857142857144,81345.42857142857
Revolution Case,2023-05-21 01:00:00+00:00,1.933,88627,-0.017285205897305533,0.051104153324319945,2.007142857142857,81848.57142857143
Revolution Case,2023-05-22 01:00:00+00:00,1.908,80095,-0.012933264355923457,-0.09626863145542552,1.9860000000000002,82016.28571428571
Revolution Case,2023-05-23 01:00:00+00:00,1.887,80347,-0.011006289308176043,0.0031462638117236708,1.9641428571428572,82038.71428571429
Revolution Case,2023-05-24 01:00:00+00:00,1.89,81266,0.0015898251192367763,0.011437888160105603,1.9432857142857143,82329.85714285714
Revolution Case,2023-05-25 01:00:00+00:00,1.909,85120,0.010052910052910091,0.04742450717397184,1.927,83302.14285714286
Revolution Case,2023-05-26 01:00:00+00:00,1.931,88857,0.011524358302776427,0.04390272556390973,1.9178571428571427,84090.0
Revolution Case,2023-05-27 01:00:00+00:00,1.955,89419,0.01242879337131031,0.006324769010882747,1.9161428571428571,84818.71428571429
Revolution Case,2023-05-28 01:00:00+00:00,1.944,84591,-0.005626598465473198,-0.05399299925071854,1.917714285714286,84242.14285714286
Revolution Case,2023-05-29 01:00:00+00:00,1.953,83474,0.004629629629629761,-0.013204714449527755,1.9241428571428572,84724.85714285714
Revolution Case,2023-05-30 01:00:00+00:00,1.949,75595,-0.0020481310803891484,-0.09438867192179601,1.933,84046.0
Revolution Case,2023-05-31 01:00:00+00:00,1.958,79708,0.004617752693689026,0.05440836034129237,1.9427142857142858,83823.42857142857
Revolution Case,2023-06-01 01:00:00+00:00,2.0,80763,0.021450459652706755,0.013235810709088192,1.9557142857142857,83201.0
Revolution Case,2023-06-02 01:00:00+00:00,2.013,81724,0.00649999999999995,0.011899013161967842,1.9674285714285715,82182.0
Revolution Case,2023-06-03 01:00:00+00:00,2.004,85880,-0.0044709388971683195,0.05085409426851362,1.9744285714285714,81676.42857142857
Revolution Case,2023-06-04 01:00:00+00:00,1.998,86725,-0.0029940119760478723,0.009839310666045709,1.9821428571428572,81981.28571428571
Revolution Case,2023-06-05 01:00:00+00:00,1.956,73771,-0.02102102102102099,-0.14936869414816956,1.9825714285714287,80595.14285714286
Revolution Case,2023-06-06 01:00:00+00:00,1.926,78728,-0.015337423312883458,0.06719442599395431,1.9792857142857143,81042.71428571429
Revolution Case,2023-06-07 01:00:00+00:00,1.91,78859,-0.00830737279335414,0.0016639569149476952,1.9724285714285714,80921.42857142857
Revolution Case,2023-06-08 01:00:00+00:00,1.923,86984,0.006806282722513046,0.10303199381173989,1.9614285714285715,81810.14285714286
Revolution Case,2023-06-09 01:00:00+00:00,1.965,77755,0.021840873634945357,-0.10609997240871882,1.9545714285714286,81243.14285714286
Revolution Case,2023-06-10 01:00:00+00:00,2.142,100806,0.09007633587786246,0.2964568194971384,1.9742857142857144,83375.42857142857
Revolution Case,2023-06-11 01:00:00+00:00,2.144,66614,0.0009337068160597539,-0.3391861595539948,1.995142857142857,80502.42857142857
Revolution Case,2023-06-12 01:00:00+00:00,2.146,60077,0.0009328358208953169,-0.09813252469450862,2.0222857142857142,78546.14285714286
Revolution Case,2023-06-13 01:00:00+00:00,2.172,51812,0.012115563839701915,-0.13757344740915822,2.0574285714285714,74701.0
Revolution Case,2023-06-14 01:00:00+00:00,2.041,91963,-0.060313075506445823,0.7749363081911527,2.076142857142857,76573.0
Revolution Case,2023-06-15 01:00:00+00:00,1.967,83393,-0.036256736893679475,-0.09318965236018839,2.0824285714285713,76060.0
Revolution Case,2023-06-16 01:00:00+00:00,2.022,78038,0.027961362480935392,-0.064214022759704,2.0905714285714287,76100.42857142857
Revolution Case,2023-06-17 01:00:00+00:00,2.106,70391,0.041543026706231556,-0.09799072246854101,2.0854285714285714,71755.42857142857
Revolution Case,2023-06-18 01:00:00+00:00,2.114,61287,0.003798670465337217,-0.12933471608586322,2.081142857142857,70994.42857142857
Revolution Case,2023-06-19 01:00:00+00:00,2.083,52261,-0.014664143803216456,-0.1472742996067682,2.072142857142857,69877.85714285714
Revolution Case,2023-06-20 01:00:00+00:00,2.019,51138,-0.03072491598655791,-0.021488299114062137,2.0502857142857143,69781.57142857143
Revolution Case,2023-06-21 01:00:00+00:00,1.947,91698,-0.03566121842496284,0.7931479525988501,2.036857142857143,69743.71428571429
Revolution Case,2023-06-22 01:00:00+00:00,1.886,78011,-0.031330251669234754,-0.1492617069074571,2.0252857142857144,68974.85714285714
Revolution Case,2023-06-23 01:00:00+00:00,1.846,83825,-0.02120890774125128,0.07452795118637123,2.0001428571428574,69801.57142857143
Revolution Case,2023-06-24 01:00:00+00:00,1.828,70074,-0.009750812567713929,-0.16404413957649866,1.9604285714285712,69756.28571428571
Revolution Case,2023-06-25 01:00:00+00:00,1.839,60382,0.006017505470459428,-0.13831092844707027,1.9211428571428573,69627.0
Revolution Case,2023-06-26 01:00:00+00:00,1.808,52307,-0.016856987493202746,-0.1337319068596602,1.881857142857143,69633.57142857143
Revolution Case,2023-06-27 01:00:00+00:00,1.785,48901,-0.012721238938053214,-0.06511556770604321,1.8484285714285715,69314.0
Revolution Case,2023-06-28 01:00:00+00:00,1.635,97155,-0.08403361344537807,0.9867691867241979,1.803857142857143,70093.57142857143
Revolution Case,2023-06-29 01:00:00+00:00,1.461,87453,-0.10642201834862386,-0.09986104678091712,1.743142857142857,71442.42857142857
Revolution Case,2023-06-30 01:00:00+00:00,1.427,86215,-0.02327173169062291,-0.014156175317027397,1.6832857142857143,71783.85714285714
Revolution Case,2023-07-01 01:00:00+00:00,1.459,70896,0.022424667133847276,-0.1776836977324131,1.6305714285714288,71901.28571428571
Revolution Case,2023-07-02 01:00:00+00:00,1.44,65417,-0.013022618231665617,-0.0772822162040172,1.5735714285714286,72620.57142857143
Revolution Case,2023-07-03 01:00:00+00:00,1.413,55711,-0.018749999999999933,-0.14837121849060642,1.5171428571428573,73106.85714285714
Revolution Case,2023-07-04 01:00:00+00:00,1.455,56084,0.02972399150743099,0.0066952666439303865,1.4700000000000002,74133.0
Revolution Case,2023-07-05 01:00:00+00:00,1.363,92614,-0.06323024054982829,0.6513444119534983,1.4311428571428573,73484.28571428571
Revolution Case,2023-07-06 01:00:00+00:00,1.266,81218,-0.07116654438738079,-0.12304835122119762,1.4032857142857142,72593.57142857143
Revolution Case,2023-07-07 01:00:00+00:00,1.299,75819,0.026066350710900466,-0.066475411854515,1.385,71108.42857142857
Revolution Case,2023-07-08 01:00:00+00:00,1.363,68708,0.049268668206312594,-0.0937891557525159,1.3712857142857142,70795.85714285714
Revolution Case,2023-07-09 01:00:00+00:00,1.405,64394,0.030814380044020595,-0.06278744833207195,1.3662857142857143,70649.71428571429
Revolution Case,2023-07-10 01:00:00+00:00,1.442,58607,0.02633451957295363,-0.08986862130012108,1.3704285714285713,71063.42857142857
Revolution Case,2023-07-11 01:00:00+00:00,1.501,51475,0.040915395284327305,-0.12169194806081185,1.377,70405.0
Revolution Case,2023-07-12 01:00:00+00:00,1.409,92411,-0.06129247168554286,0.7952598348712967,1.3835714285714285,70376.0
Revolution Case,2023-07-13 01:00:00+00:00,1.341,74228,-0.04826117814052522,-0.19676229020354719,1.3942857142857144,69377.42857142857
Revolution Case,2023-07-14 01:00:00+00:00,1.407,70318,0.04921700223713654,-0.0526755402274075,1.4097142857142857,68591.57142857143
Revolution Case,2023-07-15 01:00:00+00:00,1.456,65696,0.03482587064676612,-0.06572996956682498,1.423,68161.28571428571
Revolution Case,2023-07-16 01:00:00+00:00,1.47,59894,0.009615384615384581,-0.08831587920116901,1.4322857142857142,67518.42857142857
Revolution Case,2023-07-17 01:00:00+00:00,1.483,47992,0.008843537414966018,-0.1987177346645741,1.4381428571428572,66002.0
Revolution Case,2023-07-18 01:00:00+00:00,1.497,49283,0.009440323668240103,0.026900316719453254,1.4375714285714287,65688.85714285714
Revolution Case,2023-07-19 01:00:00+00:00,1.394,89891,-0.06880427521710097,0.8239758131607249,1.4354285714285713,65328.857142857145
Revolution Case,2023-07-20 01:00:00+00:00,1.364,77454,-0.021520803443328407,-0.13835645392753448,1.4387142857142856,65789.71428571429
Revolution Case,2023-07-21 01:00:00+00:00,1.41,68592,0.03372434017595305,-0.11441629870632897,1.439142857142857,65543.14285714286
Revolution Case,2023-07-22 01:00:00+00:00,1.448,60795,0.026950354609929006,-0.11367214835549333,1.4380000000000002,64843.0
Revolution Case,2023-07-23 01:00:00+00:00,1.46,59250,0.008287292817679592,-0.025413274117937368,1.4365714285714284,64751.0
Revolution Case,2023-07-24 01:00:00+00:00,1.463,51268,0.00205479452054802,-0.1347172995780591,1.433714285714286,65219.0
Revolution Case,2023-07-25 01:00:00+00:00,1.478,50248,0.01025290498974707,-0.01989545135367088,1.4309999999999998,65356.857142857145
Revolution Case,2023-07-26 01:00:00+00:00,1.363,91573,-0.07780784844384303,0.8224207928673779,1.4265714285714286,65597.14285714286
Revolution Case,2023-07-27 01:00:00+00:00,1.328,73708,-0.02567865003668368,-0.1950902558614439,1.4214285714285713,65062.0
Revolution Case,2023-07-28 01:00:00+00:00,1.336,68844,0.006024096385542244,-0.06599012318879904,1.4108571428571428,65098.0
Revolution Case,2023-07-29 01:00:00+00:00,1.376,67574,0.029940119760478945,-0.018447504502934198,1.4005714285714286,66066.42857142857
Revolution Case,2023-07-30 01:00:00+00:00,1.362,58762,-0.010174418604650959,-0.13040518542634738,1.3865714285714288,65996.71428571429
Revolution Case,2023-07-31 01:00:00+00:00,1.379,53986,0.012481644640234935,-0.08127701575848334,1.3745714285714286,66385.0
Revolution Case,2023-08-01 01:00:00+00:00,1.389,53710,0.007251631617113841,-0.005112436557626054,1.3618571428571429,66879.57142857143
Revolution Case,2023-08-02 01:00:00+00:00,1.275,90025,-0.08207343412527002,0.6761310742878421,1.3492857142857144,66658.42857142857
Revolution Case,2023-08-03 01:00:00+00:00,1.248,77902,-0.02117647058823524,-0.1346625937239656,1.3378571428571429,67257.57142857143
Revolution Case,2023-08-04 01:00:00+00:00,1.263,67528,0.012019230769230616,-0.1331673127775923,1.3274285714285714,67069.57142857143
Revolution Case,2023-08-05 01:00:00+00:00,1.279,65204,0.012668250197941378,-0.03441535363108639,1.3135714285714286,66731.0
Revolution Case,2023-08-06 01:00:00+00:00,1.263,61415,-0.012509773260359625,-0.058109931906017986,1.2994285714285714,67110.0
Revolution Case,2023-08-07 01:00:00+00:00,1.254,53439,-0.0071258907363419555,-0.12987055279654802,1.2815714285714286,67031.85714285714
Revolution Case,2023-08-08 01:00:00+00:00,1.245,57835,-0.007177033492822837,0.08226201837609226,1.261,67621.14285714286
Revolution Case,2023-08-09 01:00:00+00:00,1.171,100697,-0.05943775100401616,0.7411083254084896,1.246142857142857,69145.71428571429
Revolution Case,2023-08-10 01:00:00+00:00,1.121,88102,-0.04269854824935959,-0.12507820491176502,1.228,70602.85714285714
Revolution Case,2023-08-11 01:00:00+00:00,1.143,85533,0.019625334522747506,-0.029159383441919595,1.2108571428571426,73175.0
Revolution Case,2023-08-12 01:00:00+00:00,1.189,73720,0.0402449693788276,-0.13811043690739244,1.198,74391.57142857143
Revolution Case,2023-08-13 01:00:00+00:00,1.212,62353,0.019343986543313596,-0.15419153553988063,1.1907142857142858,74525.57142857143
Revolution Case,2023-08-14 01:00:00+00:00,1.229,55289,0.014026402640264113,-0.11329045915994418,1.1871428571428573,74789.85714285714
Revolution Case,2023-08-15 01:00:00+00:00,1.244,57261,0.012205044751830707,0.03566713089402951,1.187,74707.85714285714
Revolution Case,2023-08-16 01:00:00+00:00,1.122,99080,-0.09807073954983914,0.7303225581111052,1.18,74476.85714285714
Revolution Case,2023-08-17 01:00:00+00:00,1.084,85341,-0.033868092691622165,-0.13866572466693583,1.1747142857142856,74082.42857142857
Revolution Case,2023-08-18 01:00:00+00:00,1.101,75990,0.01568265682656822,-0.10957218687383552,1.1687142857142858,72719.14285714286
Revolution Case,2023-08-19 01:00:00+00:00,1.156,71643,0.049954586739327844,-0.05720489538097118,1.164,72422.42857142857
Revolution Case,2023-08-20 01:00:00+00:00,1.156,67068,0.0,-0.0638582973912315,1.1560000000000001,73096.0
Revolution Case,2023-08-21 01:00:00+00:00,1.15,61348,-0.00519031141868509,-0.08528657481958613,1.1447142857142858,73961.57142857143
Revolution Case,2023-08-22 01:00:00+00:00,1.169,59754,0.016521739130434865,-0.02598291712851275,1.1340000000000001,74317.71428571429
Revolution Case,2023-08-23 01:00:00+00:00,1.084,99571,-0.07271171941830623,0.6663486963215852,1.1285714285714286,74387.85714285714
Revolution Case,2023-08-24 01:00:00+00:00,1.058,87106,-0.023985239852398532,-0.12518705245503203,1.1248571428571428,74640.0
Revolution Case,2023-08-25 01:00:00+00:00,1.13,78163,0.06805293005671054,-0.10266801368447642,1.129,74950.42857142857
Revolution Case,2023-08-26 01:00:00+00:00,1.157,71261,0.023893805309734617,-0.08830264959123879,1.1291428571428572,74895.85714285714
Revolution Case,2023-08-27 01:00:00+00:00,1.153,68567,-0.0034572169403630504,-0.03780468980227614,1.1287142857142858,75110.0
Revolution Case,2023-08-28 01:00:00+00:00,1.175,61699,0.019080659150043422,-0.10016480231014924,1.1322857142857143,75160.14285714286
Revolution Case,2023-08-29 01:00:00+00:00,1.18,55101,0.004255319148936065,-0.10693852412518845,1.1338571428571427,74495.42857142857
Revolution Case,2023-08-30 01:00:00+00:00,1.082,106285,-0.08305084745762703,0.9289123609371881,1.1335714285714287,75454.57142857143
Revolution Case,2023-08-31 01:00:00+00:00,1.074,87918,-0.007393715341959317,-0.17280895704944255,1.135857142857143,75570.57142857143
Revolution Case,2023-09-01 01:00:00+00:00,1.119,85512,0.04189944134078205,-0.027366409608953757,1.1342857142857143,76620.42857142857
Revolution Case,2023-09-02 01:00:00+00:00,1.106,89893,-0.011617515638963294,0.05123257554495275,1.127,79282.14285714286
Revolution Case,2023-09-03 01:00:00+00:00,1.114,80135,0.00723327305605781,-0.10855127763007133,1.1214285714285714,80934.71428571429
Revolution Case,2023-09-04 01:00:00+00:00,1.114,80653,0.0,0.006464091845011621,1.1127142857142858,83642.42857142857
Revolution Case,2023-09-05 01:00:00+00:00,1.152,69559,0.03411131059245953,-0.13755222992325145,1.1087142857142858,85707.85714285714
Revolution Case,2023-09-06 01:00:00+00:00,1.089,116575,-0.0546875,0.6759154099397633,1.1097142857142857,87177.85714285714
Revolution Case,2023-09-07 01:00:00+00:00,1.066,109879,-0.02112029384756653,-0.05743941668453789,1.1085714285714285,90315.14285714286
Revolution Case,2023-09-08 01:00:00+00:00,1.099,92639,0.030956848030018635,-0.15689986257610644,1.1057142857142856,91333.28571428571
Revolution Case,2023-09-09 01:00:00+00:00,1.117,85591,0.016378525932666088,-0.07608026856939298,1.1072857142857144,90718.71428571429
Revolution Case,2023-09-10 01:00:00+00:00,1.132,83472,0.013428827215756334,-0.02475727588180998,1.1098571428571429,91195.42857142857
Revolution Case,2023-09-11 01:00:00+00:00,1.174,63225,0.03710247349823326,-0.24256037952846465,1.1184285714285713,88705.71428571429
Revolution Case,2023-09-12 01:00:00+00:00,1.187,60426,0.011073253833049579,-0.04427046263345191,1.1234285714285712,87401.0
Revolution Case,2023-09-13 01:00:00+00:00,1.118,112952,-0.05812973883740513,0.86926157614272,1.1275714285714284,86883.42857142857
Revolution Case,2023-09-14 01:00:00+00:00,1.108,98888,-0.008944543828264817,-0.12451306749769808,1.1335714285714287,85313.28571428571
Revolution Case,2023-09-15 01:00:00+00:00,1.149,86930,0.03700361010830311,-0.12092468246905586,1.1407142857142858,84497.71428571429
Revolution Case,2023-09-16 01:00:00+00:00,1.183,94091,0.02959094865100087,0.0823766248705855,1.1501428571428571,85712.0
Revolution Case,2023-09-17 01:00:00+00:00,1.181,75913,-0.0016906170752324368,-0.1931959486029482,1.1571428571428573,84632.14285714286
Revolution Case,2023-09-18 01:00:00+00:00,1.203,58026,0.018628281117696988,-0.235624991766891,1.1612857142857143,83889.42857142857
Revolution Case,2023-09-19 01:00:00+00:00,1.219,56438,0.013300083125519446,-0.02736704236032128,1.1658571428571431,83319.71428571429
Revolution Case,2023-09-20 01:00:00+00:00,1.149,111148,-0.057424118129614454,0.9693823310535454,1.1702857142857144,83062.0
Revolution Case,2023-09-21 01:00:00+00:00,1.17,86088,0.018276762402088753,-0.2254651455716702,1.179142857142857,81233.42857142857
Revolution Case,2023-09-22 01:00:00+00:00,1.203,79499,0.028205128205128327,-0.0765379611560264,1.1868571428571428,80171.85714285714
Revolution Case,2023-09-23 01:00:00+00:00,1.212,78003,0.007481296758104605,-0.01881784676536813,1.191,77873.57142857143
Revolution Case,2023-09-24 01:00:00+00:00,1.22,69534,0.0066006600660066805,-0.1085727472020307,1.1965714285714284,76962.28571428571
Revolution Case,2023-09-25 01:00:00+00:00,1.256,60051,0.029508196721311553,-0.13637932522219343,1.2041428571428572,77251.57142857143
Revolution Case,2023-09-26 01:00:00+00:00,1.269,54513,0.010350318471337605,-0.09222161163011444,1.2112857142857145,76976.57142857143
Revolution Case,2023-09-27 01:00:00+00:00,1.233,144396,-0.028368794326240954,1.6488360574541852,1.223285714285714,81726.28571428571
Revolution Case,2023-09-28 01:00:00+00:00,1.325,176343,0.07461476074614759,0.22124574087924875,1.2454285714285713,94619.85714285714
Revolution Case,2023-09-29 01:00:00+00:00,1.366,134945,0.030943396226415176,-0.23475839698768874,1.2687142857142857,102540.71428571429
Revolution Case,2023-09-30 01:00:00+00:00,1.418,126045,0.03806734992679339,-0.06595279558338585,1.298142857142857,109403.85714285714
Revolution Case,2023-10-01 01:00:00+00:00,1.441,106921,0.016220028208744797,-0.15172359078107023,1.3297142857142856,114744.85714285714
Revolution Case,2023-10-02 01:00:00+00:00,1.508,87142,0.04649548924358071,-0.18498704651097542,1.3657142857142854,118615.0
Revolution Case,2023-10-03 01:00:00+00:00,1.54,81369,0.021220159151193574,-0.06624819260517312,1.4044285714285714,122451.57142857143
Revolution Case,2023-10-04 01:00:00+00:00,1.391,130350,-0.09675324675324681,0.6019614349445119,1.427,120445.0
Revolution Case,2023-10-05 01:00:00+00:00,1.32,113362,-0.051042415528396834,-0.13032604526275415,1.4262857142857144,111447.71428571429
Revolution Case,2023-10-06 01:00:00+00:00,1.402,105021,0.06212121212121202,-0.07357844780437894,1.4314285714285713,107172.85714285714
Revolution Case,2023-10-07 01:00:00+00:00,1.466,99667,0.04564907275320973,-0.05098028013444933,1.4382857142857144,103404.57142857143
Revolution Case,2023-10-08 01:00:00+00:00,1.486,87269,0.013642564802182733,-0.124394232795208,1.4447142857142856,100597.14285714286
Revolution Case,2023-10-09 01:00:00+00:00,1.495,69147,0.00605652759084796,-0.20765678534187393,1.442857142857143,98026.42857142857
Revolution Case,2023-10-10 01:00:00+00:00,1.472,68216,-0.015384615384615441,-0.013464069301632797,1.433142857142857,96147.42857142857
Revolution Case,2023-10-11 01:00:00+00:00,1.376,131449,-0.0652173913043479,0.9269526210859622,1.4309999999999998,96304.42857142857
Revolution Case,2023-10-12 01:00:00+00:00,1.404,109332,0.02034883720930236,-0.16825536900242677,1.4429999999999998,95728.71428571429
Revolution Case,2023-10-13 01:00:00+00:00,1.429,96337,0.017806267806267817,-0.11885815680679035,1.4468571428571428,94488.14285714286
Revolution Case,2023-10-14 01:00:00+00:00,1.455,97799,0.018194541637508665,0.015175892959091497,1.445285714285714,94221.28571428571
Revolution Case,2023-10-15 01:00:00+00:00,1.481,87021,0.017869415807560074,-0.11020562582439497,1.4445714285714286,94185.85714285714
Revolution Case,2023-10-16 01:00:00+00:00,1.502,66933,0.014179608372721031,-0.23084083152342538,1.4455714285714285,93869.57142857143
Revolution Case,2023-10-17 01:00:00+00:00,1.52,60293,0.011984021304926706,-0.09920368129323354,1.4524285714285714,92737.71428571429
Revolution Case,2023-10-18 01:00:00+00:00,1.454,122232,-0.04342105263157903,1.0273000182442407,1.4635714285714287,91421.0
Revolution Case,2023-10-19 01:00:00+00:00,1.426,96480,-0.019257221458046758,-0.21068132731199685,1.4667142857142859,89585.0
Revolution Case,2023-10-20 01:00:00+00:00,1.423,89696,-0.0021037868162692153,-0.07031509121061363,1.465857142857143,88636.28571428571
Revolution Case,2023-10-21 01:00:00+00:00,1.435,85008,0.008432888264230609,-0.05226542989653937,1.4629999999999999,86809.0
Revolution Case,2023-10-22 01:00:00+00:00,1.437,75716,0.0013937282229965486,-0.10930735930735935,1.4567142857142859,85194.0
Revolution Case,2023-10-23 01:00:00+00:00,1.439,60061,0.0013917884481557952,-0.20675946959691482,1.4477142857142857,84212.28571428571
Revolution Case,2023-10-24 01:00:00+00:00,1.451,56691,0.008339124391938846,-0.05610962188441748,1.437857142857143,83697.71428571429
Revolution Case,2023-10-25 01:00:00+00:00,1.388,117075,-0.04341833218470037,1.0651426152299308,1.4284285714285712,82961.0
Revolution Case,2023-10-26 01:00:00+00:00,1.342,90118,-0.033141210374639685,-0.23025411061285506,1.4164285714285714,82052.14285714286
Revolution Case,2023-10-27 01:00:00+00:00,1.317,85226,-0.018628912071535164,-0.0542843826982401,1.4012857142857142,81413.57142857143
Revolution Case,2023-10-28 01:00:00+00:00,1.305,79931,-0.009111617312072884,-0.06212892779198831,1.3827142857142858,80688.28571428571
Revolution Case,2023-10-29 01:00:00+00:00,1.256,70658,-0.03754789272030645,-0.11601256083371914,1.3568571428571428,79965.71428571429
Revolution Case,2023-10-30 01:00:00+00:00,1.227,59456,-0.023089171974522205,-0.15853831130232954,1.3265714285714285,79879.28571428571
Revolution Case,2023-10-31 01:00:00+00:00,1.219,58966,-0.006519967400163029,-0.008241388589881549,1.2934285714285714,80204.28571428571
Revolution Case,2023-11-01 01:00:00+00:00,1.159,121710,-0.04922067268252672,1.0640708204728146,1.2607142857142857,80866.42857142857
Revolution Case,2023-11-02 01:00:00+00:00,1.118,100796,-0.03537532355478856,-0.17183468901487142,1.2287142857142856,82391.85714285714
Revolution Case,2023-11-03 01:00:00+00:00,1.135,82373,0.015205724508049911,-0.18277511012341763,1.2027142857142858,81984.28571428571
Revolution Case,2023-11-04 01:00:00+00:00,1.168,77998,0.029074889867841236,-0.05311206341883867,1.183142857142857,81708.14285714286
Revolution Case,2023-11-05 01:00:00+00:00,1.18,65635,0.010273972602739656,-0.15850406420677454,1.1722857142857142,80990.57142857143
Revolution Case,2023-11-06 01:00:00+00:00,1.207,56620,0.022881355932203418,-0.13735049897158524,1.1694285714285715,80585.42857142857
Revolution Case,2023-11-07 01:00:00+00:00,1.248,49737,0.03396851698425851,-0.12156481808548214,1.1735714285714285,79267.0
Revolution Case,2023-11-08 01:00:00+00:00,1.187,100491,-0.048878205128205066,1.0204475541347486,1.1775714285714287,76235.71428571429
Revolution Case,2023-11-09 01:00:00+00:00,1.138,85107,-0.04128053917438934,-0.1530883362689196,1.1804285714285714,73994.42857142857
Revolution Case,2023-11-10 01:00:00+00:00,1.136,78967,-0.0017574692442882123,-0.07214447695254211,1.1805714285714284,73507.85714285714
Revolution Case,2023-11-11 01:00:00+00:00,1.13,75892,-0.005281690140845119,-0.03894031684121213,1.175142857142857,73207.0
Revolution Case,2023-11-12 01:00:00+00:00,1.074,61788,-0.04955752212389364,-0.1858430401096295,1.16,72657.42857142857
Revolution Case,2023-11-13 01:00:00+00:00,1.023,48758,-0.04748603351955316,-0.21088237198161452,1.1337142857142857,71534.28571428571
Revolution Case,2023-11-14 01:00:00+00:00,0.987,53756,-0.035190615835777095,0.10250625538373193,1.0964285714285713,72108.42857142857
Revolution Case,2023-11-15 01:00:00+00:00,0.874,105847,-0.11448834853090173,0.9690267132971204,1.0517142857142856,72873.57142857143
Revolution Case,2023-11-16 01:00:00+00:00,0.793,81500,-0.09267734553775742,-0.23002069024157512,1.0024285714285714,72358.28571428571
Revolution Case,2023-11-17 01:00:00+00:00,0.801,71786,0.010088272383354413,-0.11919018404907977,0.9545714285714286,71332.42857142857
Revolution Case,2023-11-18 01:00:00+00:00,0.82,75493,0.023720349563046028,0.05163959546429675,0.9102857142857143,71275.42857142857
Revolution Case,2023-11-19 01:00:00+00:00,0.823,70603,0.003658536585365857,-0.06477421747711709,0.8744285714285713,72534.71428571429
Revolution Case,2023-11-20 01:00:00+00:00,0.824,53220,0.0012150668286756705,-0.24620766822939533,0.846,73172.14285714286
Revolution Case,2023-11-21 01:00:00+00:00,0.82,49131,-0.004854368932038833,-0.0768320180383315,0.8221428571428572,72511.42857142857
Revolution Case,2023-11-22 01:00:00+00:00,0.721,106314,-0.12073170731707317,1.1638883800451851,0.8002857142857144,72578.14285714286
Revolution Case,2023-11-23 01:00:00+00:00,0.666,83681,-0.07628294036061023,-0.21288823673269752,0.7821428571428571,72889.71428571429
Revolution Case,2023-11-24 01:00:00+00:00,0.675,83909,0.013513513513513598,0.0027246328318255575,0.7641428571428571,74621.57142857143
Revolution Case,2023-11-25 01:00:00+00:00,0.682,78881,0.010370370370370363,-0.059922058420431634,0.7444285714285713,75105.57142857143
Revolution Case,2023-11-26 01:00:00+00:00,0.671,69566,-0.016129032258064502,-0.118089273716104,0.7227142857142858,74957.42857142857
Revolution Case,2023-11-27 01:00:00+00:00,0.666,55994,-0.007451564828613977,-0.1950953051778167,0.7001428571428573,75353.71428571429
Revolution Case,2023-11-28 01:00:00+00:00,0.668,51886,0.0030030030030030463,-0.07336500339322072,0.6784285714285715,75747.28571428571
Revolution Case,2023-11-29 01:00:00+00:00,0.645,89572,-0.034431137724550975,0.7263230929345104,0.6675714285714286,73355.57142857143
Revolution Case,2023-11-30 01:00:00+00:00,0.657,72811,0.018604651162790642,-0.18712320814540262,0.6662857142857144,71802.71428571429
Revolution Case,2023-12-01 01:00:00+00:00,0.695,68824,0.05783866057838649,-0.05475820961118516,0.6691428571428572,69647.71428571429
Revolution Case,2023-12-02 01:00:00+00:00,0.727,73293,0.04604316546762588,0.06493374404277574,0.6755714285714286,68849.42857142857
Revolution Case,2023-12-03 01:00:00+00:00,0.741,59424,0.01925722145804687,-0.1892268020138349,0.6855714285714285,67400.57142857143
Revolution Case,2023-12-04 01:00:00+00:00,0.768,49271,0.036437246963562764,-0.1708568928379106,0.7001428571428571,66440.14285714286
Revolution Case,2023-12-05 01:00:00+00:00,0.821,54737,0.06901041666666652,0.11093746828763362,0.7220000000000001,66847.42857142857
Revolution Case,2023-12-06 01:00:00+00:00,0.778,87581,-0.05237515225334943,0.6000328845205254,0.741,66563.0
Revolution Case,2023-12-07 01:00:00+00:00,0.739,76629,-0.050128534704370176,-0.12504995375709338,0.7527142857142856,67108.42857142857
Revolution Case,2023-12-08 01:00:00+00:00,0.744,70669,0.006765899864682012,-0.07777734278145354,0.7597142857142857,67372.0
Revolution Case,2023-12-09 01:00:00+00:00,0.747,65589,0.0040322580645162365,-0.0718844189106963,0.7625714285714286,66271.42857142857
Revolution Case,2023-12-10 01:00:00+00:00,0.749,59521,0.0026773761713521083,-0.09251551327204255,0.7637142857142857,66285.28571428571
Revolution Case,2023-12-11 01:00:00+00:00,0.748,45336,-0.001335113484646211,-0.23831924866853715,0.7608571428571429,65723.14285714286
Revolution Case,2023-12-12 01:00:00+00:00,0.752,41854,0.005347593582887722,-0.0768043056290807,0.751,63882.71428571428
Revolution Case,2023-12-13 01:00:00+00:00,0.699,83685,-0.07047872340425543,0.9994504706838057,0.7397142857142857,63326.142857142855
Revolution Case,2023-12-14 01:00:00+00:00,0.699,77199,0.0,-0.07750492919878116,0.734,63407.57142857143
Revolution Case,2023-12-15 01:00:00+00:00,0.702,71758,0.0042918454935623185,-0.07048018756719643,0.728,63563.142857142855
Revolution Case,2023-12-16 01:00:00+00:00,0.71,69900,0.01139601139601143,-0.025892583405334624,0.7227142857142856,64179.0
Revolution Case,2023-12-17 01:00:00+00:00,0.702,60588,-0.011267605633802802,-0.1332188841201717,0.716,64331.42857142857
Revolution Case,2023-12-18 01:00:00+00:00,0.712,46036,0.014245014245014342,-0.24017957351290686,0.7108571428571427,64431.42857142857
Revolution Case,2023-12-19 01:00:00+00:00,0.709,44737,-0.004213483146067398,-0.028217047528021566,0.7047142857142857,64843.28571428572
Revolution Case,2023-12-20 01:00:00+00:00,0.671,91415,-0.05359661495063461,1.043386905693274,0.7007142857142857,65947.57142857143
Revolution Case,2023-12-21 01:00:00+00:00,0.654,77781,-0.0253353204172877,-0.14914401356451346,0.6942857142857143,66030.71428571429
Revolution Case,2023-12-22 01:00:00+00:00,0.645,81831,-0.013761467889908285,0.052069271415898566,0.6861428571428572,67469.71428571429
Revolution Case,2023-12-23 01:00:00+00:00,0.648,76102,0.0046511627906977715,-0.07001014285539708,0.6772857142857144,68355.71428571429
Revolution Case,2023-12-24 01:00:00+00:00,0.645,67970,-0.00462962962962965,-0.10685658721189983,0.6691428571428572,69410.28571428571
Revolution Case,2023-12-25 01:00:00+00:00,0.648,67004,0.0046511627906977715,-0.014212152420185364,0.66,72405.71428571429
Revolution Case,2023-12-26 01:00:00+00:00,0.647,61965,-0.0015432098765432167,-0.07520446540505044,0.6511428571428571,74866.85714285714
Revolution Case,2023-12-27 01:00:00+00:00,0.587,92687,-0.09273570324574965,0.49579601387880246,0.6391428571428571,75048.57142857143
Revolution Case,2023-12-28 01:00:00+00:00,0.553,79928,-0.05792163543441209,-0.1376568450807557,0.6247142857142858,75355.28571428571
Revolution Case,2023-12-29 01:00:00+00:00,0.556,70459,0.005424954792043302,-0.11846912220998895,0.612,73730.71428571429
Revolution Case,2023-12-30 01:00:00+00:00,0.565,70364,0.01618705035971213,-0.0013483018493024579,0.6001428571428572,72911.0
Revolution Case,2023-12-31 01:00:00+00:00,0.594,62134,0.05132743362831871,-0.11696321982832125,0.5928571428571429,72077.28571428571
Revolution Case,2024-01-01 01:00:00+00:00,0.598,56196,0.006734006734006703,-0.0955676441239901,0.5857142857142856,70533.28571428571
Revolution Case,2024-01-02 01:00:00+00:00,0.577,52527,-0.03511705685618738,-0.06528934443732648,0.5757142857142856,69185.0
Revolution Case,2024-01-03 01:00:00+00:00,0.526,96176,-0.0883882149046793,0.8309821615550097,0.567,69683.42857142857
Revolution Case,2024-01-04 01:00:00+00:00,0.501,76078,-0.04752851711026618,-0.2089710530693728,0.5595714285714285,69133.42857142857
Revolution Case,2024-01-05 01:00:00+00:00,0.535,78554,0.06786427145708585,0.03254554536133969,0.5565714285714286,70289.85714285714
Revolution Case,2024-01-06 01:00:00+00:00,0.537,63217,0.0037383177570093906,-0.19524148993049373,0.5525714285714286,69268.85714285714
Revolution Case,2024-01-07 01:00:00+00:00,0.535,60055,-0.003724394785847296,-0.05001819130929974,0.5441428571428572,68971.85714285714
Revolution Case,2024-01-08 01:00:00+00:00,0.539,50660,0.007476635514018781,-0.15643993006410795,0.5357142857142857,68181.0
Revolution Case,2024-01-09 01:00:00+00:00,0.533,46647,-0.011131725417439675,-0.07921437031188316,0.5294285714285715,67341.0
Revolution Case,2024-01-10 01:00:00+00:00,0.499,84844,-0.06378986866791747,0.8188522305828885,0.5255714285714286,65722.14285714286
Revolution Case,2024-01-11 01:00:00+00:00,0.479,70597,-0.04008016032064132,-0.16791994719720904,0.5224285714285715,64939.142857142855
Revolution Case,2024-01-12 01:00:00+00:00,0.496,72345,0.035490605427974886,0.024760258934515722,0.5168571428571429,64052.142857142855
Revolution Case,2024-01-13 01:00:00+00:00,0.498,65446,0.0040322580645162365,-0.09536249913608408,0.5112857142857143,64370.57142857143
Revolution Case,2024-01-14 01:00:00+00:00,0.492,58319,-0.012048192771084376,-0.10889893958377894,0.5051428571428571,64122.57142857143
Revolution Case,2024-01-15 01:00:00+00:00,0.489,48535,-0.0060975609756097615,-0.1677669370188103,0.49799999999999994,63819.0
Revolution Case,2024-01-16 01:00:00+00:00,0.486,45506,-0.006134969325153339,-0.06240857113423304,0.49128571428571427,63656.0
Revolution Case,2024-01-17 01:00:00+00:00,0.437,87043,-0.10082304526748964,0.912780732211137,0.4824285714285714,63970.142857142855
Revolution Case,2024-01-18 01:00:00+00:00,0.407,68727,-0.06864988558352414,-0.21042473260342587,0.4721428571428571,63703.0
Revolution Case,2024-01-19 01:00:00+00:00,0.418,68746,0.027027027027026973,0.00027645612350313264,0.46099999999999997,63188.857142857145
Revolution Case,2024-01-20 01:00:00+00:00,0.399,66301,-0.045454545454545414,-0.035565705641055434,0.4468571428571429,63311.0
Revolution Case,2024-01-21 01:00:00+00:00,0.38,65551,-0.04761904761904767,-0.011312046575466472,0.4308571428571429,64344.142857142855
Revolution Case,2024-01-22 01:00:00+00:00,0.368,52829,-0.03157894736842104,-0.19407789354853477,0.4135714285714286,64957.57142857143
Revolution Case,2024-01-23 01:00:00+00:00,0.355,51117,-0.03532608695652173,-0.032406443430691434,0.39485714285714285,65759.14285714286
Revolution Case,2024-01-24 01:00:00+00:00,0.318,78852,-0.10422535211267603,0.5425787898350842,0.37785714285714284,64589.0
Revolution Case,2024-01-25 01:00:00+00:00,0.299,66652,-0.05974842767295607,-0.15472023537766955,0.36242857142857143,64292.57142857143
Revolution Case,2024-01-26 01:00:00+00:00,0.307,67505,0.026755852842809347,0.012797815519414169,0.3465714285714286,64115.28571428572
Revolution Case,2024-01-27 01:00:00+00:00,0.32,70695,0.04234527687296419,0.04725575883267896,0.3352857142857143,64743.0
Revolution Case,2024-01-28 01:00:00+00:00,0.334,61053,0.043749999999999956,-0.13638871207298964,0.32871428571428574,64100.42857142857
Revolution Case,2024-01-29 01:00:00+00:00,0.325,49218,-0.026946107784431184,-0.1938479681588129,0.32257142857142856,63584.57142857143
Revolution Case,2024-01-30 01:00:00+00:00,0.321,54787,-0.012307692307692353,0.11314966069324228,0.3177142857142857,64108.857142857145
Revolution Case,2024-01-31 01:00:00+00:00,0.3,79984,-0.06542056074766356,0.4599083724241153,0.3151428571428571,64270.57142857143
Revolution Case,2024-02-01 01:00:00+00:00,0.296,75919,-0.013333333333333308,-0.050822664532906625,0.31471428571428567,65594.42857142857
Revolution Case,2024-02-02 01:00:00+00:00,0.302,68344,0.020270270270270396,-0.09977739432816557,0.314,65714.28571428571
Revolution Case,2024-02-03 01:00:00+00:00,0.324,75789,0.07284768211920545,0.10893421514690393,0.31457142857142856,66442.0
Revolution Case,2024-02-04 01:00:00+00:00,0.347,73055,0.07098765432098753,-0.03607383657258967,0.3164285714285714,68156.57142857143
Revolution Case,2024-02-05 01:00:00+00:00,0.364,53421,0.04899135446685876,-0.2687564163986038,0.322,68757.0
Revolution Case,2024-02-06 01:00:00+00:00,0.357,49545,-0.019230769230769273,-0.07255573650811475,0.3271428571428571,68008.14285714286
Revolution Case,2024-02-07 01:00:00+00:00,0.288,148906,-0.19327731092436973,2.0054697749520636,0.32542857142857146,77854.14285714286
Revolution Case,2024-02-08 01:00:00+00:00,0.291,115165,0.01041666666666674,-0.2265926154755349,0.32471428571428573,83460.71428571429
Revolution Case,2024-02-09 01:00:00+00:00,0.343,113498,0.17869415807560163,-0.014474883862284571,0.33057142857142857,89911.28571428571
Revolution Case,2024-02-10 01:00:00+00:00,0.369,101728,0.07580174927113692,-0.10370226788137238,0.337,93616.85714285714
Revolution Case,2024-02-11 01:00:00+00:00,0.377,92582,0.02168021680216814,-0.08990641711229952,0.34128571428571425,96406.42857142857
Revolution Case,2024-02-12 01:00:00+00:00,0.388,79764,0.02917771883289122,-0.1384502387073081,0.34471428571428575,100169.71428571429
Revolution Case,2024-02-13 01:00:00+00:00,0.394,76621,0.015463917525773141,-0.03940374103605637,0.35,104037.71428571429
Revolution Case,2024-02-14 01:00:00+00:00,0.354,119965,-0.10152284263959399,0.5656934782892418,0.35942857142857143,99903.28571428571
Revolution Case,2024-02-15 01:00:00+00:00,0.33,95355,-0.06779661016949146,-0.20514316675697075,0.36500000000000005,97073.28571428571
Revolution Case,2024-02-16 01:00:00+00:00,0.329,91374,-0.00303030303030305,-0.041749252792197544,0.36300000000000004,93912.71428571429
Revolution Case,2024-02-17 01:00:00+00:00,0.333,95940,0.012158054711246313,0.04997045111300813,0.3578571428571428,93085.85714285714
Revolution Case,2024-02-18 01:00:00+00:00,0.332,89085,-0.0030030030030030463,-0.07145090681676047,0.3514285714285715,92586.28571428571
Revolution Case,2024-02-19 01:00:00+00:00,0.343,71263,0.033132530120481896,-0.20005612617163382,0.34500000000000003,91371.85714285714
Revolution Case,2024-02-20 01:00:00+00:00,0.348,77800,0.014577259475218485,0.09173063160405825,0.33842857142857147,91540.28571428571
Revolution Case,2024-02-21 01:00:00+00:00,0.307,115318,-0.11781609195402298,0.4822365038560412,0.33171428571428574,90876.42857142857
Revolution Case,2024-02-22 01:00:00+00:00,0.31,94491,0.009771986970684043,-0.18060493591633575,0.32885714285714285,90753.0
Revolution Case,2024-02-23 01:00:00+00:00,0.319,98687,0.029032258064516148,0.04440634557788581,0.32742857142857146,91797.71428571429
Revolution Case,2024-02-24 01:00:00+00:00,0.333,93009,0.043887147335423204,-0.057535440331553334,0.3274285714285714,91379.0
Revolution Case,2024-02-25 01:00:00+00:00,0.347,80504,0.04204204204204198,-0.1344493543635562,0.32957142857142857,90153.14285714286
Revolution Case,2024-02-26 01:00:00+00:00,0.355,61582,0.023054755043227626,-0.23504422140514758,0.3312857142857143,88770.14285714286
Revolution Case,2024-02-27 01:00:00+00:00,0.372,73651,0.04788732394366191,0.1959825923159364,0.3347142857142857,88177.42857142857
Revolution Case,2024-02-28 01:00:00+00:00,0.344,116828,-0.07526881720430112,0.5862377971785855,0.33999999999999997,88393.14285714286
Revolution Case,2024-02-29 01:00:00+00:00,0.38,113802,0.10465116279069786,-0.025901325024822786,0.35000000000000003,91151.85714285714
Revolution Case,2024-03-01 01:00:00+00:00,0.423,107725,0.11315789473684212,-0.053399764503260005,0.3648571428571428,92443.0
Revolution Case,2024-03-02 01:00:00+00:00,0.477,108502,0.12765957446808507,0.0072128103968438495,0.3854285714285714,94656.28571428571
Revolution Case,2024-03-03 01:00:00+00:00,0.488,86628,0.023060796645702375,-0.20159997050745604,0.4055714285714286,95531.14285714286
Revolution Case,2024-03-04 01:00:00+00:00,0.481,70505,-0.014344262295082011,-0.18611765249111145,0.42357142857142854,96805.85714285714
Revolution Case,2024-03-05 01:00:00+00:00,0.457,73155,-0.04989604989604979,0.03758598680944614,0.43571428571428567,96735.0
Revolution Case,2024-03-06 01:00:00+00:00,0.405,113236,-0.11378555798687084,0.5478914633312828,0.44442857142857145,96221.85714285714
Revolution Case,2024-03-07 01:00:00+00:00,0.406,93034,0.0024691358024691024,-0.17840616058497294,0.44814285714285707,93255.0
Revolution Case,2024-03-08 01:00:00+00:00,0.419,89495,0.03201970443349733,-0.03803985639658625,0.44757142857142856,90650.71428571429
Revolution Case,2024-03-09 01:00:00+00:00,0.425,87577,0.014319809069212486,-0.021431364880719617,0.4401428571428571,87661.42857142857
Revolution Case,2024-03-10 01:00:00+00:00,0.413,74454,-0.028235294117647136,-0.1498452790116126,0.4294285714285714,85922.28571428571
Revolution Case,2024-03-11 01:00:00+00:00,0.404,65110,-0.021791767554479313,-0.12550030891557207,0.4184285714285714,85151.57142857143
Revolution Case,2024-03-12 01:00:00+00:00,0.405,65893,0.0024752475247524774,0.012025802488097037,0.41100000000000003,84114.14285714286
Revolution Case,2024-03-13 01:00:00+00:00,0.378,117346,-0.06666666666666676,0.7808568436707997,0.40714285714285714,84701.28571428571
Revolution Case,2024-03-14 01:00:00+00:00,0.379,121070,0.002645502645502562,0.03173521040342231,0.4032857142857143,88706.42857142857
Revolution Case,2024-03-15 01:00:00+00:00,0.385,105331,0.0158311345646438,-0.12999917403155203,0.39842857142857147,90968.71428571429
Revolution Case,2024-03-16 01:00:00+00:00,0.403,106812,0.04675324675324677,0.014060438047678314,0.3952857142857143,93716.57142857143
Revolution Case,2024-03-17 01:00:00+00:00,0.414,89313,0.027295285359801413,-0.16382990675205034,0.39542857142857146,95839.28571428571
Revolution Case,2024-03-18 01:00:00+00:00,0.414,71402,0.0,-0.20054191439096214,0.39685714285714285,96738.14285714286
Revolution Case,2024-03-19 01:00:00+00:00,0.422,69925,0.019323671497584627,-0.02068569507856921,0.3992857142857143,97314.14285714286
Revolution Case,2024-03-20 01:00:00+00:00,0.402,117215,-0.04739336492890989,0.676296031462281,0.4027142857142857,97295.42857142857
Revolution Case,2024-03-21 01:00:00+00:00,0.401,109391,-0.0024875621890547706,-0.0667491362027044,0.4058571428571428,95627.0
Revolution Case,2024-03-22 01:00:00+00:00,0.432,84252,0.07730673316708225,-0.2298086679891399,0.41257142857142853,92615.71428571429
Revolution Case,2024-03-23 01:00:00+00:00,0.435,87178,0.00694444444444442,0.03472914589564646,0.41714285714285715,89810.85714285714
Revolution Case,2024-03-24 01:00:00+00:00,0.436,77495,0.0022988505747125743,-0.11107160063318722,0.42028571428571426,88122.57142857143
Revolution Case,2024-03-25 01:00:00+00:00,0.443,64675,0.016055045871559592,-0.1654300277437254,0.42442857142857143,87161.57142857143
Revolution Case,2024-03-26 01:00:00+00:00,0.445,67049,0.004514672686230181,0.03670660997294162,0.42771428571428577,86750.71428571429
Revolution Case,2024-03-27 01:00:00+00:00,0.414,117395,-0.06966292134831464,0.7508836820832525,0.4294285714285714,86776.42857142857
Revolution Case,2024-03-28 01:00:00+00:00,0.421,92036,0.01690821256038655,-0.2160143106605903,0.43228571428571433,84297.14285714286
Revolution Case,2024-03-29 01:00:00+00:00,0.433,91830,0.028503562945368266,-0.0022382545960276667,0.43242857142857144,85379.71428571429
Revolution Case,2024-03-30 01:00:00+00:00,0.437,83245,0.009237875288683695,-0.0934879668953501,0.4327142857142857,84817.85714285714
Revolution Case,2024-03-31 01:00:00+00:00,0.438,75491,0.0022883295194509046,-0.09314673553967201,0.433,84531.57142857143
Revolution Case,2024-04-01 01:00:00+00:00,0.437,66317,-0.0022831050228310223,-0.12152442012955189,0.4321428571428571,84766.14285714286
Revolution Case,2024-04-02 01:00:00+00:00,0.42,65575,-0.0389016018306636,-0.01118868465099443,0.42857142857142855,84555.57142857143
Revolution Case,2024-04-03 01:00:00+00:00,0.4,115705,-0.04761904761904756,0.7644681662218833,0.4265714285714286,84314.14285714286
Revolution Case,2024-04-04 01:00:00+00:00,0.407,93502,0.01749999999999985,-0.19189317661293803,0.42457142857142854,84523.57142857143
Revolution Case,2024-04-05 01:00:00+00:00,0.42,84235,0.03194103194103204,-0.09911017946140188,0.4227142857142857,83438.57142857143
Revolution Case,2024-04-06 01:00:00+00:00,0.421,84284,0.0023809523809523725,0.0005817059417105863,0.42042857142857143,83587.0
Revolution Case,2024-04-07 01:00:00+00:00,0.417,81275,-0.009501187648456089,-0.035700726116463355,0.41742857142857137,84413.28571428571
Revolution Case,2024-04-08 01:00:00+00:00,0.411,65877,-0.014388489208633115,-0.18945555213780374,0.4137142857142857,84350.42857142857
Revolution Case,2024-04-09 01:00:00+00:00,0.399,69005,-0.029197080291970656,0.047482429375958146,0.4107142857142857,84840.42857142857
Revolution Case,2024-04-10 01:00:00+00:00,0.373,102854,-0.06516290726817053,0.49052967176291573,0.40685714285714286,83004.57142857143
Revolution Case,2024-04-11 01:00:00+00:00,0.378,83442,0.013404825737265424,-0.18873354463608605,0.4027142857142857,81567.42857142857
Revolution Case,2024-04-12 01:00:00+00:00,0.384,82573,0.015873015873015817,-0.010414419596845748,0.3975714285714286,81330.0
Revolution Case,2024-04-13 01:00:00+00:00,0.393,85628,0.0234375,0.03699756579027036,0.39357142857142857,81522.0
Revolution Case,2024-04-14 01:00:00+00:00,0.399,79795,0.01526717557251911,-0.06812024104264958,0.391,81310.57142857143
Revolution Case,2024-04-15 01:00:00+00:00,0.407,72745,0.020050125313282985,-0.08835140046368817,0.39042857142857146,82291.71428571429
Revolution Case,2024-04-16 01:00:00+00:00,0.402,62613,-0.012285012285012109,-0.13928105024400306,0.3908571428571429,81378.57142857143
Revolution Case,2024-04-17 01:00:00+00:00,0.376,104861,-0.06467661691542292,0.6747480555156278,0.3912857142857143,81665.28571428571
Revolution Case,2024-04-18 01:00:00+00:00,0.378,87119,0.005319148936170137,-0.1691954110679852,0.3912857142857143,82190.57142857143
Revolution Case,2024-04-19 01:00:00+00:00,0.385,84546,0.0185185185185186,-0.029534315132175526,0.39142857142857146,82472.42857142857
Revolution Case,2024-04-20 01:00:00+00:00,0.388,85564,0.007792207792207906,0.012040782532585892,0.39071428571428574,82463.28571428571
Revolution Case,2024-04-21 01:00:00+00:00,0.383,79352,-0.012886597938144395,-0.07260062643167686,0.38842857142857146,82400.0
Revolution Case,2024-04-22 01:00:00+00:00,0.378,63500,-0.013054830287206332,-0.1997681217864704,0.38428571428571434,81079.28571428571
Revolution Case,2024-04-23 01:00:00+00:00,0.377,67847,-0.002645502645502673,0.06845669291338585,0.3807142857142857,81827.0
Revolution Case,2024-04-24 01:00:00+00:00,0.365,114403,-0.03183023872679047,0.686190988547762,0.3791428571428571,83190.14285714286
Revolution Case,2024-04-25 01:00:00+00:00,0.364,95511,-0.002739726027397249,-0.16513552966268363,0.37714285714285717,84389.0
Revolution Case,2024-04-26 01:00:00+00:00,0.341,110863,-0.06318681318681307,0.16073541267497982,0.37085714285714283,88148.57142857143
Revolution Case,2024-04-27 01:00:00+00:00,0.341,96024,0.0,-0.1338498867972182,0.36414285714285716,89642.85714285714
Revolution Case,2024-04-28 01:00:00+00:00,0.353,90916,0.035190615835777095,-0.05319503457468966,0.3598571428571429,91294.85714285714
Revolution Case,2024-04-29 01:00:00+00:00,0.353,70805,0.0,-0.22120418848167545,0.35628571428571426,92338.42857142857
Revolution Case,2024-04-30 01:00:00+00:00,0.355,76902,0.0056657223796034994,0.08610973801285216,0.35314285714285715,93632.0
Revolution Case,2024-05-01 01:00:00+00:00,0.328,122824,-0.07605633802816891,0.5971496189956047,0.34785714285714286,94835.0
Revolution Case,2024-05-02 01:00:00+00:00,0.336,93871,0.024390243902439046,-0.23572754510519112,0.34385714285714286,94600.71428571429
Revolution Case,2024-05-03 01:00:00+00:00,0.346,85335,0.029761904761904656,-0.0909333020847759,0.3445714285714286,90953.85714285714
Revolution Case,2024-05-04 01:00:00+00:00,0.345,81735,-0.0028901734104046506,-0.04218667604148352,0.34514285714285714,88912.57142857143
Revolution Case,2024-05-05 01:00:00+00:00,0.349,84013,0.011594202898550732,0.02787055728879917,0.3445714285714286,87926.42857142857
Revolution Case,2024-05-06 01:00:00+00:00,0.35,73006,0.002865329512893977,-0.1310154380869627,0.34414285714285714,88240.85714285714
Revolution Case,2024-05-07 01:00:00+00:00,0.345,72445,-0.014285714285714346,-0.007684299920554527,0.3427142857142857,87604.14285714286
Revolution Case,2024-05-08 01:00:00+00:00,0.33,114820,-0.04347826086956508,0.5849264959624543,0.343,86460.71428571429
Revolution Case,2024-05-09 01:00:00+00:00,0.334,98744,0.0121212121212122,-0.14001045114091626,0.3427142857142857,87156.85714285714
Revolution Case,2024-05-10 01:00:00+00:00,0.34,82808,0.017964071856287456,-0.1613870209835534,0.3418571428571428,86795.85714285714
Revolution Case,2024-05-11 01:00:00+00:00,0.352,86410,0.0352941176470587,0.0434982127330692,0.34285714285714286,87463.71428571429
Revolution Case,2024-05-12 01:00:00+00:00,0.359,79897,0.019886363636363757,-0.07537322069204955,0.3442857142857143,86875.71428571429
Revolution Case,2024-05-13 01:00:00+00:00,0.365,69618,0.01671309192200554,-0.1286531409189331,0.3464285714285715,86391.71428571429
Revolution Case,2024-05-14 01:00:00+00:00,0.37,78441,0.013698630136986356,0.12673446522451082,0.35,87248.28571428571
Revolution Case,2024-05-15 01:00:00+00:00,0.348,105983,-0.05945945945945952,0.35111740033910843,0.3525714285714286,85985.85714285714
Revolution Case,2024-05-16 01:00:00+00:00,0.343,88921,-0.014367816091953922,-0.16098808299444245,0.3538571428571429,84582.57142857143
Revolution Case,2024-05-17 01:00:00+00:00,0.341,88849,-0.005830903790087438,-0.0008097074931681103,0.354,85445.57142857143
Revolution Case,2024-05-18 01:00:00+00:00,0.331,83160,-0.029325513196480912,-0.06402998345507549,0.351,84981.28571428571
Revolution Case,2024-05-19 01:00:00+00:00,0.318,79749,-0.0392749244712991,-0.04101731601731606,0.34514285714285714,84960.14285714286
Revolution Case,2024-05-20 01:00:00+00:00,0.291,86290,-0.08490566037735858,0.08201983723933837,0.3345714285714285,87341.85714285714
Revolution Case,2024-05-21 01:00:00+00:00,0.25,116952,-0.14089347079037795,0.3553366554641326,0.31742857142857145,92843.42857142857
Revolution Case,2024-05-22 01:00:00+00:00,0.213,106732,-0.14800000000000002,-0.08738627813119915,0.29814285714285715,92950.42857142857
Revolution Case,2024-05-23 01:00:00+00:00,0.224,95649,0.05164319248826299,-0.10383952329198365,0.2811428571428572,93911.57142857143
Revolution Case,2024-05-24 01:00:00+00:00,0.257,122852,0.1473214285714286,0.28440443705632057,0.26914285714285713,98769.14285714286
Revolution Case,2024-05-25 01:00:00+00:00,0.292,107027,0.13618677042801552,-0.12881353172923515,0.26357142857142857,102178.71428571429
Revolution Case,2024-05-26 01:00:00+00:00,0.294,90181,0.006849315068493178,-0.1573995346968522,0.2601428571428571,103669.0
Revolution Case,2024-05-27 01:00:00+00:00,0.267,85724,-0.09183673469387743,-0.049422827424845606,0.25671428571428573,103588.14285714286
Revolution Case,2024-05-28 01:00:00+00:00,0.254,75811,-0.048689138576779034,-0.11563856096309089,0.2572857142857143,97710.85714285714
Revolution Case,2024-05-29 01:00:00+00:00,0.24,108062,-0.055118110236220486,0.4254131986123386,0.2611428571428571,97900.85714285714
Revolution Case,2024-05-30 01:00:00+00:00,0.297,127508,0.23750000000000004,0.1799522496344692,0.2715714285714285,102452.14285714286
Revolution Case,2024-05-31 01:00:00+00:00,0.31,92650,0.043771043771043905,-0.2733789252439063,0.27914285714285714,98137.57142857143
Revolution Case,2024-06-01 01:00:00+00:00,0.33,94464,0.06451612903225823,0.019579060982191088,0.2845714285714286,96342.85714285714
Revolution Case,2024-06-02 01:00:00+00:00,0.335,78098,0.015151515151515138,-0.17325118563685638,0.2904285714285714,94616.71428571429
Revolution Case,2024-06-03 01:00:00+00:00,0.352,75620,0.05074626865671639,-0.031729365668775156,0.30257142857142855,93173.28571428571
Revolution Case,2024-06-04 01:00:00+00:00,0.356,81460,0.011363636363636465,0.07722824649563598,0.31714285714285717,93980.28571428571
Revolution Case,2024-06-05 01:00:00+00:00,0.332,109955,-0.0674157303370786,0.3498035845813896,0.33028571428571435,94250.71428571429
Revolution Case,2024-06-06 01:00:00+00:00,0.323,92211,-0.027108433734939763,-0.16137510799872679,0.334,89208.28571428571
Revolution Case,2024-06-07 01:00:00+00:00,0.334,89431,0.034055727554179516,-0.030148246955352453,0.33742857142857147,88748.42857142857
Revolution Case,2024-06-08 01:00:00+00:00,0.319,91113,-0.04491017964071864,0.018807795954423057,0.33585714285714285,88269.71428571429
Revolution Case,2024-06-09 01:00:00+00:00,0.321,83906,0.006269592476489061,-0.07909957964286107,0.3338571428571428,89099.42857142857
Revolution Case,2024-06-10 01:00:00+00:00,0.323,72396,0.006230529595015577,-0.1371773174743165,0.3297142857142857,88638.85714285714
Revolution Case,2024-06-11 01:00:00+00:00,0.319,69159,-0.012383900928792602,-0.04471241505055523,0.3244285714285714,86881.57142857143
Revolution Case,2024-06-12 01:00:00+00:00,0.299,99408,-0.06269592476489039,0.4373834208129095,0.31971428571428573,85374.85714285714
Revolution Case,2024-06-13 01:00:00+00:00,0.293,84699,-0.02006688963210701,-0.14796595847416705,0.31542857142857145,84301.71428571429
Revolution Case,2024-06-14 01:00:00+00:00,0.302,84543,0.030716723549488067,-0.001841816314242184,0.3108571428571429,83603.42857142857
Revolution Case,2024-06-15 01:00:00+00:00,0.311,82848,0.0298013245033113,-0.020048969163620867,0.3097142857142857,82422.71428571429
Revolution Case,2024-06-16 01:00:00+00:00,0.313,76093,0.006430868167202508,-0.08153485901892621,0.30857142857142855,81306.57142857143
Revolution Case,2024-06-17 01:00:00+00:00,0.313,71272,0.0,-0.06335668195497612,0.3071428571428571,81146.0
Revolution Case,2024-06-18 01:00:00+00:00,0.313,75424,0.0,0.05825569648669893,0.30628571428571433,82041.0
Revolution Case,2024-06-19 01:00:00+00:00,0.302,112083,-0.03514376996805113,0.4860389266016123,0.3067142857142858,83851.71428571429
Revolution Case,2024-06-20 01:00:00+00:00,0.297,88928,-0.01655629139072845,-0.20658797498282522,0.3072857142857143,84455.85714285714
Revolution Case,2024-06-21 01:00:00+00:00,0.302,79796,0.01683501683501687,-0.10268981648074849,0.3072857142857143,83777.71428571429
Revolution Case,2024-06-22 01:00:00+00:00,0.301,73507,-0.0033112582781457123,-0.07881347435961705,0.3058571428571429,82443.28571428571
Revolution Case,2024-06-23 01:00:00+00:00,0.304,74800,0.009966777408637828,0.017590161481219502,0.30457142857142855,82258.57142857143
Revolution Case,2024-06-24 01:00:00+00:00,0.304,68505,0.0,-0.08415775401069514,0.30328571428571427,81863.28571428571
Revolution Case,2024-06-25 01:00:00+00:00,0.309,62772,0.016447368421052655,-0.0836873220932779,0.30271428571428566,80055.85714285714
Revolution Case,2024-06-26 01:00:00+00:00,0.294,104091,-0.04854368932038844,0.6582393423819537,0.30157142857142855,78914.14285714286
Revolution Case,2024-06-27 01:00:00+00:00,0.292,101194,-0.006802721088435382,-0.027831416741120774,0.3008571428571428,80666.42857142857
Revolution Case,2024-06-28 01:00:00+00:00,0.289,107415,-0.010273972602739767,0.061475976836571355,0.299,84612.0
Revolution Case,2024-06-29 01:00:00+00:00,0.295,96411,0.02076124567474058,-0.10244379276637339,0.2981428571428571,87884.0
Revolution Case,2024-06-30 01:00:00+00:00,0.292,82572,-0.01016949152542379,-0.14354171204530608,0.2964285714285714,88994.28571428571
Revolution Case,2024-07-01 01:00:00+00:00,0.293,72980,0.003424657534246478,-0.11616528605338372,0.2948571428571429,89633.57142857143
Revolution Case,2024-07-02 01:00:00+00:00,0.293,72599,0.0,-0.005220608385859138,0.2925714285714286,91037.42857142857
Revolution Case,2024-07-03 01:00:00+00:00,0.283,113453,-0.03412969283276457,0.5627350238984008,0.291,92374.85714285714
Revolution Case,2024-07-04 01:00:00+00:00,0.283,90590,0.0,-0.20151957198134907,0.2897142857142857,90860.0
Revolution Case,2024-07-05 01:00:00+00:00,0.291,81059,0.028268551236749095,-0.10521028811127053,0.29,87094.85714285714
Revolution Case,2024-07-06 01:00:00+00:00,0.293,77642,0.0068728522336769515,-0.042154480070072387,0.2897142857142857,84413.57142857143
Revolution Case,2024-07-07 01:00:00+00:00,0.291,75290,-0.0068259385665528916,-0.030292882718116476,0.28957142857142854,83373.28571428571
Revolution Case,2024-07-08 01:00:00+00:00,0.289,65465,-0.0068728522336769515,-0.13049541771815643,0.289,82299.71428571429
Revolution Case,2024-07-09 01:00:00+00:00,0.292,65886,0.01038062283737018,0.006430917284044879,0.2888571428571428,81340.71428571429
Revolution Case,2024-07-10 01:00:00+00:00,0.275,104845,-0.05821917808219168,0.5913092310961356,0.28771428571428576,80111.0
Revolution Case,2024-07-11 01:00:00+00:00,0.271,89127,-0.014545454545454528,-0.14991654346893035,0.286,79902.0
Revolution Case,2024-07-12 01:00:00+00:00,0.282,71253,0.040590405904058935,-0.2005452893062708,0.2847142857142857,78501.14285714286
Revolution Case,2024-07-13 01:00:00+00:00,0.287,80426,0.01773049645390068,0.12873843908326665,0.28385714285714286,78898.85714285714
Revolution Case,2024-07-14 01:00:00+00:00,0.289,70450,0.006968641114982521,-0.12403948971725565,0.2835714285714286,78207.42857142857
Revolution Case,2024-07-15 01:00:00+00:00,0.295,60567,0.02076124567474058,-0.14028388928317959,0.2844285714285714,77507.71428571429
Revolution Case,2024-07-16 01:00:00+00:00,0.292,60788,-0.01016949152542379,0.0036488516849109143,0.2844285714285714,76779.42857142857
Revolution Case,2024-07-17 01:00:00+00:00,0.281,95076,-0.037671232876712146,0.5640586957952227,0.28528571428571425,75383.85714285714
Revolution Case,2024-07-18 01:00:00+00:00,0.281,74833,0.0,-0.21291387942277762,0.28671428571428575,73341.85714285714
Revolution Case,2024-07-19 01:00:00+00:00,0.288,75851,0.02491103202846956,0.013603624069594922,0.28757142857142853,73998.71428571429
Revolution Case,2024-07-20 01:00:00+00:00,0.289,75286,0.003472222222222321,-0.007448814122424263,0.28785714285714287,73264.42857142857
Revolution Case,2024-07-21 01:00:00+00:00,0.291,75037,0.006920415224913601,-0.0033073878277501967,0.28814285714285715,73919.71428571429
Revolution Case,2024-07-22 01:00:00+00:00,0.291,65630,0.0,-0.12536482002212246,0.28757142857142853,74643.0
Revolution Case,2024-07-23 01:00:00+00:00,0.288,55728,-0.010309278350515427,-0.1508761237239068,0.287,73920.14285714286
Revolution Case,2024-07-24 01:00:00+00:00,0.271,93086,-0.05902777777777768,0.6703631926500144,0.2855714285714286,73635.85714285714
Revolution Case,2024-07-25 01:00:00+00:00,0.274,80876,0.011070110701107083,-0.13116902649163142,0.2845714285714286,74499.14285714286
Revolution Case,2024-07-26 01:00:00+00:00,0.281,75561,0.025547445255474477,-0.06571788911419951,0.2835714285714286,74457.71428571429
Revolution Case,2024-07-27 01:00:00+00:00,0.286,84566,0.017793594306049654,0.11917523590211876,0.28314285714285714,75783.42857142857
Revolution Case,2024-07-28 01:00:00+00:00,0.286,75299,0.0,-0.10958304756048531,0.2824285714285714,75820.85714285714
Revolution Case,2024-07-29 01:00:00+00:00,0.289,70900,0.010489510489510412,-0.058420430550206515,0.28214285714285714,76573.71428571429
Revolution Case,2024-07-30 01:00:00+00:00,0.286,71137,-0.01038062283737029,0.0033427362482369993,0.28185714285714286,78775.0
Revolution Case,2024-07-31 01:00:00+00:00,0.277,101681,-0.03146853146853135,0.42936868296385855,0.28271428571428575,80002.85714285714
Revolution Case,2024-08-01 01:00:00+00:00,0.285,93609,0.028880866425992524,-0.07938552925325282,0.2842857142857143,81821.85714285714
Revolution Case,2024-08-02 01:00:00+00:00,0.291,91932,0.021052631578947434,-0.017914944075890116,0.2857142857142857,84160.57142857143
Revolution Case,2024-08-03 01:00:00+00:00,0.299,88411,0.027491408934708028,-0.038300047861462794,0.28757142857142853,84709.85714285714
Revolution Case,2024-08-04 01:00:00+00:00,0.302,92865,0.010033444816053505,0.05037834658583207,0.28985714285714287,87219.28571428571
Revolution Case,2024-08-05 01:00:00+00:00,0.305,67207,0.009933774834437026,-0.2762935443923976,0.29214285714285715,86691.71428571429
Revolution Case,2024-08-06 01:00:00+00:00,0.308,74886,0.009836065573770592,0.11425893136131648,0.29528571428571426,87227.28571428571
Revolution Case,2024-08-07 01:00:00+00:00,0.293,98247,-0.04870129870129869,0.31195417033891526,0.29757142857142854,86736.71428571429
Revolution Case,2024-08-08 01:00:00+00:00,0.29,84269,-0.010238907849829393,-0.1422740643480208,0.2982857142857143,85402.42857142857
Revolution Case,2024-08-09 01:00:00+00:00,0.296,89244,0.020689655172413834,0.05903713109209785,0.299,85018.42857142857
Revolution Case,2024-08-10 01:00:00+00:00,0.293,75100,-0.010135135135135198,-0.15848684505400923,0.2981428571428571,83116.85714285714
Revolution Case,2024-08-11 01:00:00+00:00,0.294,75508,0.0034129692832765013,0.005432756324900145,0.297,80637.28571428571
Revolution Case,2024-08-12 01:00:00+00:00,0.3,69756,0.020408163265306145,-0.07617735869046993,0.29628571428571426,81001.42857142857
Revolution Case,2024-08-13 01:00:00+00:00,0.295,77857,-0.01666666666666672,0.11613337920752342,0.29442857142857143,81425.85714285714
Revolution Case,2024-08-14 01:00:00+00:00,0.285,110768,-0.03389830508474578,0.42271086735938956,0.29328571428571426,83214.57142857143
Revolution Case,2024-08-15 01:00:00+00:00,0.287,93212,0.007017543859649145,-0.15849342770475228,0.2928571428571428,84492.14285714286
Revolution Case,2024-08-16 01:00:00+00:00,0.292,85208,0.017421602787456525,-0.08586877226108225,0.29228571428571426,83915.57142857143
Revolution Case,2024-08-17 01:00:00+00:00,0.295,87737,0.010273972602739656,0.029680311707820817,0.29257142857142854,85720.85714285714
Revolution Case,2024-08-18 01:00:00+00:00,0.296,82996,0.003389830508474523,-0.054036495435221155,0.2928571428571428,86790.57142857143
Revolution Case,2024-08-19 01:00:00+00:00,0.292,83448,-0.013513513513513487,0.005446045592558679,0.2917142857142857,88746.57142857143
Revolution Case,2024-08-20 01:00:00+00:00,0.29,81562,-0.006849315068493178,-0.022600901160003795,0.291,89275.85714285714
Revolution Case,2024-08-21 01:00:00+00:00,0.283,123243,-0.024137931034482807,0.5110345504033742,0.29071428571428565,91058.0
Revolution Case,2024-08-22 01:00:00+00:00,0.279,87948,-0.014134275618374326,-0.2863854336554612,0.28957142857142854,90306.0
Revolution Case,2024-08-23 01:00:00+00:00,0.284,90299,0.017921146953404854,0.02673170509846723,0.2884285714285714,91033.28571428571
Revolution Case,2024-08-24 01:00:00+00:00,0.291,82205,0.02464788732394374,-0.08963554413670138,0.2878571428571428,90243.0
Revolution Case,2024-08-25 01:00:00+00:00,0.291,82479,0.0,0.0033331305881636464,0.2871428571428571,90169.14285714286
Revolution Case,2024-08-26 01:00:00+00:00,0.294,67312,0.010309278350515427,-0.18388923241067423,0.2874285714285714,87864.0
Revolution Case,2024-08-27 01:00:00+00:00,0.296,66450,0.006802721088435382,-0.012806037556453487,0.28828571428571426,85705.14285714286
Revolution Case,2024-08-28 01:00:00+00:00,0.281,98034,-0.05067567567567555,0.47530474040632065,0.288,82103.85714285714
Revolution Case,2024-08-29 01:00:00+00:00,0.285,83526,0.01423487544483959,-0.14798947303996568,0.2888571428571428,81472.14285714286
Revolution Case,2024-08-30 01:00:00+00:00,0.295,83749,0.03508771929824572,0.002669827359145671,0.2904285714285714,80536.42857142857
Revolution Case,2024-08-31 01:00:00+00:00,0.298,80920,0.01016949152542379,-0.033779507815018706,0.2914285714285714,80352.85714285714
Revolution Case,2024-09-01 01:00:00+00:00,0.299,78028,0.003355704697986628,-0.035739001482946064,0.2925714285714286,79717.0
Revolution Case,2024-09-02 01:00:00+00:00,0.308,65733,0.030100334448160515,-0.1575716409494028,0.29457142857142854,79491.42857142857
Revolution Case,2024-09-03 01:00:00+00:00,0.313,78472,0.016233766233766156,0.1937991571965374,0.29700000000000004,81208.85714285714
Revolution Case,2024-09-04 01:00:00+00:00,0.288,92938,-0.07987220447284349,0.18434600876745844,0.298,80480.85714285714
Revolution Case,2024-09-05 01:00:00+00:00,0.296,84802,0.0277777777777779,-0.08754223245604598,0.29957142857142854,80663.14285714286
Revolution Case,2024-09-06 01:00:00+00:00,0.301,78450,0.016891891891891886,-0.07490389377609019,0.30042857142857143,79906.14285714286
Revolution Case,2024-09-07 01:00:00+00:00,0.308,86565,0.023255813953488413,0.10344168260038233,0.3018571428571429,80712.57142857143
Revolution Case,2024-09-08 01:00:00+00:00,0.313,81531,0.016233766233766156,-0.05815283313117314,0.3038571428571429,81213.0
Revolution Case,2024-09-09 01:00:00+00:00,0.319,65744,0.019169329073482455,-0.19363187008622484,0.30542857142857144,81214.57142857143
Revolution Case,2024-09-10 01:00:00+00:00,0.313,59096,-0.018808777429467072,-0.10111949379411045,0.30542857142857144,78446.57142857143
Revolution Case,2024-09-11 01:00:00+00:00,0.298,104674,-0.04792332268370614,0.7712535535400027,0.3068571428571429,80123.14285714286
Revolution Case,2024-09-12 01:00:00+00:00,0.303,89224,0.016778523489932917,-0.14760112348816323,0.30785714285714283,80754.85714285714
Revolution Case,2024-09-13 01:00:00+00:00,0.314,90874,0.03630363036303641,0.018492782211064318,0.3097142857142857,82529.71428571429
Revolution Case,2024-09-14 01:00:00+00:00,0.325,96280,0.035031847133758065,0.05948896273961757,0.31214285714285717,83917.57142857143
Revolution Case,2024-09-15 01:00:00+00:00,0.335,84881,0.030769230769230882,-0.11839426672206066,0.3152857142857143,84396.14285714286
Revolution Case,2024-09-16 01:00:00+00:00,0.341,64317,0.017910447761193993,-0.2422685877876085,0.31842857142857145,84192.28571428571
Revolution Case,2024-09-17 01:00:00+00:00,0.347,69671,0.017595307917888325,0.0832439323973444,0.3232857142857143,85703.0
Revolution Case,2024-09-18 01:00:00+00:00,0.333,105940,-0.040345821325648346,0.5205752752221153,0.3282857142857143,85883.85714285714
Revolution Case,2024-09-19 01:00:00+00:00,0.334,86436,0.0030030030030030463,-0.1841042099301491,0.33271428571428574,85485.57142857143
Revolution Case,2024-09-20 01:00:00+00:00,0.339,92259,0.014970059880239583,0.06736776343190343,0.3362857142857143,85683.42857142857
Revolution Case,2024-09-21 01:00:00+00:00,0.334,84212,-0.014749262536873142,-0.08722184285543955,0.33757142857142863,83959.42857142857
Revolution Case,2024-09-22 01:00:00+00:00,0.338,76286,0.011976047904191711,-0.0941196029069491,0.3380000000000001,82731.57142857143
Revolution Case,2024-09-23 01:00:00+00:00,0.348,72471,0.029585798816567976,-0.05000917599559551,0.339,83896.42857142857
Revolution Case,2024-09-24 01:00:00+00:00,0.352,65868,0.011494252873563315,-0.0911123069917622,0.33971428571428575,83353.14285714286
Revolution Case,2024-09-25 01:00:00+00:00,0.343,102603,-0.025568181818181657,0.5577063217343778,0.34114285714285714,82876.42857142857
Revolution Case,2024-09-26 01:00:00+00:00,0.351,87725,0.023323615160349753,-0.14500550666159862,0.3435714285714285,83060.57142857143
Revolution Case,2024-09-27 01:00:00+00:00,0.359,81093,0.02279202279202286,-0.07559988600740952,0.3464285714285714,81465.42857142857
Revolution Case,2024-09-28 01:00:00+00:00,0.371,91750,0.03342618384401108,0.13141701503212366,0.3517142857142857,82542.28571428571
Revolution Case,2024-09-29 01:00:00+00:00,0.388,82091,0.04582210242587603,-0.10527520435967297,0.3588571428571428,83371.57142857143
Revolution Case,2024-09-30 01:00:00+00:00,0.4,69051,0.030927835051546504,-0.15884810758792067,0.36628571428571427,82883.0
Revolution Case,2024-10-01 01:00:00+00:00,0.412,73126,0.029999999999999805,0.05901435171105418,0.3748571428571429,83919.85714285714
Revolution Case,2024-10-02 01:00:00+00:00,0.395,108273,-0.04126213592232997,0.4806361622405164,0.3822857142857143,84729.85714285714
Revolution Case,2024-10-03 01:00:00+00:00,0.313,148785,-0.20759493670886076,0.37416530436951034,0.37685714285714284,93452.71428571429
Revolution Case,2024-10-04 01:00:00+00:00,0.323,94732,0.03194888178913735,-0.36329603118593945,0.3717142857142858,95401.14285714286
Revolution Case,2024-10-05 01:00:00+00:00,0.35,86761,0.0835913312693497,-0.08414263395684674,0.3687142857142857,94688.42857142857
Revolution Case,2024-10-06 01:00:00+00:00,0.373,77368,0.06571428571428584,-0.10826292919629787,0.3665714285714286,94013.71428571429
Revolution Case,2024-10-07 01:00:00+00:00,0.393,66517,0.0536193029490617,-0.14025178368317648,0.36557142857142855,93651.71428571429
Revolution Case,2024-10-08 01:00:00+00:00,0.397,58786,0.010178117048346147,-0.11622592720657876,0.36342857142857143,91603.14285714286
Revolution Case,2024-10-09 01:00:00+00:00,0.362,102652,-0.08816120906801017,0.7461980743714489,0.3587142857142857,90800.14285714286
Revolution Case,2024-10-10 01:00:00+00:00,0.365,92313,0.008287292817679592,-0.10071893387367026,0.36614285714285716,82732.71428571429
Revolution Case,2024-10-11 01:00:00+00:00,0.375,90464,0.027397260273972712,-0.02002968162663976,0.3735714285714286,82123.0
Revolution Case,2024-10-12 01:00:00+00:00,0.373,83270,-0.005333333333333301,-0.079523346303502,0.37685714285714284,81624.28571428571
Revolution Case,2024-10-13 01:00:00+00:00,0.374,74568,0.002680965147453085,-0.10450342260117684,0.37699999999999995,81224.28571428571
Revolution Case,2024-10-14 01:00:00+00:00,0.387,66085,0.03475935828877019,-0.11376193541465507,0.37614285714285717,81162.57142857143
Revolution Case,2024-10-15 01:00:00+00:00,0.398,58804,0.028423772609819098,-0.11017628811379288,0.3762857142857143,81165.14285714286
Revolution Case,2024-10-16 01:00:00+00:00,0.37,98086,-0.07035175879396993,0.6680157812393714,0.3774285714285715,80512.85714285714
Revolution Case,2024-10-17 01:00:00+00:00,0.371,91033,0.002702702702702675,-0.07190628632016804,0.3782857142857143,80330.0
Revolution Case,2024-10-18 01:00:00+00:00,0.389,85556,0.04851752021563338,-0.060164995111662845,0.3802857142857143,79628.85714285714
Revolution Case,2024-10-19 01:00:00+00:00,0.399,81824,0.02570694087403602,-0.043620552620505904,0.38399999999999995,79422.28571428571
Revolution Case,2024-10-20 01:00:00+00:00,0.403,73680,0.010025062656641603,-0.09953070003910836,0.3881428571428572,79295.42857142857
Revolution Case,2024-10-21 01:00:00+00:00,0.416,64416,0.032258064516129004,-0.12573289902280127,0.3922857142857143,79057.0
Revolution Case,2024-10-22 01:00:00+00:00,0.428,62609,0.028846153846153966,-0.028052036761053167,0.3965714285714285,79600.57142857143
Revolution Case,2024-10-23 01:00:00+00:00,0.402,99721,-0.06074766355140182,0.5927582296474947,0.40114285714285713,79834.14285714286
Revolution Case,2024-10-24 01:00:00+00:00,0.407,89616,0.012437810945273409,-0.10133271828401236,0.40628571428571425,79631.71428571429
Revolution Case,2024-10-25 01:00:00+00:00,0.426,86067,0.04668304668304679,-0.03960230316015001,0.4115714285714286,79704.71428571429
Revolution Case,2024-10-26 01:00:00+00:00,0.438,83057,0.028169014084507005,-0.03497275378484199,0.41714285714285715,79880.85714285714
Revolution Case,2024-10-27 01:00:00+00:00,0.445,79226,0.015981735159817267,-0.04612495033531194,0.42314285714285715,80673.14285714286
Revolution Case,2024-10-28 01:00:00+00:00,0.462,68858,0.038202247191011285,-0.13086612980587176,0.4297142857142857,81307.71428571429
Revolution Case,2024-10-29 01:00:00+00:00,0.469,65276,0.015151515151515138,-0.05202009933486307,0.4355714285714286,81688.71428571429
Revolution Case,2024-10-30 01:00:00+00:00,0.471,111019,0.004264392324093924,0.7007629143942644,0.4454285714285714,83302.71428571429
Revolution Case,2024-10-31 01:00:00+00:00,0.473,87720,0.00424628450106157,-0.20986497806681736,0.4548571428571429,83031.85714285714
Revolution Case,2024-11-01 01:00:00+00:00,0.485,82670,0.025369978858351017,-0.05756953944368448,0.46328571428571425,82546.57142857143
Revolution Case,2024-11-02 01:00:00+00:00,0.497,81488,0.024742268041237025,-0.014297810572154401,0.4717142857142857,82322.42857142857
Revolution Case,2024-11-03 01:00:00+00:00,0.505,73033,0.016096579476861272,-0.10375760848223048,0.4802857142857143,81437.71428571429
Revolution Case,2024-11-04 01:00:00+00:00,0.508,57702,0.005940594059405946,-0.20991880382840633,0.48685714285714293,79844.0
Revolution Case,2024-11-05 01:00:00+00:00,0.516,53941,0.015748031496062964,-0.06517971647429899,0.4935714285714286,78224.71428571429
Revolution Case,2024-11-06 01:00:00+00:00,0.478,89475,-0.0736434108527132,0.658756789825921,0.4945714285714286,75147.0
Revolution Case,2024-11-07 01:00:00+00:00,0.469,79352,-0.01882845188284521,-0.11313774797429454,0.49399999999999994,73951.57142857143
Revolution Case,2024-11-08 01:00:00+00:00,0.468,73984,-0.00213219616204674,-0.06764794838189336,0.49157142857142855,72710.71428571429
Revolution Case,2024-11-09 01:00:00+00:00,0.479,75083,0.02350427350427342,0.014854563148788857,0.489,71795.71428571429
Revolution Case,2024-11-10 01:00:00+00:00,0.48,66974,0.0020876826722338038,-0.10800047946938718,0.48542857142857143,70930.14285714286
Revolution Case,2024-11-11 01:00:00+00:00,0.489,55740,0.018750000000000044,-0.16773673365783737,0.48271428571428565,70649.85714285714
Revolution Case,2024-11-12 01:00:00+00:00,0.493,53475,0.008179959100204526,-0.040635091496232456,0.4794285714285714,70583.28571428571
Revolution Case,2024-11-13 01:00:00+00:00,0.472,92455,-0.04259634888438135,0.7289387564282375,0.4785714285714286,71009.0
Revolution Case,2024-11-14 01:00:00+00:00,0.462,83350,-0.021186440677966045,-0.09848034178789677,0.4775714285714286,71580.14285714286
Revolution Case,2024-11-15 01:00:00+00:00,0.466,75925,0.008658008658008587,-0.08908218356328734,0.4772857142857143,71857.42857142857
Revolution Case,2024-11-16 01:00:00+00:00,0.466,75374,0.0,-0.007257161672703294,0.4754285714285715,71899.0
Revolution Case,2024-11-17 01:00:00+00:00,0.472,71081,0.012875536480686511,-0.05695597951548281,0.4742857142857143,72485.71428571429
Revolution Case,2024-11-18 01:00:00+00:00,0.476,61393,0.008474576271186418,-0.13629521250404464,0.4724285714285715,73293.28571428571
Revolution Case,2024-11-19 01:00:00+00:00,0.486,63701,0.021008403361344463,0.037593862492466545,0.4714285714285714,74754.14285714286
Revolution Case,2024-11-20 01:00:00+00:00,0.473,111908,-0.026748971193415683,0.7567699094205742,0.47157142857142853,77533.14285714286
Revolution Case,2024-11-21 01:00:00+00:00,0.478,88196,0.010570824524313016,-0.21188833684812525,0.47385714285714287,78225.42857142857
Revolution Case,2024-11-22 01:00:00+00:00,0.488,81101,0.02092050209205021,-0.08044582520749244,0.477,78964.85714285714
Revolution Case,2024-11-23 01:00:00+00:00,0.491,76967,0.006147540983606481,-0.05097347751569026,0.48057142857142854,79192.42857142857
Revolution Case,2024-11-24 01:00:00+00:00,0.496,72029,0.010183299389002087,-0.06415736614393186,0.484,79327.85714285714
Revolution Case,2024-11-25 01:00:00+00:00,0.505,57764,0.01814516129032251,-0.19804523178164346,0.4881428571428571,78809.42857142857
Revolution Case,2024-11-26 01:00:00+00:00,0.515,55941,0.01980198019801982,-0.03155944879163497,0.49228571428571427,77700.85714285714
Revolution Case,2024-11-27 01:00:00+00:00,0.486,113153,-0.05631067961165048,1.0227203660999984,0.49414285714285716,77878.71428571429
Revolution Case,2024-11-28 01:00:00+00:00,0.456,140900,-0.061728395061728336,0.24521665355757238,0.491,85407.85714285714
Revolution Case,2024-11-29 01:00:00+00:00,0.465,104420,0.019736842105263275,-0.2589070262597587,0.48771428571428566,88739.14285714286
Revolution Case,2024-11-30 01:00:00+00:00,0.456,88754,-0.01935483870967747,-0.15002873012832796,0.48271428571428576,90423.0
Revolution Case,2024-12-01 01:00:00+00:00,0.466,79747,0.021929824561403466,-0.10148275007323615,0.47842857142857137,91525.57142857143
Revolution Case,2024-12-02 01:00:00+00:00,0.483,63999,0.03648068669527893,-0.19747451314783004,0.47528571428571426,92416.28571428571
Revolution Case,2024-12-03 01:00:00+00:00,0.495,63034,0.024844720496894457,-0.015078360599384388,0.4724285714285715,93429.57142857143
Revolution Case,2024-12-04 01:00:00+00:00,0.477,106382,-0.036363636363636376,0.6876923565060127,0.47114285714285714,92462.28571428571
Revolution Case,2024-12-05 01:00:00+00:00,0.486,82851,0.018867924528301883,-0.22119343497960187,0.4754285714285715,84169.57142857143
Revolution Case,2024-12-06 01:00:00+00:00,0.495,74190,0.0185185185185186,-0.10453706050620992,0.4797142857142857,79851.0
Revolution Case,2024-12-07 01:00:00+00:00,0.496,77153,0.002020202020202033,0.03993799703464074,0.4854285714285714,78193.71428571429
Revolution Case,2024-12-08 01:00:00+00:00,0.495,67728,-0.0020161290322581182,-0.12215986416600777,0.4895714285714286,76476.71428571429
Revolution Case,2024-12-09 01:00:00+00:00,0.509,58445,0.028282828282828243,-0.13706295771320576,0.49328571428571427,75683.28571428571
Revolution Case,2024-12-10 01:00:00+00:00,0.514,60160,0.00982318271119853,0.02934382753015652,0.496,75272.71428571429
Revolution Case,2024-12-11 01:00:00+00:00,0.473,94901,-0.0797665369649806,0.5774767287234042,0.49542857142857144,73632.57142857143
Revolution Case,2024-12-12 01:00:00+00:00,0.468,78984,-0.010570824524312794,-0.16772215255898248,0.4928571428571429,73080.14285714286
Revolution Case,2024-12-13 01:00:00+00:00,0.484,79762,0.03418803418803407,0.0098500962220196,0.49128571428571427,73876.14285714286
Revolution Case,2024-12-14 01:00:00+00:00,0.481,79047,-0.006198347107438051,-0.0089641684009929,0.48914285714285716,74146.71428571429
Revolution Case,2024-12-15 01:00:00+00:00,0.479,74562,-0.004158004158004158,-0.05673839614406617,0.4868571428571428,75123.0
Revolution Case,2024-12-16 01:00:00+00:00,0.482,65907,0.006263048016701411,-0.11607789490625253,0.48300000000000004,76189.0
Revolution Case,2024-12-17 01:00:00+00:00,0.48,66213,-0.004149377593360981,0.004642905912877193,0.47814285714285715,77053.71428571429
Revolution Case,2024-12-18 01:00:00+00:00,0.455,104947,-0.05208333333333326,0.5849908628215004,0.47557142857142853,78488.85714285714
Revolution Case,2024-12-19 01:00:00+00:00,0.449,101319,-0.013186813186813251,-0.03456983048586426,0.47285714285714286,81679.57142857143
Revolution Case,2024-12-20 01:00:00+00:00,0.459,99290,0.022271714922049046,-0.020025858920834194,0.4692857142857143,84469.28571428571
Revolution Case,2024-12-21 01:00:00+00:00,0.458,89908,-0.002178649237472796,-0.09449088528552729,0.466,86020.85714285714
Revolution Case,2024-12-22 01:00:00+00:00,0.471,90149,0.028384279475982543,0.0026805178627040682,0.46485714285714286,88247.57142857143
Revolution Case,2024-12-23 01:00:00+00:00,0.475,75395,0.00849256900212314,-0.1636623811689536,0.46385714285714286,89603.0
Revolution Case,2024-12-24 01:00:00+00:00,0.488,71377,0.02736842105263171,-0.05329265866436761,0.46499999999999997,90340.71428571429
Revolution Case,2024-12-25 01:00:00+00:00,0.478,120159,-0.020491803278688492,0.6834414447230901,0.46828571428571425,92513.85714285714
Revolution Case,2024-12-26 01:00:00+00:00,0.474,100750,-0.008368200836820106,-0.16152764254030072,0.47185714285714286,92432.57142857143
Revolution Case,2024-12-27 01:00:00+00:00,0.475,89463,0.0021097046413502962,-0.11202977667493796,0.47414285714285714,91028.71428571429
Revolution Case,2024-12-28 01:00:00+00:00,0.48,84558,0.010526315789473717,-0.054827135240266944,0.4772857142857143,90264.42857142857
Revolution Case,2024-12-29 01:00:00+00:00,0.485,77144,0.01041666666666674,-0.08767946261737503,0.47928571428571426,88406.57142857143
Revolution Case,2024-12-30 01:00:00+00:00,0.491,72380,0.012371134020618513,-0.06175464067198999,0.4815714285714286,87975.85714285714
Revolution Case,2024-12-31 01:00:00+00:00,0.513,74711,0.044806517311609007,0.03220502901353961,0.48514285714285715,88452.14285714286
Revolution Case,2025-01-01 01:00:00+00:00,0.493,116835,-0.03898635477582846,0.5638259426322765,0.48728571428571427,87977.28571428571
Revolution Case,2025-01-02 01:00:00+00:00,0.478,95823,-0.030425963488843855,-0.17984336885351138,0.4878571428571429,87273.42857142857
Revolution Case,2025-01-03 01:00:00+00:00,0.494,86239,0.03347280334728042,-0.10001774104338201,0.49057142857142855,86812.85714285714
Revolution Case,2025-01-04 01:00:00+00:00,0.517,94845,0.046558704453441235,0.09979243729635079,0.4958571428571429,88282.42857142857
Revolution Case,2025-01-05 01:00:00+00:00,0.539,99931,0.042553191489361764,0.05362433444040282,0.5035714285714286,91537.71428571429
Revolution Case,2025-01-06 01:00:00+00:00,0.569,96862,0.055658627087198376,-0.030711190721597892,0.5147142857142857,95035.14285714286
Revolution Case,2025-01-07 01:00:00+00:00,0.63,82255,0.10720562390158173,-0.15080217216245795,0.5314285714285714,96112.85714285714
Revolution Case,2025-01-08 01:00:00+00:00,0.593,112507,-0.058730158730158744,0.36778311348854165,0.5457142857142857,95494.57142857143
Revolution Case,2025-01-09 01:00:00+00:00,0.594,97597,0.001686340640809414,-0.13252508732789958,0.5622857142857143,95748.0
Revolution Case,2025-01-10 01:00:00+00:00,0.638,94399,0.07407407407407418,-0.03276740063731465,0.5828571428571429,96913.71428571429
Revolution Case,2025-01-11 01:00:00+00:00,0.647,83241,0.014106583072100332,-0.11820040466530368,0.6014285714285714,95256.0
Revolution Case,2025-01-12 01:00:00+00:00,0.648,72009,0.0015455950540959051,-0.1349335063250081,0.617,91267.14285714286
Revolution Case,2025-01-13 01:00:00+00:00,0.665,56756,0.026234567901234573,-0.21182074462914358,0.6307142857142857,85537.71428571429
Revolution Case,2025-01-14 01:00:00+00:00,0.66,62070,-0.007518796992481258,0.09362886743251808,0.635,82654.14285714286
Revolution Case,2025-01-15 01:00:00+00:00,0.596,123983,-0.09696969696969704,0.9974705977122604,0.6354285714285715,84293.57142857143
Revolution Case,2025-01-16 01:00:00+00:00,0.561,96223,-0.05872483221476499,-0.22390166393779798,0.6307142857142857,84097.28571428571
Revolution Case,2025-01-17 01:00:00+00:00,0.578,90570,0.030303030303030054,-0.058748947756773306,0.6221428571428572,83550.28571428571
Revolution Case,2025-01-18 01:00:00+00:00,0.606,94234,0.04844290657439454,0.04045489676493319,0.6162857142857143,85120.71428571429
Revolution Case,2025-01-19 01:00:00+00:00,0.604,78435,-0.0033003300330033403,-0.16765710889912344,0.6100000000000001,86038.71428571429
Revolution Case,2025-01-20 01:00:00+00:00,0.598,65212,-0.009933774834437137,-0.16858545292280236,0.6004285714285714,87246.71428571429
Revolution Case,2025-01-21 01:00:00+00:00,0.603,60147,0.008361204013378032,-0.07766975403300003,0.5922857142857143,86972.0
Revolution Case,2025-01-22 01:00:00+00:00,0.582,119342,-0.03482587064676623,0.9841721116597668,0.5902857142857142,86309.0
Revolution Case,2025-01-23 01:00:00+00:00,0.587,97540,0.00859106529209619,-0.1826850563925525,0.594,86497.14285714286
Revolution Case,2025-01-24 01:00:00+00:00,0.599,89222,0.020442930153321992,-0.08527783473446793,0.5970000000000001,86304.57142857143
Revolution Case,2025-01-25 01:00:00+00:00,0.603,86493,0.006677796327211993,-0.03058662661675371,0.5965714285714286,85198.71428571429
Revolution Case,2025-01-26 01:00:00+00:00,0.612,77772,0.014925373134328401,-0.10082896881828585,0.5977142857142858,85104.0
Revolution Case,2025-01-27 01:00:00+00:00,0.622,68431,0.016339869281045694,-0.120107493699532,0.6011428571428572,85563.85714285714
Revolution Case,2025-01-28 01:00:00+00:00,0.639,79197,0.027331189710610992,0.15732635793719218,0.6062857142857142,88285.28571428571
Revolution Case,2025-01-29 01:00:00+00:00,0.611,135814,-0.0438184663536777,0.714888190209225,0.6104285714285714,90638.42857142857
Revolution Case,2025-01-30 01:00:00+00:00,0.602,102171,-0.014729950900163713,-0.24771378502952568,0.6125714285714287,91300.0
Revolution Case,2025-01-31 01:00:00+00:00,0.626,91737,0.039867109634551534,-0.10212291158939424,0.6164285714285714,91659.28571428571
Revolution Case,2025-02-01 01:00:00+00:00,0.642,87382,0.025559105431310014,-0.04747266642685066,0.622,91786.28571428571
Revolution Case,2025-02-02 01:00:00+00:00,0.645,79680,0.004672897196261738,-0.08814172255155528,0.6267142857142857,92058.85714285714
Revolution Case,2025-02-03 01:00:00+00:00,0.647,61092,0.0031007751937983663,-0.23328313253012045,0.6302857142857142,91010.42857142857
Revolution Case,2025-02-04 01:00:00+00:00,0.653,65977,0.009273570324574987,0.07996136973744505,0.6322857142857143,89121.85714285714
Revolution Case,2025-02-05 01:00:00+00:00,0.626,129331,-0.04134762633996936,0.9602437212968156,0.6344285714285715,88195.71428571429
Revolution Case,2025-02-06 01:00:00+00:00,0.629,105901,0.004792332268370503,-0.18116306222019474,0.6382857142857142,88728.57142857143
Revolution Case,2025-02-07 01:00:00+00:00,0.653,95949,0.038155802861685295,-0.09397456114673142,0.6421428571428571,89330.28571428571
Revolution Case,2025-02-08 01:00:00+00:00,0.666,91398,0.019908116385911168,-0.047431447956727046,0.6455714285714286,89904.0
Revolution Case,2025-02-09 01:00:00+00:00,0.654,73915,-0.018018018018018056,-0.19128427317884422,0.6468571428571429,89080.42857142857
Revolution Case,2025-02-10 01:00:00+00:00,0.662,64493,0.012232415902140747,-0.12747074342149767,0.649,89566.28571428571
Revolution Case,2025-02-11 01:00:00+00:00,0.662,63140,0.0,-0.020979020979020935,0.6502857142857144,89161.0
Revolution Case,2025-02-12 01:00:00+00:00,0.626,127972,-0.05438066465256797,1.0267975926512514,0.6502857142857144,88966.85714285714
Revolution Case,2025-02-13 01:00:00+00:00,0.62,99084,-0.009584664536741228,-0.22573687994248737,0.649,87993.0
Revolution Case,2025-02-14 01:00:00+00:00,0.632,84444,0.019354838709677358,-0.14775342133946956,0.646,86349.42857142857
Revolution Case,2025-02-15 01:00:00+00:00,0.64,85461,0.012658227848101333,0.012043484439391738,0.6422857142857142,85501.28571428571
Revolution Case,2025-02-16 01:00:00+00:00,0.646,78376,0.009374999999999911,-0.08290331262213169,0.6411428571428571,86138.57142857143
Revolution Case,2025-02-17 01:00:00+00:00,0.673,71262,0.04179566563467496,-0.09076758191283041,0.6427142857142858,87105.57142857143
Revolution Case,2025-02-18 01:00:00+00:00,0.677,69442,0.005943536404160454,-0.025539558249838668,0.6448571428571429,88005.85714285714
Revolution Case,2025-02-19 01:00:00+00:00,0.655,135704,-0.03249630723781394,0.9542063880648599,0.649,89110.42857142857
Revolution Case,2025-02-20 01:00:00+00:00,0.662,104796,0.010687022900763399,-0.22776041973707484,0.655,89926.42857142857
Revolution Case,2025-02-21 01:00:00+00:00,0.689,102479,0.04078549848942581,-0.02210962250467574,0.6631428571428571,92502.85714285714
Revolution Case,2025-02-22 01:00:00+00:00,0.698,98493,0.013062409288824295,-0.038895773768284236,0.6714285714285715,94364.57142857143
Revolution Case,2025-02-23 01:00:00+00:00,0.695,86083,-0.004297994269340966,-0.12599880194531587,0.6784285714285715,95465.57142857143
Revolution Case,2025-02-24 01:00:00+00:00,0.707,66692,0.01726618705035965,-0.2252593427273678,0.6832857142857144,94812.71428571429
Revolution Case,2025-02-25 01:00:00+00:00,0.699,62665,-0.011315417256011373,-0.060382054819168696,0.6864285714285714,93844.57142857143
Revolution Case,2025-02-26 01:00:00+00:00,0.672,135846,-0.03862660944205998,1.1678129737493017,0.6888571428571427,93864.85714285714
Revolution Case,2025-02-27 01:00:00+00:00,0.658,96977,-0.02083333333333337,-0.2861254656007538,0.6882857142857143,92747.85714285714
Revolution Case,2025-02-28 01:00:00+00:00,0.672,89006,0.02127659574468077,-0.08219474720810094,0.6858571428571428,90823.14285714286
Revolution Case,2025-03-01 01:00:00+00:00,0.665,86020,-0.01041666666666663,-0.03354830011459897,0.6811428571428573,89041.28571428571
Revolution Case,2025-03-02 01:00:00+00:00,0.663,79102,-0.003007518796992459,-0.08042315740525463,0.6765714285714285,88044.0
Revolution Case,2025-03-03 01:00:00+00:00,0.674,67755,0.016591251885369473,-0.14344770043740995,0.6718571428571429,88195.85714285714
Revolution Case,2025-03-04 01:00:00+00:00,0.672,62177,-0.0029673590504450953,-0.08232602759943919,0.668,88126.14285714286
Revolution Case,2025-03-05 01:00:00+00:00,0.64,128467,-0.04761904761904767,1.066149862489345,0.6634285714285715,87072.0
Revolution Case,2025-03-06 01:00:00+00:00,0.641,104914,0.0015624999999999112,-0.1833389119384745,0.6610000000000001,88205.85714285714
Revolution Case,2025-03-07 01:00:00+00:00,0.643,89086,0.0031201248049921304,-0.15086642392816974,0.6568571428571428,88217.28571428571
Revolution Case,2025-03-08 01:00:00+00:00,0.651,90329,0.012441679626749691,0.013952809644613096,0.6548571428571429,88832.85714285714
Revolution Case,2025-03-09 01:00:00+00:00,0.653,80193,0.003072196620583778,-0.11221202493108529,0.6534285714285714,88988.71428571429
Revolution Case,2025-03-10 01:00:00+00:00,0.664,69519,0.016845329249617125,-0.13310388687291907,0.652,89240.71428571429
Revolution Case,2025-03-11 01:00:00+00:00,0.668,71267,0.006024096385542244,0.025144205181317325,0.6514285714285715,90539.28571428571
Revolution Case,2025-03-12 01:00:00+00:00,0.625,125578,-0.06437125748503003,0.7620778200289053,0.6492857142857142,90126.57142857143
Revolution Case,2025-03-13 01:00:00+00:00,0.606,104439,-0.030399999999999983,-0.16833362531653628,0.6442857142857142,90058.71428571429
Revolution Case,2025-03-14 01:00:00+00:00,0.591,108401,-0.024752475247524774,0.037936020069131215,0.6368571428571429,92818.0
Revolution Case,2025-03-15 01:00:00+00:00,0.574,103214,-0.02876480541455162,-0.04785011208383683,0.6258571428571429,94658.71428571429
Revolution Case,2025-03-16 01:00:00+00:00,0.577,90253,0.005226480836237002,-0.12557405003197242,0.615,96095.85714285714
Revolution Case,2025-03-17 01:00:00+00:00,0.607,69422,0.051993067590987874,-0.23080673218618775,0.6068571428571429,96082.0
Revolution Case,2025-03-18 01:00:00+00:00,0.608,69719,0.0016474464579900872,0.004278182708651546,0.5982857142857142,95860.85714285714
Revolution Case,2025-03-19 01:00:00+00:00,0.558,128072,-0.08223684210526305,0.8369741390438761,0.5887142857142856,96217.14285714286
Revolution Case,2025-03-20 01:00:00+00:00,0.541,92731,-0.03046594982078854,-0.2759463426822413,0.5794285714285714,94544.57142857143
Revolution Case,2025-03-21 01:00:00+00:00,0.56,79875,0.03512014787430684,-0.13863756456848308,0.575,90469.42857142857
Revolution Case,2025-03-22 01:00:00+00:00,0.557,83452,-0.005357142857142838,0.04478247261345847,0.5725714285714286,87646.28571428571
Revolution Case,2025-03-23 01:00:00+00:00,0.568,80331,0.019748653500897495,-0.037398744188275934,0.5712857142857143,86228.85714285714
Revolution Case,2025-03-24 01:00:00+00:00,0.57,64287,0.0035211267605634866,-0.19972364342532767,0.5660000000000001,85495.28571428571
Revolution Case,2025-03-25 01:00:00+00:00,0.58,71882,0.01754385964912286,0.11814208160281248,0.562,85804.28571428571
Revolution Case,2025-03-26 01:00:00+00:00,0.54,112165,-0.06896551724137923,0.5604045519045102,0.5594285714285715,83531.85714285714
Revolution Case,2025-03-27 01:00:00+00:00,0.552,95024,0.022222222222222143,-0.1528195069763295,0.561,83859.42857142857
Revolution Case,2025-03-28 01:00:00+00:00,0.573,84591,0.0380434782608694,-0.10979331537295844,0.5628571428571428,84533.14285714286
Revolution Case,2025-03-29 01:00:00+00:00,0.595,85985,0.03839441535776622,0.016479294487593332,0.5682857142857143,84895.0
Revolution Case,2025-03-30 01:00:00+00:00,0.595,74627,0.0,-0.13209280688492175,0.5721428571428572,84080.14285714286
Revolution Case,2025-03-31 01:00:00+00:00,0.597,66355,0.003361344537815114,-0.11084460047971911,0.576,84375.57142857143
Revolution Case,2025-04-01 01:00:00+00:00,0.56,91272,-0.061976549413735205,0.37551051164192595,0.5731428571428571,87145.57142857143
Revolution Case,2025-04-02 01:00:00+00:00,0.545,145217,-0.0267857142857143,0.5910355859409238,0.5738571428571427,91867.28571428571
Revolution Case,2025-04-03 01:00:00+00:00,0.567,89478,0.04036697247706411,-0.3838324714048631,0.576,91075.0
Revolution Case,2025-04-04 01:00:00+00:00,0.589,83684,0.03880070546737224,-0.0647533471914884,0.5782857142857143,90945.42857142857
Revolution Case,2025-04-05 01:00:00+00:00,0.591,80340,0.00339558573853993,-0.0399598489555949,0.5777142857142857,90139.0
Revolution Case,2025-04-06 01:00:00+00:00,0.586,70600,-0.008460236886632888,-0.12123475230271352,0.5764285714285714,89563.71428571429
Revolution Case,2025-04-07 01:00:00+00:00,0.595,58685,0.015358361774744145,-0.16876770538243624,0.5761428571428571,88468.0
Revolution Case,2025-04-08 01:00:00+00:00,0.594,59616,-0.001680672268907557,0.015864360569140423,0.5810000000000001,83945.71428571429
Revolution Case,2025-04-09 01:00:00+00:00,0.573,117060,-0.03535353535353536,0.9635668276972624,0.585,79923.28571428571
Revolution Case,2025-04-10 01:00:00+00:00,0.575,90591,0.003490401396160525,-0.22611481291645308,0.5861428571428571,80082.28571428571
Revolution Case,2025-04-11 01:00:00+00:00,0.58,80600,0.008695652173912993,-0.11028689384155155,0.5848571428571429,79641.71428571429
Revolution Case,2025-04-12 01:00:00+00:00,0.587,77732,0.012068965517241459,-0.03558312655086848,0.5842857142857143,79269.14285714286
Revolution Case,2025-04-13 01:00:00+00:00,0.585,69706,-0.0034071550255536653,-0.10325219986620693,0.5841428571428571,79141.42857142857
Revolution Case,2025-04-14 01:00:00+00:00,0.584,49540,-0.0017094017094017033,-0.28930077755143024,0.5825714285714285,77835.0
Revolution Case,2025-04-15 01:00:00+00:00,0.586,55995,0.003424657534246478,0.1302987484860718,0.5814285714285713,77317.71428571429
Revolution Case,2025-04-16 01:00:00+00:00,0.552,108598,-0.05802047781569952,0.9394231627823912,0.5784285714285714,76108.85714285714
Revolution Case,2025-04-17 01:00:00+00:00,0.553,86010,0.0018115942028984477,-0.20799646402327854,0.5752857142857142,75454.42857142857
Revolution Case,2025-04-18 01:00:00+00:00,0.568,82088,0.02712477396021673,-0.04559934891291706,0.5735714285714285,75667.0
Revolution Case,2025-04-19 01:00:00+00:00,0.563,66054,-0.008802816901408494,-0.19532696618263323,0.5701428571428571,73998.71428571429
Revolution Case,2025-04-20 01:00:00+00:00,0.558,60777,-0.00888099467140302,-0.07988918157870828,0.5662857142857143,72723.14285714286
Revolution Case,2025-04-21 01:00:00+00:00,0.56,54615,0.0035842293906809264,-0.1013870378597167,0.5628571428571428,73448.14285714286
Revolution Case,2025-04-22 01:00:00+00:00,0.567,52807,0.012499999999999734,-0.03310445848210197,0.5601428571428572,72992.71428571429
Revolution Case,2025-04-23 01:00:00+00:00,0.534,103821,-0.05820105820105803,0.9660461681216506,0.5575714285714286,72310.28571428571
Revolution Case,2025-04-24 01:00:00+00:00,0.534,78275,0.0,-0.24605811926296217,0.5548571428571428,71205.28571428571
Revolution Case,2025-04-25 01:00:00+00:00,0.54,77119,0.011235955056179803,-0.014768444586394147,0.5508571428571428,70495.42857142857
Revolution Case,2025-04-26 01:00:00+00:00,0.552,73972,0.022222222222222143,-0.04080706440695547,0.5492857142857143,71626.57142857143
Revolution Case,2025-04-27 01:00:00+00:00,0.555,59032,0.005434782608695565,-0.20196831233439683,0.5488571428571428,71377.28571428571
Revolution Case,2025-04-28 01:00:00+00:00,0.563,53648,0.014414414414414267,-0.09120477029407781,0.5492857142857143,71239.14285714286
Revolution Case,2025-04-29 01:00:00+00:00,0.568,57978,0.008880994671403242,0.08071130331046827,0.5494285714285715,71977.85714285714
Revolution Case,2025-04-30 01:00:00+00:00,0.562,114467,-0.010563380281689905,0.9743178446997136,0.5534285714285715,73498.71428571429
Revolution Case,2025-05-01 01:00:00+00:00,0.577,99803,0.02669039145907459,-0.12810679060340535,0.5595714285714286,76574.14285714286
Revolution Case,2025-05-02 01:00:00+00:00,0.598,90444,0.036395147313691645,-0.0937747362303738,0.5678571428571428,78477.71428571429
Revolution Case,2025-05-03 01:00:00+00:00,0.606,81379,0.013377926421404673,-0.10022776524700372,0.5755714285714285,79535.85714285714
Revolution Case,2025-05-04 01:00:00+00:00,0.624,90158,0.02970297029702973,0.10787795377185772,0.5854285714285714,83982.42857142857
Revolution Case,2025-05-05 01:00:00+00:00,0.632,65514,0.012820512820512775,-0.2733423545331529,0.5952857142857143,85677.57142857143
Revolution Case,2025-05-06 01:00:00+00:00,0.645,68000,0.020569620253164667,0.0379460878590836,0.6062857142857142,87109.28571428571
Revolution Case,2025-05-07 01:00:00+00:00,0.631,124771,-0.02170542635658912,0.8348676470588234,0.6161428571428571,88581.28571428571
Revolution Case,2025-05-08 01:00:00+00:00,0.637,101431,0.009508716323296307,-0.18706269886431948,0.6247142857142858,88813.85714285714
Revolution Case,2025-05-09 01:00:00+00:00,0.653,82997,0.02511773940345363,-0.18173931046721414,0.6325714285714286,87750.0
Revolution Case,2025-05-10 01:00:00+00:00,0.666,84903,0.019908116385911168,0.022964685470559187,0.6411428571428572,88253.42857142857
Revolution Case,2025-05-11 01:00:00+00:00,0.657,66338,-0.013513513513513487,-0.2186612958317138,0.6458571428571428,84850.57142857143
Revolution Case,2025-05-12 01:00:00+00:00,0.659,54785,0.003044140030441511,-0.1741535771352769,0.6497142857142857,83317.85714285714
Revolution Case,2025-05-13 01:00:00+00:00,0.645,59972,-0.02124430955993928,0.0946792005110888,0.6497142857142857,82171.0
Revolution Case,2025-05-14 01:00:00+00:00,0.615,105232,-0.04651162790697683,0.754685519909291,0.6474285714285715,79379.71428571429
Revolution Case,2025-05-15 01:00:00+00:00,0.599,77155,-0.026016260162601612,-0.2668104759008667,0.642,75911.71428571429
Revolution Case,2025-05-16 01:00:00+00:00,0.608,71921,0.015025041736226985,-0.067837470027866,0.6355714285714286,74329.42857142857
Revolution Case,2025-05-17 01:00:00+00:00,0.623,73746,0.024671052631578982,0.025375064306669914,0.6294285714285713,72735.57142857143
Revolution Case,2025-05-18 01:00:00+00:00,0.635,67068,0.019261637239165408,-0.09055406394923116,0.6262857142857142,72839.85714285714
Revolution Case,2025-05-19 01:00:00+00:00,0.654,60174,0.02992125984251981,-0.10279119699409556,0.6255714285714286,73609.71428571429
Revolution Case,2025-05-20 01:00:00+00:00,0.643,59124,-0.016819571865443472,-0.017449396749426693,0.6252857142857142,73488.57142857143
Revolution Case,2025-05-21 01:00:00+00:00,0.621,105872,-0.034214618973561484,0.7906772207563764,0.6261428571428571,73580.0
Revolution Case,2025-05-22 01:00:00+00:00,0.619,81924,-0.0032206119162641045,-0.22619767266132684,0.6290000000000001,74261.28571428571
Revolution Case,2025-05-23 01:00:00+00:00,0.607,105987,-0.01938610662358642,0.29372345100336905,0.6288571428571429,79127.85714285714
Revolution Case,2025-05-24 01:00:00+00:00,0.61,82450,0.0049423393739702615,-0.22207440535159972,0.627,80371.28571428571
Revolution Case,2025-05-25 01:00:00+00:00,0.614,72502,0.006557377049180246,-0.12065494238932684,0.624,81147.57142857143
Revolution Case,2025-05-26 01:00:00+00:00,0.626,64128,0.019543973941368087,-0.11550026206173625,0.62,81712.42857142857
Revolution Case,2025-05-27 01:00:00+00:00,0.619,65514,-0.011182108626198062,0.021613023952095745,0.6165714285714285,82625.28571428571
Revolution Case,2025-05-28 01:00:00+00:00,0.607,110484,-0.01938610662358642,0.6864181701621028,0.6145714285714285,83284.14285714286
Revolution Case,2025-05-29 01:00:00+00:00,0.61,90745,0.0049423393739702615,-0.17865935339053618,0.6132857142857143,84544.28571428571
Revolution Case,2025-05-30 01:00:00+00:00,0.622,80662,0.01967213114754096,-0.11111355997575623,0.6154285714285714,80926.42857142857
Revolution Case,2025-05-31 01:00:00+00:00,0.627,75180,0.008038585209003246,-0.06796260940715582,0.6178571428571429,79887.85714285714
Revolution Case,2025-06-01 01:00:00+00:00,0.636,77214,0.014354066985645897,0.027055067837190805,0.6209999999999999,80561.0
Revolution Case,2025-06-02 01:00:00+00:00,0.635,63747,-0.0015723270440252124,-0.174411376175305,0.6222857142857142,80506.57142857143
Revolution Case,2025-06-03 01:00:00+00:00,0.642,61068,0.011023622047244164,-0.042025507082686264,0.6255714285714286,79871.42857142857
Revolution Case,2025-06-04 01:00:00+00:00,0.623,105621,-0.029595015576324046,0.7295637649832973,0.6278571428571429,79176.71428571429
Revolution Case,2025-06-05 01:00:00+00:00,0.626,81897,0.0048154093097914075,-0.2246144232681001,0.6301428571428571,77912.71428571429
Revolution Case,2025-06-06 01:00:00+00:00,0.634,74396,0.012779552715654896,-0.09159065655640619,0.6318571428571429,77017.57142857143
Revolution Case,2025-06-07 01:00:00+00:00,0.638,75131,0.006309148264984188,0.009879563417388049,0.6334285714285715,77010.57142857143
Revolution Case,2025-06-08 01:00:00+00:00,0.648,65007,0.01567398119122254,-0.1347513010608138,0.6351428571428571,75266.71428571429
Revolution Case,2025-06-09 01:00:00+00:00,0.66,66186,0.0185185185185186,0.018136508376020988,0.6387142857142857,75615.14285714286
Revolution Case,2025-06-10 01:00:00+00:00,0.657,60127,-0.004545454545454519,-0.09154503973650019,0.6408571428571428,75480.71428571429
Revolution Case,2025-06-11 01:00:00+00:00,0.613,97893,-0.06697108066971091,0.6281038468574849,0.6394285714285715,74376.71428571429
Revolution Case,2025-06-12 01:00:00+00:00,0.613,77882,0.0,-0.2044170676146405,0.6375714285714286,73803.14285714286
Revolution Case,2025-06-13 01:00:00+00:00,0.629,67904,0.02610114192495927,-0.12811689478955346,0.6368571428571429,72875.71428571429
Revolution Case,2025-06-14 01:00:00+00:00,0.643,68417,0.022257551669316422,0.007554783223374217,0.6375714285714286,71916.57142857143
Revolution Case,2025-06-15 01:00:00+00:00,0.641,60064,-0.0031104199066873672,-0.1220895391496265,0.6365714285714285,71210.42857142857
Revolution Case,2025-06-16 01:00:00+00:00,0.636,54612,-0.007800312012480548,-0.09076984549813527,0.6331428571428571,69557.0
Revolution Case,2025-06-17 01:00:00+00:00,0.627,56442,-0.014150943396226467,0.03350911887497254,0.6288571428571429,69030.57142857143
Revolution Case,2025-06-18 01:00:00+00:00,0.605,102052,-0.03508771929824561,0.8080861769604195,0.6277142857142858,69624.71428571429
Revolution Case,2025-06-19 01:00:00+00:00,0.613,85843,0.013223140495867813,-0.15883079214518092,0.6277142857142858,70762.0
Revolution Case,2025-06-20 01:00:00+00:00,0.614,74284,0.0016313213703098572,-0.13465279638409655,0.6255714285714287,71673.42857142857
Revolution Case,2025-06-21 01:00:00+00:00,0.617,73116,0.004885993485342022,-0.015723439771686998,0.6218571428571428,72344.71428571429
Revolution Case,2025-06-22 01:00:00+00:00,0.614,67347,-0.004862236628849326,-0.07890201870999503,0.618,73385.14285714286
Revolution Case,2025-06-23 01:00:00+00:00,0.612,56305,-0.0032573289902280145,-0.16395682064531458,0.6145714285714285,73627.0
Revolution Case,2025-06-24 01:00:00+00:00,0.607,58237,-0.008169934640522847,0.03431311606429266,0.6117142857142858,73883.42857142857
Revolution Case,2025-06-25 01:00:00+00:00,0.603,111740,-0.00658978583196046,0.9187114720881913,0.6114285714285714,75267.42857142857
Revolution Case,2025-06-26 01:00:00+00:00,0.614,101924,0.018242122719734688,-0.08784678718453554,0.6115714285714285,77564.71428571429
Revolution Case,2025-06-27 01:00:00+00:00,0.62,105159,0.009771986970684043,0.03173933519092653,0.6124285714285714,81975.42857142857
Revolution Case,2025-06-28 01:00:00+00:00,0.629,92379,0.014516129032258185,-0.12153025418651753,0.6141428571428572,84727.28571428571
Revolution Case,2025-06-29 01:00:00+00:00,0.633,84024,0.006359300476947549,-0.09044263306595657,0.6168571428571428,87109.71428571429
Revolution Case,2025-06-30 01:00:00+00:00,0.637,75154,0.006319115323854652,-0.10556507664476811,0.6204285714285714,89802.42857142857
Revolution Case,2025-07-01 01:00:00+00:00,0.67,80264,0.05180533751962324,0.06799371956249844,0.6294285714285713,92949.14285714286
Revolution Case,2025-07-02 01:00:00+00:00,0.661,123548,-0.013432835820895495,0.5392704076547394,0.6377142857142858,94636.0
Revolution Case,2025-07-03 01:00:00+00:00,0.672,107408,0.016641452344931862,-0.13063748502606276,0.646,95419.42857142857
Revolution Case,2025-07-04 01:00:00+00:00,0.695,97034,0.034226190476190244,-0.096584984358707,0.6567142857142857,94258.71428571429
Revolution Case,2025-07-05 01:00:00+00:00,0.697,83936,0.0028776978417266452,-0.13498361399097225,0.6664285714285715,93052.57142857143
Revolution Case,2025-07-06 01:00:00+00:00,0.708,81371,0.015781922525107683,-0.030558997331300075,0.6771428571428572,92673.57142857143
Revolution Case,2025-07-07 01:00:00+00:00,0.715,70860,0.009887005649717562,-0.12917378427203796,0.6882857142857143,92060.14285714286
Revolution Case,2025-07-08 01:00:00+00:00,0.729,79626,0.019580419580419672,0.1237087214225232,0.6967142857142857,91969.0
Revolution Case,2025-07-09 01:00:00+00:00,0.701,117169,-0.0384087791495199,0.4714917238088061,0.7024285714285714,91057.71428571429
Revolution Case,2025-07-10 01:00:00+00:00,0.712,95124,0.015691868758915817,-0.1881470354786675,0.7081428571428571,89302.85714285714
Revolution Case,2025-07-11 01:00:00+00:00,0.756,86120,0.061797752808988804,-0.09465539716580462,0.7168571428571429,87743.71428571429
Revolution Case,2025-07-12 01:00:00+00:00,0.789,87693,0.04365079365079372,0.018265211333023723,0.7300000000000001,88280.42857142857
Revolution Case,2025-07-13 01:00:00+00:00,0.805,75518,0.020278833967046994,-0.1388366232196413,0.7438571428571429,87444.28571428571
Revolution Case,2025-07-14 01:00:00+00:00,0.827,59251,0.027329192546583725,-0.2154055986652189,0.7598571428571429,85785.85714285714
Revolution Case,2025-07-15 01:00:00+00:00,0.853,71406,0.03143893591293834,0.20514421697524088,0.7775714285714285,84611.57142857143
Revolution Case,2025-07-16 01:00:00+00:00,0.821,116739,-0.03751465416178201,0.6348626165868414,0.7947142857142858,84550.14285714286
Revolution Case,2025-07-17 01:00:00+00:00,0.855,108933,0.04141291108404399,-0.06686711381800425,0.8151428571428571,86522.85714285714
Revolution Case,2025-07-18 01:00:00+00:00,0.914,87313,0.06900584795321651,-0.19847061955513945,0.8377142857142859,86693.28571428571
Revolution Case,2025-07-19 01:00:00+00:00,0.988,89482,0.08096280087527341,0.024841661608236976,0.8661428571428571,86948.85714285714
Revolution Case,2025-07-20 01:00:00+00:00,1.006,72658,0.018218623481781382,-0.18801546679779169,0.8948571428571429,86540.28571428571
Revolution Case,2025-07-21 01:00:00+00:00,0.978,69763,-0.027833001988071593,-0.03984420160202595,0.9164285714285715,88042.0
Revolution Case,2025-07-22 01:00:00+00:00,0.923,59128,-0.056237218813905865,-0.15244470564625945,0.9264285714285715,86288.0
Revolution Case,2025-07-23 01:00:00+00:00,0.829,99055,-0.10184182015167942,0.6752638343931809,0.9275714285714285,83761.71428571429
Revolution Case,2025-07-24 01:00:00+00:00,0.79,82811,-0.0470446320868515,-0.16398970269042457,0.9182857142857143,80030.0
Revolution Case,2025-07-25 01:00:00+00:00,0.811,79010,0.026582278481012578,-0.04589969931530835,0.9035714285714285,78843.85714285714
Revolution Case,2025-07-26 01:00:00+00:00,0.837,76708,0.0320591861898889,-0.029135552461713732,0.882,77019.0
Revolution Case,2025-07-27 01:00:00+00:00,0.836,76121,-0.0011947431302270495,-0.007652396099494196,0.8577142857142857,77513.71428571429
Revolution Case,2025-07-28 01:00:00+00:00,0.811,64964,-0.029904306220095545,-0.14656927786024876,0.8338571428571429,76828.14285714286
Revolution Case,2025-07-29 01:00:00+00:00,0.777,73728,-0.04192355117139335,0.13490548611538689,0.813,78913.85714285714
Revolution Case,2025-07-30 01:00:00+00:00,0.701,107079,-0.09781209781209788,0.45235188802083326,0.7947142857142858,80060.14285714286
Revolution Case,2025-07-31 01:00:00+00:00,0.7,91834,-0.0014265335235378318,-0.14237152009264187,0.7818571428571428,81349.14285714286
Revolution Case,2025-08-01 01:00:00+00:00,0.729,83260,0.04142857142857137,-0.09336411350915785,0.7701428571428571,81956.28571428571
Revolution Case,2025-08-02 01:00:00+00:00,0.756,80539,0.03703703703703698,-0.03268075906797985,0.7585714285714286,82503.57142857143
Revolution Case,2025-08-03 01:00:00+00:00,0.753,77135,-0.003968253968253954,-0.042265237959249524,0.7467142857142858,82648.42857142857
Revolution Case,2025-08-04 01:00:00+00:00,0.757,70160,0.005312084993359889,-0.09042587670966484,0.739,83390.71428571429
Revolution Case,2025-08-05 01:00:00+00:00,0.753,69468,-0.005284015852047519,-0.009863169897377455,0.7355714285714285,82782.14285714286
Revolution Case,2025-08-06 01:00:00+00:00,0.694,101636,-0.07835325365205847,0.46306212932573265,0.7345714285714285,82004.57142857143
Revolution Case,2025-08-07 01:00:00+00:00,0.694,81426,0.0,-0.19884686528395445,0.7337142857142858,80517.71428571429
Revolution Case,2025-08-08 01:00:00+00:00,0.723,84649,0.0417867435158501,0.03958195171075585,0.7328571428571429,80716.14285714286
Revolution Case,2025-08-09 01:00:00+00:00,0.735,85049,0.016597510373443924,0.0047253954565322775,0.7298571428571429,81360.42857142857
Revolution Case,2025-08-10 01:00:00+00:00,0.724,69834,-0.014965986394557818,-0.17889687121541697,0.7257142857142858,80317.42857142857
Revolution Case,2025-08-11 01:00:00+00:00,0.716,62184,-0.011049723756906049,-0.10954549359910648,0.7198571428571429,79178.0
Revolution Case,2025-08-12 01:00:00+00:00,0.712,70966,-0.005586592178770999,0.141226038852438,0.7140000000000001,79392.0
Revolution Case,2025-08-13 01:00:00+00:00,0.643,105399,-0.0969101123595505,0.48520418228447415,0.7067142857142857,79929.57142857143
Revolution Case,2025-08-14 01:00:00+00:00,0.649,85464,0.009331259720062324,-0.18913841687302535,0.7002857142857143,80506.42857142857
Revolution Case,2025-08-15 01:00:00+00:00,0.645,90116,-0.006163328197226536,0.054432275578021105,0.6891428571428572,81287.42857142857
Revolution Case,2025-08-16 01:00:00+00:00,0.655,81059,0.015503875968992276,-0.1005037951085268,0.6777142857142857,80717.42857142857
Revolution Case,2025-08-17 01:00:00+00:00,0.657,79464,0.003053435114503733,-0.01967702537657756,0.668142857142857,82093.14285714286
Revolution Case,2025-08-18 01:00:00+00:00,0.652,66420,-0.007610350076103556,-0.16414980368468746,0.6589999999999999,82698.28571428571
Revolution Case,2025-08-19 01:00:00+00:00,0.643,64715,-0.013803680981595123,-0.025669978922011394,0.6491428571428572,81805.28571428571
Revolution Case,2025-08-20 01:00:00+00:00,0.594,115974,-0.07620528771384139,0.7920729351773159,0.6421428571428571,83316.0
Revolution Case,2025-08-21 01:00:00+00:00,0.587,89686,-0.011784511784511786,-0.2266714953351613,0.6332857142857142,83919.14285714286
Revolution Case,2025-08-22 01:00:00+00:00,0.63,93324,0.07325383304940392,0.040563744620119024,0.6311428571428571,84377.42857142857
Revolution Case,2025-08-23 01:00:00+00:00,0.629,83402,-0.0015873015873015817,-0.10631777463460634,0.6274285714285714,84712.14285714286
Revolution Case,2025-08-24 01:00:00+00:00,0.618,76317,-0.01748807631160576,-0.08495000119901197,0.6218571428571428,84262.57142857143
Revolution Case,2025-08-25 01:00:00+00:00,0.618,66816,0.0,-0.12449388733833877,0.617,84319.14285714286
Revolution Case,2025-08-26 01:00:00+00:00,0.617,70603,-0.0016181229773463146,0.05667804118773945,0.6132857142857143,85160.28571428571
Revolution Case,2025-08-27 01:00:00+00:00,0.567,110359,-0.08103727714748787,0.5630922198773423,0.6094285714285714,84358.14285714286
Revolution Case,2025-08-28 01:00:00+00:00,0.571,88326,0.007054673721340388,-0.19964842015603623,0.6071428571428571,84163.85714285714
Revolution Case,2025-08-29 01:00:00+00:00,0.602,85028,0.05429071803852903,-0.03733894889387046,0.6031428571428572,82978.71428571429
Revolution Case,2025-08-30 01:00:00+00:00,0.608,82598,0.009966777408637828,-0.028578821094227824,0.6001428571428571,82863.85714285714
Revolution Case,2025-08-31 01:00:00+00:00,0.603,75100,-0.008223684210526327,-0.09077701639264868,0.598,82690.0
Revolution Case,2025-09-01 01:00:00+00:00,0.604,71493,0.0016583747927032544,-0.048029294274300915,0.596,83358.14285714286
Revolution Case,2025-09-02 01:00:00+00:00,0.614,71078,0.01655629139072845,-0.005804764102779303,0.5955714285714285,83426.0
Revolution Case,2025-09-03 01:00:00+00:00,0.582,106709,-0.05211726384364823,0.5012943526829681,0.5977142857142856,82904.57142857143
Revolution Case,2025-09-04 01:00:00+00:00,0.575,91517,-0.012027491408934665,-0.14236849750255365,0.5982857142857142,83360.42857142857
Revolution Case,2025-09-05 01:00:00+00:00,0.591,85283,0.027826086956521667,-0.06811849164636075,0.5967142857142856,83396.85714285714
Revolution Case,2025-09-06 01:00:00+00:00,0.595,85713,0.006768189509306355,0.0050420365137249235,0.5948571428571429,83841.85714285714
Revolution Case,2025-09-07 01:00:00+00:00,0.602,70948,0.0117647058823529,-0.17226091724709203,0.5947142857142858,83248.71428571429
Revolution Case,2025-09-08 01:00:00+00:00,0.602,65645,0.0,-0.07474488357670406,0.5944285714285714,82413.28571428571
Revolution Case,2025-09-09 01:00:00+00:00,0.591,65228,-0.0182724252491695,-0.0063523497600731504,0.5911428571428571,81577.57142857143
Revolution Case,2025-09-10 01:00:00+00:00,0.564,108418,-0.045685279187817285,0.66213895872938,0.5885714285714284,81821.71428571429
Revolution Case,2025-09-11 01:00:00+00:00,0.556,93525,-0.014184397163120366,-0.13736648895939785,0.5858571428571429,82108.57142857143
Revolution Case,2025-09-12 01:00:00+00:00,0.569,92861,0.02338129496402863,-0.00709970596097298,0.5827142857142856,83191.14285714286
Revolution Case,2025-09-13 01:00:00+00:00,0.589,95945,0.03514938488576447,0.03321092816144566,0.581857142857143,84652.85714285714
Revolution Case,2025-09-14 01:00:00+00:00,0.588,84932,-0.001697792869269965,-0.11478451195997708,0.5798571428571427,86650.57142857143
Revolution Case,2025-09-15 01:00:00+00:00,0.583,69628,-0.008503401360544172,-0.18019121179296382,0.5771428571428572,87219.57142857143
Revolution Case,2025-09-16 01:00:00+00:00,0.592,64672,0.015437392795883298,-0.07117826161888896,0.5772857142857143,87140.14285714286
Revolution Case,2025-09-17 01:00:00+00:00,0.546,140764,-0.07770270270270263,1.1765833745670462,0.5747142857142856,91761.0
Revolution Case,2025-09-18 01:00:00+00:00,0.567,108664,0.038461538461538325,-0.2280412605495723,0.5762857142857143,93923.71428571429
Revolution Case,2025-09-19 01:00:00+00:00,0.588,103275,0.03703703703703698,-0.04959324155193989,0.579,95411.42857142857
Revolution Case,2025-09-20 01:00:00+00:00,0.6,106631,0.020408163265306145,0.032495763737593775,0.5805714285714286,96938.0
Revolution Case,2025-09-21 01:00:00+00:00,0.599,85653,-0.0016666666666667052,-0.1967345331095085,0.5821428571428571,97041.0
Revolution Case,2025-09-22 01:00:00+00:00,0.602,76544,0.005008347245408995,-0.10634770527593895,0.5848571428571429,98029.0
Revolution Case,2025-09-23 01:00:00+00:00,0.592,73016,-0.01661129568106312,-0.046091137123745796,0.5848571428571427,99221.0
Revolution Case,2025-09-24 01:00:00+00:00,0.556,115580,-0.060810810810810634,0.5829407253204777,0.5862857142857142,95623.28571428571
Revolution Case,2025-09-25 01:00:00+00:00,0.552,87782,-0.007194244604316502,-0.2405087385360789,0.5841428571428572,92640.14285714286
Revolution Case,2025-09-26 01:00:00+00:00,0.57,88464,0.032608695652173836,0.007769246542571384,0.5815714285714285,90524.28571428571
Revolution Case,2025-09-27 01:00:00+00:00,0.571,86526,0.0017543859649122862,-0.021907216494845394,0.5774285714285714,87652.14285714286
Revolution Case,2025-09-28 01:00:00+00:00,0.567,79252,-0.007005253940455369,-0.08406721679032891,0.5728571428571428,86737.71428571429
Revolution Case,2025-09-29 01:00:00+00:00,0.57,79487,0.005291005291005346,0.002965224852369719,0.5682857142857143,87158.14285714286
Revolution Case,2025-09-30 01:00:00+00:00,0.562,81409,-0.014035087719298067,0.02418005460012318,0.564,88357.14285714286
Revolution Case,2025-10-01 01:00:00+00:00,0.54,121636,-0.039145907473309594,0.4941345551474652,0.5617142857142857,89222.28571428571
Revolution Case,2025-10-02 01:00:00+00:00,0.557,111983,0.031481481481481444,-0.07935972902759048,0.5624285714285714,92679.57142857143
Revolution Case,2025-10-03 01:00:00+00:00,0.571,100411,0.025134649910233176,-0.10333711366903908,0.5625714285714286,94386.28571428571
Revolution Case,2025-10-04 01:00:00+00:00,0.578,101267,0.012259194395796813,0.008524962404517389,0.5635714285714285,96492.14285714286
Revolution Case,2025-10-05 01:00:00+00:00,0.579,87760,0.0017301038062282892,-0.13338007445663447,0.5652857142857143,97707.57142857143
Revolution Case,2025-10-06 01:00:00+00:00,0.589,80682,0.017271157167530138,-0.08065177757520514,0.568,97878.28571428571
Revolution Case,2025-10-07 01:00:00+00:00,0.6,75085,0.018675721561969505,-0.06937111127636897,0.5734285714285715,96974.85714285714
Revolution Case,2025-10-08 01:00:00+00:00,0.579,108688,-0.03500000000000003,0.44753279616434716,0.579,95125.14285714286
Revolution Case,2025-10-09 01:00:00+00:00,0.592,94433,0.022452504317789224,-0.13115523332842627,0.584,92618.0
Revolution Case,2025-10-10 01:00:00+00:00,0.607,96051,0.02533783783783794,0.017133840924253185,0.5891428571428571,91995.14285714286
Revolution Case,2025-10-11 01:00:00+00:00,0.615,95965,0.01317957166392092,-0.0008953576745687197,0.5944285714285714,91237.71428571429
Revolution Case,2025-10-12 01:00:00+00:00,0.622,85354,0.011382113821138296,-0.11057156254884593,0.6005714285714285,90894.0
Revolution Case,2025-10-13 01:00:00+00:00,0.627,74607,0.008038585209003246,-0.1259109122009513,0.606,90026.14285714286
Revolution Case,2025-10-14 01:00:00+00:00,0.632,71415,0.00797448165869219,-0.04278418915115201,0.6105714285714285,89501.85714285714
Revolution Case,2025-10-15 01:00:00+00:00,0.597,113044,-0.05537974683544311,0.5829167541832949,0.6131428571428571,90124.14285714286
Revolution Case,2025-10-16 01:00:00+00:00,0.601,93395,0.00670016750418756,-0.17381727468950148,0.6144285714285714,89975.85714285714
Revolution Case,2025-10-17 01:00:00+00:00,0.611,85695,0.016638935108153063,-0.08244552706247654,0.615,88496.42857142857
Revolution Case,2025-10-18 01:00:00+00:00,0.613,86799,0.003273322422258529,0.012882898652196717,0.6147142857142857,87187.0
Revolution Case,2025-10-19 01:00:00+00:00,0.611,80886,-0.0032626427406199365,-0.06812290464175852,0.6131428571428571,86548.71428571429
Revolution Case,2025-10-20 01:00:00+00:00,0.622,71855,0.018003273322422242,-0.11165096555646215,0.6124285714285714,86155.57142857143
Revolution Case,2025-10-21 01:00:00+00:00,0.626,72139,0.006430868167202508,0.003952404147240962,0.6115714285714285,86259.0
Revolution Case,2025-10-22 01:00:00+00:00,0.58,118640,-0.07348242811501604,0.6446027807427328,0.6091428571428572,87058.42857142857
Revolution Case,2025-10-23 01:00:00+00:00,0.608,297470,0.048275862068965614,1.507333108563722,0.6101428571428571,116212.0
Revolution Case,2025-10-24 01:00:00+00:00,0.512,191915,-0.1578947368421052,-0.35484250512656734,0.5960000000000001,131386.2857142857
Revolution Case,2025-10-25 01:00:00+00:00,0.561,143295,0.095703125,-0.2533413229815282,0.5885714285714286,139457.14285714287
Revolution Case,2025-10-26 01:00:00+00:00,0.58,107433,0.03386809269162194,-0.25026693185386795,0.5841428571428572,143249.57142857142
Revolution Case,2025-10-27 01:00:00+00:00,0.565,79162,-0.025862068965517238,-0.2631500563141679,0.576,144293.42857142858
Revolution Case,2025-10-28 01:00:00+00:00,0.529,78415,-0.06371681415929187,-0.009436345721432038,0.562142857142857,145190.0
Revolution Case,2025-10-29 01:00:00+00:00,0.473,116752,-0.10586011342155022,0.48889880762609184,0.5468571428571429,144920.2857142857
Revolution Case,2025-10-30 01:00:00+00:00,0.489,114950,0.03382663847780121,-0.015434425106208072,0.5298571428571429,118846.0
Revolution Case,2025-10-31 01:00:00+00:00,0.526,109281,0.0756646216768917,-0.04931709438886467,0.5318571428571428,107041.14285714286
Revolution Case,2025-11-01 01:00:00+00:00,0.551,115909,0.04752851711026618,0.060650982329956804,0.5304285714285715,103128.85714285714
Revolution Case,2025-11-02 01:00:00+00:00,0.583,115759,0.05807622504537191,-0.001294118662053867,0.5308571428571429,104318.28571428571
Revolution Case,2025-11-03 01:00:00+00:00,0.594,95895,0.018867924528301883,-0.17159788871707604,0.535,106708.71428571429
Revolution Case,2025-11-04 01:00:00+00:00,0.591,80359,-0.005050505050505083,-0.16201053235309448,0.5438571428571428,106986.42857142857
Revolution Case,2025-11-05 01:00:00+00:00,0.551,112281,-0.06768189509306244,0.3972423748428926,0.5549999999999999,106347.71428571429
Revolution Case,2025-11-06 01:00:00+00:00,0.552,100330,0.001814882032667775,-0.10643831102323631,0.564,104259.14285714286
Revolution Case,2025-11-07 01:00:00+00:00,0.568,100594,0.02898550724637672,0.0026313166550384626,0.5700000000000001,103018.14285714286
Revolution Case,2025-11-08 01:00:00+00:00,0.556,89423,-0.021126760563380143,-0.11105036085651232,0.5707142857142857,99234.42857142857
Revolution Case,2025-11-09 01:00:00+00:00,0.543,85227,-0.023381294964028743,-0.04692305111660311,0.5650000000000001,94872.71428571429
Revolution Case,2025-11-10 01:00:00+00:00,0.532,73355,-0.0202578268876612,-0.1392985790887864,0.5561428571428572,91652.71428571429
Revolution Case,2025-11-11 01:00:00+00:00,0.525,66276,-0.013157894736842146,-0.09650330584145594,0.5467142857142858,89640.85714285714
Revolution Case,2025-11-12 01:00:00+00:00,0.491,107957,-0.0647619047619048,0.6289003560866679,0.5381428571428571,89023.14285714286
Revolution Case,2025-11-13 01:00:00+00:00,0.452,121210,-0.07942973523421581,0.12276184036236648,0.5238571428571429,92006.0
Revolution Case,2025-11-14 01:00:00+00:00,0.464,94848,0.026548672566371723,-0.21749030608035635,0.509,91185.14285714286
Revolution Case,2025-11-15 01:00:00+00:00,0.468,87301,0.008620689655172376,-0.07956941632928471,0.49642857142857144,90882.0
Revolution Case,2025-11-16 01:00:00+00:00,0.464,82009,-0.008547008547008517,-0.06061786233834665,0.4851428571428572,90422.28571428571
Revolution Case,2025-11-17 01:00:00+00:00,0.458,67205,-0.012931034482758674,-0.1805167725493544,0.4745714285714286,89543.71428571429
Revolution Case,2025-11-18 01:00:00+00:00,0.452,61567,-0.013100436681222738,-0.08389256751729779,0.46414285714285713,88871.0
Revolution Case,2025-11-19 01:00:00+00:00,0.436,110895,-0.03539823008849563,0.8012084395861419,0.4562857142857143,89290.71428571429
Revolution Case,2025-11-20 01:00:00+00:00,0.455,86260,0.04357798165137616,-0.22214707606294237,0.45671428571428574,84297.85714285714
Revolution Case,2025-11-21 01:00:00+00:00,0.443,82277,-0.02637362637362639,-0.04617435659633662,0.45371428571428574,82502.0
Revolution Case,2025-11-22 01:00:00+00:00,0.416,84723,-0.060948081264108445,0.029728842811478362,0.4462857142857143,82133.71428571429
Revolution Case,2025-11-23 01:00:00+00:00,0.412,81346,-0.009615384615384581,-0.03985930620964795,0.4388571428571429,82039.0
Revolution Case,2025-11-24 01:00:00+00:00,0.403,66197,-0.021844660194174637,-0.1862291938140781,0.431,81895.0
Revolution Case,2025-11-25 01:00:00+00:00,0.403,69510,0.0,0.05004758523800179,0.424,83029.71428571429
Revolution Case,2025-11-26 01:00:00+00:00,0.391,103679,-0.02977667493796532,0.49156955833692995,0.4175714285714286,81998.85714285714
Revolution Case,2025-11-27 01:00:00+00:00,0.384,88607,-0.01790281329923271,-0.1453717724900896,0.4074285714285714,82334.14285714286
Revolution Case,2025-11-28 01:00:00+00:00,0.392,90134,0.02083333333333326,0.01723340142426677,0.4001428571428571,83456.57142857143
Revolution Case,2025-11-29 01:00:00+00:00,0.403,92396,0.028061224489795977,0.025095968225087084,0.39828571428571424,84552.71428571429
Revolution Case,2025-11-30 01:00:00+00:00,0.407,81777,0.009925558312654958,-0.1149292177150526,0.3975714285714286,84614.28571428571
Revolution Case,2025-12-01 01:00:00+00:00,0.413,72921,0.014742014742014753,-0.10829450823581199,0.399,85574.85714285714
Revolution Case,2025-12-02 01:00:00+00:00,0.412,64724,-0.002421307506053294,-0.11240931967471646,0.4002857142857143,84891.14285714286
Revolution Case,2025-12-03 01:00:00+00:00,0.41,108119,-0.004854368932038833,0.670462270564242,0.40299999999999997,85525.42857142857
Revolution Case,2025-12-04 01:00:00+00:00,0.413,89758,0.007317073170731714,-0.16982214041935273,0.40714285714285714,85689.85714285714
Revolution Case,2025-12-05 01:00:00+00:00,0.418,86150,0.012106537530266248,-0.0401969740858753,0.41085714285714287,85120.71428571429
Revolution Case,2025-12-06 01:00:00+00:00,0.423,92262,0.011961722488038395,0.07094602437608821,0.4137142857142857,85101.57142857143
Revolution Case,2025-12-07 01:00:00+00:00,0.416,79860,-0.01654846335697402,-0.13442153866163753,0.415,84827.71428571429
Revolution Case,2025-12-08 01:00:00+00:00,0.422,70800,0.014423076923076872,-0.11344853493613827,0.41628571428571426,84524.71428571429
Revolution Case,2025-12-09 01:00:00+00:00,0.434,70383,0.028436018957346043,-0.0058898305084745806,0.41942857142857143,85333.14285714286
Revolution Case,2025-12-10 01:00:00+00:00,0.406,100196,-0.06451612903225801,0.42358239915888785,0.4188571428571429,84201.28571428571
Revolution Case,2025-12-11 01:00:00+00:00,0.399,82463,-0.017241379310344862,-0.17698311309832726,0.4168571428571428,83159.14285714286
Revolution Case,2025-12-12 01:00:00+00:00,0.404,83860,0.012531328320801949,0.016940931084243882,0.4148571428571429,82832.0
Revolution Case,2025-12-13 01:00:00+00:00,0.404,86814,0.0,0.03522537562604344,0.4121428571428572,82053.71428571429
Revolution Case,2025-12-14 01:00:00+00:00,0.399,82079,-0.012376237623762387,-0.0545418941645357,0.40971428571428575,82370.71428571429
Revolution Case,2025-12-15 01:00:00+00:00,0.401,73761,0.005012531328320913,-0.10134139061148406,0.4067142857142857,82793.71428571429
Revolution Case,2025-12-16 01:00:00+00:00,0.397,74337,-0.009975062344139696,0.007809004758612348,0.4014285714285714,83358.57142857143
Revolution Case,2025-12-17 01:00:00+00:00,0.379,113152,-0.04534005037783384,0.5221491316571829,0.39757142857142863,85209.42857142857
Revolution Case,2025-12-18 01:00:00+00:00,0.372,104750,-0.01846965699208447,-0.07425410067873306,0.39371428571428574,88393.28571428571
Revolution Case,2025-12-19 01:00:00+00:00,0.384,129628,0.032258064516129004,0.2374988066825776,0.39085714285714285,94931.57142857143
Revolution Case,2025-12-20 01:00:00+00:00,0.388,107370,0.01041666666666674,-0.17170673002746317,0.3885714285714286,97868.14285714286
Revolution Case,2025-12-21 01:00:00+00:00,0.385,95681,-0.0077319587628865705,-0.10886653627642728,0.38657142857142857,99811.28571428571
Revolution Case,2025-12-22 01:00:00+00:00,0.38,88813,-0.012987012987012991,-0.07178018624387283,0.38357142857142856,101961.57142857143
Revolution Case,2025-12-23 01:00:00+00:00,0.403,116915,0.06052631578947376,0.3164176415614832,0.3844285714285714,108044.14285714286
Revolution Case,2025-12-24 01:00:00+00:00,0.407,109005,0.009925558312654958,-0.06765598939400419,0.3884285714285714,107451.71428571429
Revolution Case,2025-12-25 01:00:00+00:00,0.41,113267,0.0073710073710073765,0.03909912389339931,0.39385714285714285,108668.42857142857
Revolution Case,2025-12-26 01:00:00+00:00,0.415,105287,0.012195121951219523,-0.07045300043260616,0.3982857142857143,105191.14285714286
Revolution Case,2025-12-27 01:00:00+00:00,0.413,95542,-0.004819277108433773,-0.09255653594460855,0.4018571428571428,103501.42857142857
Revolution Case,2025-12-28 01:00:00+00:00,0.416,93113,0.007263922518159882,-0.025423374013522904,0.40628571428571425,103134.57142857143
Revolution Case,2025-12-29 01:00:00+00:00,0.42,81300,0.009615384615384581,-0.12686735471953436,0.412,102061.28571428571
Revolution Case,2025-12-30 01:00:00+00:00,0.425,91158,0.011904761904761862,0.12125461254612535,0.41514285714285715,98381.71428571429
Revolution Case,2025-12-31 01:00:00+00:00,0.415,111975,-0.02352941176470591,0.22836174554070943,0.4162857142857143,98806.0
Revolution Case,2026-01-01 01:00:00+00:00,0.419,107413,0.009638554216867545,-0.040741236883232834,0.4175714285714286,97969.71428571429
Revolution Case,2026-01-02 01:00:00+00:00,0.416,103421,-0.007159904534606243,-0.03716496141062997,0.4177142857142857,97703.14285714286
Revolution Case,2026-01-03 01:00:00+00:00,0.409,88500,-0.016826923076923128,-0.14427437367652607,0.41714285714285715,96697.14285714286
Revolution Case,2026-01-04 01:00:00+00:00,0.409,85894,0.0,-0.02944632768361577,0.4161428571428571,95665.85714285714
Revolution Case,2026-01-05 01:00:00+00:00,0.411,82522,0.004889975550122161,-0.03925768971057353,0.41485714285714287,95840.42857142857
Revolution Case,2026-01-06 01:00:00+00:00,0.424,80436,0.031630170316301776,-0.025278107656140136,0.41471428571428565,94308.71428571429
Revolution Case,2026-01-07 01:00:00+00:00,0.409,97565,-0.03537735849056611,0.21295191207916853,0.4138571428571428,92250.14285714286
Revolution Case,2026-01-08 01:00:00+00:00,0.409,87229,0.0,-0.10593962999026285,0.41242857142857137,89366.71428571429
Revolution Case,2026-01-09 01:00:00+00:00,0.416,95701,0.017114914425427896,0.09712366300198338,0.41242857142857137,88263.85714285714
Revolution Case,2026-01-10 01:00:00+00:00,0.422,93284,0.014423076923076872,-0.025255744454080964,0.41428571428571426,88947.28571428571
Revolution Case,2026-01-11 01:00:00+00:00,0.423,84826,0.0023696682464455776,-0.09066935380129493,0.4162857142857143,88794.71428571429
Revolution Case,2026-01-12 01:00:00+00:00,0.426,71587,0.007092198581560183,-0.1560724306226864,0.4184285714285714,87232.57142857143
Revolution Case,2026-01-13 01:00:00+00:00,0.428,78174,0.0046948356807512415,0.0920139131406541,0.419,86909.42857142857
Revolution Case,2026-01-14 01:00:00+00:00,0.415,103580,-0.030373831775700966,0.3249929644127203,0.4198571428571428,87768.71428571429
Revolution Case,2026-01-15 01:00:00+00:00,0.413,89361,-0.004819277108433773,-0.13727553581772545,0.42042857142857143,88073.28571428571
Revolution Case,2026-01-16 01:00:00+00:00,0.423,98755,0.02421307506053272,0.10512415930887076,0.42142857142857143,88509.57142857143
Revolution Case,2026-01-17 01:00:00+00:00,0.417,99528,-0.014184397163120588,0.007827451774593763,0.4207142857142857,89401.57142857143
Revolution Case,2026-01-18 01:00:00+00:00,0.42,98107,0.007194244604316502,-0.014277389277389307,0.42028571428571426,91298.85714285714
Revolution Case,2026-01-19 01:00:00+00:00,0.425,82287,0.011904761904761862,-0.16125251001457597,0.4201428571428571,92827.42857142857
Revolution Case,2026-01-20 01:00:00+00:00,0.424,77035,-0.0023529411764705577,-0.06382539161714484,0.4195714285714286,92664.71428571429
Revolution Case,2026-01-21 01:00:00+00:00,0.408,97768,-0.037735849056603765,0.269137405075615,0.4185714285714286,91834.42857142857
Revolution Case,2026-01-22 01:00:00+00:00,0.385,106497,-0.056372549019607754,0.08928279191555522,0.41457142857142854,94282.42857142857
Revolution Case,2026-01-23 01:00:00+00:00,0.389,101671,0.010389610389610393,-0.045315830492877684,0.4097142857142857,94699.0
Revolution Case,2026-01-24 01:00:00+00:00,0.393,103556,0.010282776349614497,0.01854019336880719,0.40628571428571425,95274.42857142857
Revolution Case,2026-01-25 01:00:00+00:00,0.395,93340,0.0050890585241729624,-0.09865193711614972,0.4027142857142857,94593.42857142857
Revolution Case,2026-01-26 01:00:00+00:00,0.394,81032,-0.0025316455696202667,-0.1318620098564388,0.3982857142857143,94414.14285714286
Revolution Case,2026-01-27 01:00:00+00:00,0.392,82823,-0.005076142131979711,0.022102379306940367,0.3937142857142857,95241.0
Revolution Case,2026-01-28 01:00:00+00:00,0.376,109274,-0.04081632653061229,0.31936780845900303,0.3891428571428572,96884.71428571429
Revolution Case,2026-01-29 01:00:00+00:00,0.37,97765,-0.015957446808510634,-0.10532240057104159,0.387,95637.28571428571
Revolution Case,2026-01-30 01:00:00+00:00,0.375,98069,0.013513513513513598,0.0031094972638470164,0.38499999999999995,95122.71428571429
Revolution Case,2026-01-31 01:00:00+00:00,0.376,102453,0.002666666666666595,0.04470321916201847,0.38257142857142856,94965.14285714286
Revolution Case,2026-02-01 01:00:00+00:00,0.38,94079,0.010638297872340496,-0.08173503948151839,0.38042857142857145,95070.71428571429
Revolution Case,2026-02-02 01:00:00+00:00,0.382,76554,0.0052631578947368585,-0.18627961606734766,0.37871428571428567,94431.0
Revolution Case,2026-02-03 01:00:00+00:00,0.379,79533,-0.007853403141361293,0.03891370797084415,0.37685714285714284,93961.0
Revolution Case,2026-02-04 01:00:00+00:00,0.357,105103,-0.05804749340369397,0.32150176656230744,0.3741428571428571,93365.14285714286
Revolution Case,2026-02-05 01:00:00+00:00,0.35,90234,-0.019607843137254943,-0.14147074774269053,0.37128571428571433,92289.28571428571
Revolution Case,2026-02-06 01:00:00+00:00,0.356,99764,0.017142857142857126,0.10561429173038994,0.3685714285714286,92531.42857142857
Revolution Case,2026-02-07 01:00:00+00:00,0.358,99597,0.00561797752808979,-0.001673950523234824,0.366,92123.42857142857
Revolution Case,2026-02-08 01:00:00+00:00,0.358,90848,0.0,-0.08784401136580422,0.3628571428571429,91661.85714285714
Revolution Case,2026-02-09 01:00:00+00:00,0.353,76888,-0.013966480446927387,-0.1536632617118704,0.3587142857142857,91709.57142857143
Revolution Case,2026-02-10 01:00:00+00:00,0.354,83185,0.0028328611898016387,0.08189834564561438,0.3551428571428571,92231.28571428571
Revolution Case,2026-02-11 01:00:00+00:00,0.339,111494,-0.04237288135593209,0.34031375849011236,0.3525714285714286,93144.28571428571
Revolution Case,2026-02-12 01:00:00+00:00,0.34,102323,0.002949852507374562,-0.08225554738371577,0.3511428571428571,94871.28571428571
Revolution Case,2026-02-13 01:00:00+00:00,0.344,104410,0.011764705882352677,0.020396196358589913,0.34942857142857137,95535.0
Revolution Case,2026-02-14 01:00:00+00:00,0.349,103553,0.014534883720930258,-0.008208026051144568,0.34814285714285714,96100.14285714286
Revolution Case,2026-02-15 01:00:00+00:00,0.352,93814,0.008595988538681931,-0.09404845827740382,0.34728571428571425,96523.85714285714
Revolution Case,2026-02-16 01:00:00+00:00,0.363,94767,0.03125,0.010158398533268054,0.3487142857142857,99078.0
Revolution Case,2026-02-17 01:00:00+00:00,0.361,81033,-0.005509641873278293,-0.1449238659026877,0.3497142857142857,98770.57142857143
Revolution Case,2026-02-18 01:00:00+00:00,0.343,113451,-0.0498614958448752,0.40005923512643005,0.35028571428571426,99050.14285714286
Revolution Case,2026-02-19 01:00:00+00:00,0.335,111833,-0.023323615160349864,-0.014261663625706245,0.3495714285714286,100408.71428571429
Revolution Case,2026-02-20 01:00:00+00:00,0.343,110157,0.023880597014925398,-0.014986631852851984,0.34942857142857137,101229.71428571429
Revolution Case,2026-02-21 01:00:00+00:00,0.348,122681,0.014577259475218485,0.11369227557032247,0.34928571428571425,103962.28571428571
Revolution Case,2026-02-22 01:00:00+00:00,0.353,114344,0.014367816091954033,-0.06795673331648744,0.3494285714285715,106895.14285714286
Revolution Case,2026-02-23 01:00:00+00:00,0.351,95527,-0.005665722379603388,-0.16456482194081024,0.34771428571428575,107003.71428571429
Revolution Case,2026-02-24 01:00:00+00:00,0.355,91290,0.01139601139601143,-0.04435395228574124,0.34685714285714286,108469.0
Revolution Case,2026-02-25 01:00:00+00:00,0.34,119808,-0.042253521126760396,0.31238908971409796,0.3464285714285714,109377.14285714286
Revolution Case,2026-02-26 01:00:00+00:00,0.338,105262,-0.00588235294117645,-0.12141092414529919,0.34685714285714286,108438.42857142857
Revolution Case,2026-02-27 01:00:00+00:00,0.345,114045,0.020710059171597406,0.08343941783359621,0.34714285714285714,108993.85714285714
Revolution Case,2026-02-28 01:00:00+00:00,0.351,123399,0.01739130434782621,0.08202025516243583,0.3475714285714286,109096.42857142857
Revolution Case,2026-03-01 01:00:00+00:00,0.355,109132,0.01139601139601143,-0.11561682023355135,0.34785714285714286,108351.85714285714
Revolution Case,2026-03-02 01:00:00+00:00,0.353,86918,-0.005633802816901401,-0.2035516622072353,0.34814285714285714,107122.0
Revolution Case,2026-03-03 01:00:00+00:00,0.355,87955,0.0056657223796034994,0.011930785337904704,0.34814285714285714,106645.57142857143
Revolution Case,2026-03-04 01:00:00+00:00,0.343,114133,-0.033802816901408295,0.297629469615144,0.3485714285714286,105834.85714285714
Revolution Case,2026-03-05 01:00:00+00:00,0.351,115198,0.023323615160349753,0.009331218841176492,0.3504285714285714,107254.28571428571
Revolution Case,2026-03-06 01:00:00+00:00,0.354,123628,0.008547008547008517,0.07317835379086435,0.3517142857142857,108623.28571428571
Revolution Case,2026-03-07 01:00:00+00:00,0.356,126960,0.005649717514124353,0.02695182321157019,0.35242857142857137,109132.0
Revolution Case,2026-03-08 01:00:00+00:00,0.357,112648,0.002808988764045006,-0.11272841839949588,0.3527142857142857,109634.28571428571
Revolution Case,2026-03-09 01:00:00+00:00,0.356,98635,-0.0028011204481792618,-0.12439634969107305,0.35314285714285715,111308.14285714286
Revolution Case,2026-03-10 01:00:00+00:00,0.356,88829,0.0,-0.09941704263192574,0.35328571428571426,111433.0
Revolution Case,2026-03-11 01:00:00+00:00,0.349,130263,-0.0196629213483146,0.46644676851028377,0.35414285714285715,113737.28571428571
Revolution Case,2026-03-12 01:00:00+00:00,0.366,197330,0.04871060171919783,0.5148584018485678,0.35628571428571426,125470.42857142857
Revolution Case,2026-03-13 01:00:00+00:00,0.387,204112,0.05737704918032782,0.034368823797699344,0.36100000000000004,136968.14285714287
Revolution Case,2026-03-14 01:00:00+00:00,0.421,208883,0.08785529715762275,0.023374421886023455,0.3702857142857143,148671.42857142858
Revolution Case,2026-03-15 01:00:00+00:00,0.454,186676,0.07838479809976251,-0.10631310350770529,0.3841428571428572,159246.85714285713
Revolution Case,2026-03-16 01:00:00+00:00,0.464,134770,0.022026431718061623,-0.2780539544451349,0.3995714285714286,164409.0
Revolution Case,2026-03-17 01:00:00+00:00,0.479,127072,0.03232758620689635,-0.05711953698894412,0.41714285714285715,169872.2857142857
Revolution Case,2026-03-18 01:00:00+00:00,0.45,163692,-0.06054279749478075,0.2881830773105012,0.43157142857142855,174647.85714285713
Revolution Case,2026-03-19 01:00:00+00:00,0.443,149716,-0.015555555555555545,-0.08537985973657847,0.4425714285714286,167845.85714285713
Revolution Case,2026-03-20 01:00:00+00:00,0.421,161852,-0.04966139954853277,0.08106014053274202,0.44742857142857145,161808.7142857143
Revolution Case,2026-03-21 01:00:00+00:00,0.438,153412,0.04038004750593838,-0.05214640535798132,0.44985714285714284,153884.2857142857
Revolution Case,2026-03-22 01:00:00+00:00,0.446,146816,0.0182648401826484,-0.04299533282924417,0.44871428571428573,148190.0
Revolution Case,2026-03-23 01:00:00+00:00,0.449,118970,0.006726457399103047,-0.18966597646033134,0.44657142857142856,145932.85714285713
Revolution Case,2026-03-24 01:00:00+00:00,0.441,116026,-0.017817371937639215,-0.024745734218710624,0.44114285714285717,144354.85714285713
Revolution Case,2026-03-25 01:00:00+00:00,0.425,172665,-0.03628117913832207,0.48815782669401675,0.4375714285714286,145636.7142857143
Revolution Case,2026-03-26 01:00:00+00:00,0.424,147065,-0.0023529411764705577,-0.1482639793820404,0.4348571428571429,145258.0
Revolution Case,2026-03-27 01:00:00+00:00,0.451,158886,0.06367924528301883,0.0803794240641893,0.43914285714285717,144834.2857142857
Revolution Case,2026-03-28 01:00:00+00:00,0.476,163919,0.055432372505543226,0.03167679971803694,0.44457142857142856,146335.2857142857
Revolution Case,2026-03-29 01:00:00+00:00,0.504,154536,0.05882352941176472,-0.05724168644269423,0.45285714285714285,147438.14285714287
Revolution Case,2026-03-30 01:00:00+00:00,0.507,116448,0.005952380952380931,-0.24646684267743435,0.46114285714285713,147077.85714285713
Revolution Case,2026-03-31 01:00:00+00:00,0.505,114766,-0.0039447731755424265,-0.014444215443803254,0.47028571428571425,146897.85714285713
Revolution Case,2026-04-01 01:00:00+00:00,0.489,161980,-0.03168316831683171,0.41139361831901433,0.4794285714285714,145371.42857142858
Revolution Case,2026-04-02 01:00:00+00:00,0.494,146798,0.010224948875255713,-0.09372762069391283,0.4894285714285714,145333.2857142857
Revolution Case,2026-04-03 01:00:00+00:00,0.504,145645,0.020242914979757165,-0.007854330440469237,0.49699999999999994,143441.7142857143
Revolution Case,2026-04-04 01:00:00+00:00,0.512,162773,0.015873015873015817,0.11760101616945318,0.5021428571428571,143278.0
Revolution Case,2026-04-05 01:00:00+00:00,0.534,146534,0.04296875,-0.09976470299128237,0.5064285714285715,142134.85714285713
Revolution Case,2026-04-06 01:00:00+00:00,0.529,123738,-0.009363295880149836,-0.15556799104644659,0.5095714285714286,143176.2857142857
Revolution Case,2026-04-07 01:00:00+00:00,0.53,119923,0.001890359168241984,-0.030831272527437004,0.5131428571428572,143913.0
Revolution Case,2026-04-08 01:00:00+00:00,0.51,163721,-0.037735849056603765,0.3652176813455301,0.5161428571428571,144161.7142857143
Revolution Case,2026-04-09 01:00:00+00:00,0.514,145465,0.007843137254901933,-0.11150677066472836,0.519,143971.2857142857
Revolution Case,2026-04-10 01:00:00+00:00,0.518,158591,0.0077821011673151474,0.0902347643763104,0.521,145820.7142857143
Revolution Case,2026-04-11 01:00:00+00:00,0.534,157103,0.030888030888030826,-0.009382625747993312,0.5241428571428572,145010.7142857143
Revolution Case,2026-04-12 01:00:00+00:00,0.541,92767,0.013108614232209659,-0.4095147769297849,0.5251428571428571,137329.7142857143
Revolution Case,2026-04-12 18:00:00+00:00,0.54,7019,-0.001848428835489857,-0.9243373182273869,0.5267142857142858,120655.57142857143
Revolution Case,2026-04-12 19:00:00+00:00,0.539,7484,-0.0018518518518518823,0.06624875338367286,0.5279999999999999,104592.85714285714
Revolution Case,2026-04-12 20:00:00+00:00,0.566,20699,0.05009276437847854,1.765766969535008,0.536,84161.14285714286
Revolution Case,2026-04-12 21:00:00+00:00,0.574,14377,0.014134275618374659,-0.30542538286873766,0.5445714285714286,65434.28571428572
Revolution Case,2026-04-12 22:00:00+00:00,0.582,12725,0.013937282229965264,-0.11490575224316613,0.5537142857142857,44596.28571428572
Revolution Case,2026-04-12 23:00:00+00:00,0.584,13891,0.0034364261168384758,0.09163064833005885,0.5608571428571428,24137.428571428572
Revolution Case,2026-04-13 00:00:00+00:00,0.589,6221,0.008561643835616417,-0.5521560722770139,0.5677142857142857,11773.714285714286
Revolution Case,2026-04-13 01:00:00+00:00,0.58,4430,-0.015280135823429575,-0.2878958366822054,0.5734285714285713,11403.857142857143
Revolution Case,2026-04-13 02:00:00+00:00,0.586,4294,0.010344827586206806,-0.03069977426636572,0.5801428571428572,10948.142857142857
Revolution Case,2026-04-13 03:00:00+00:00,0.583,3582,-0.005119453924914641,-0.16581276199347927,0.5825714285714285,8502.857142857143
Revolution Case,2026-04-13 04:00:00+00:00,0.586,3934,0.005145797598627766,0.09826912339475147,0.5842857142857143,7011.0
Revolution Case,2026-04-13 05:00:00+00:00,0.58,3361,-0.010238907849829393,-0.1456532791052364,0.584,5673.285714285715
Revolution Case,2026-04-13 06:00:00+00:00,0.58,3281,0.0,-0.023802439750074345,0.5834285714285714,4157.571428571428
Revolution Case,2026-04-13 07:00:00+00:00,0.588,3956,0.01379310344827589,0.20572996037793345,0.5832857142857143,3834.0
Revolution Case,2026-04-13 08:00:00+00:00,0.563,3438,-0.04251700680272108,-0.13094034378159758,0.5808571428571428,3692.285714285714
Revolution Case,2026-04-13 09:00:00+00:00,0.556,4020,-0.012433392539964339,0.16928446771378702,0.5765714285714285,3653.1428571428573
Revolution Case,2026-04-13 10:00:00+00:00,0.563,3626,0.012589928057553657,-0.09800995024875625,0.5737142857142857,3659.4285714285716
Revolution Case,2026-04-13 11:00:00+00:00,0.569,3824,0.010657193605683846,0.054605626034197385,0.5712857142857143,3643.714285714286
Revolution Case,2026-04-13 12:00:00+00:00,0.565,4172,-0.00702987697715296,0.09100418410041833,0.5691428571428571,3759.5714285714284
Revolution Case,2026-04-13 13:00:00+00:00,0.565,4469,0.0,0.07118887823585807,0.567,3929.285714285714
Revolution Case,2026-04-13 14:00:00+00:00,0.563,5116,-0.0035398230088495852,0.1447751174759453,0.5634285714285714,4095.0
Revolution Case,2026-04-13 15:00:00+00:00,0.566,6239,0.005328596802842034,0.21950742767787323,0.5638571428571428,4495.142857142857
Revolution Case,2026-04-13 16:00:00+00:00,0.563,5737,-0.005300353356890497,-0.08046161243789074,0.5648571428571428,4740.428571428572
Revolution Case,2026-04-13 17:00:00+00:00,0.57,6048,0.01243339253996445,0.054209517169252264,0.5658571428571427,5086.428571428572
Revolution Case,2026-04-13 18:00:00+00:00,0.575,6414,0.00877192982456143,0.06051587301587302,0.5667142857142856,5456.428571428572
Revolution Case,2026-04-13 19:00:00+00:00,0.575,7142,0.0,0.11350171499844097,0.5681428571428571,5880.714285714285
Revolution Case,2026-04-13 20:00:00+00:00,0.58,6915,0.008695652173912993,-0.03178381405768693,0.5702857142857142,6230.142857142857
Revolution Case,2026-04-13 21:00:00+00:00,0.583,5772,0.005172413793103514,-0.16529284164859004,0.5731428571428571,6323.857142857143
Revolution Case,2026-04-13 22:00:00+00:00,0.585,5537,0.0034305317324185847,-0.040713790713790665,0.5758571428571428,6223.571428571428
Revolution Case,2026-04-13 23:00:00+00:00,0.59,4274,0.008547008547008517,-0.22810186021311174,0.5797142857142857,6014.571428571428
Revolution Case,2026-04-14 00:00:00+00:00,0.596,4072,0.01016949152542379,-0.0472625175479644,0.5834285714285714,5732.285714285715
Revolution Case,2026-04-14 01:00:00+00:00,0.59,4566,-0.010067114093959773,0.1213163064833005,0.5855714285714286,5468.285714285715
Revolution Case,2026-04-14 02:00:00+00:00,0.592,4113,0.003389830508474523,-0.09921156373193163,0.588,5035.571428571428
Revolution Case,2026-04-14 03:00:00+00:00,0.59,3677,-0.0033783783783783994,-0.10600534889375157,0.5894285714285713,4573.0
Revolution Case,2026-04-14 04:00:00+00:00,0.6,3673,0.016949152542372836,-0.0010878433505575602,0.5918571428571429,4273.142857142857
Revolution Case,2026-04-14 05:00:00+00:00,0.59,2697,-0.01666666666666672,-0.2657228423631909,0.5925714285714285,3867.4285714285716
Revolution Case,2026-04-14 06:00:00+00:00,0.592,3163,0.003389830508474523,0.17278457545420833,0.5928571428571427,3708.714285714286
Revolution Case,2026-04-14 07:00:00+00:00,0.596,2709,0.006756756756756799,-0.14353461903256404,0.5928571428571427,3514.0
Revolution Case,2026-04-14 08:00:00+00:00,0.57,3429,-0.043624161073825496,0.26578073089700993,0.59,3351.5714285714284
Revolution Case,2026-04-14 09:00:00+00:00,0.57,3267,0.0,-0.047244094488189003,0.5868571428571429,3230.714285714286
Revolution Case,2026-04-14 10:00:00+00:00,0.57,3495,0.0,0.0697887970615243,0.584,3204.714285714286
Revolution Case,2026-04-14 11:00:00+00:00,0.574,4035,0.007017543859649145,0.15450643776824036,0.5802857142857142,3256.4285714285716
Revolution Case,2026-04-14 12:00:00+00:00,0.573,4320,-0.0017421602787456303,0.07063197026022294,0.5778571428571428,3488.285714285714
Revolution Case,2026-04-14 13:00:00+00:00,0.573,3886,0.0,-0.10046296296296298,0.5751428571428571,3591.5714285714284
Revolution Case,2026-04-14 14:00:00+00:00,0.58,4994,0.01221640488656206,0.2851260936695832,0.5728571428571428,3918.0
Revolution Case,2026-04-14 15:00:00+00:00,0.578,5332,-0.0034482758620689724,0.06768121746095312,0.574,4189.857142857143
Revolution Case,2026-04-14 16:00:00+00:00,0.58,5336,0.0034602076124568004,0.0007501875468867159,0.5754285714285714,4485.428571428572
Revolution Case,2026-04-14 17:00:00+00:00,0.578,5588,-0.0034482758620689724,0.04722638680659674,0.5765714285714285,4784.428571428572
Revolution Case,2026-04-14 18:00:00+00:00,0.575,5749,-0.00519031141868509,0.02881173944166071,0.5767142857142857,5029.285714285715
Revolution Case,2026-04-14 19:00:00+00:00,0.578,6024,0.00521739130434784,0.0478344059836493,0.5774285714285714,5272.714285714285
Revolution Case,2026-04-14 20:00:00+00:00,0.59,6221,0.02076124567474058,0.03270252324037193,0.5798571428571428,5606.285714285715
Revolution Case,2026-04-14 21:00:00+00:00,0.59,5093,0.0,-0.18132133097572734,0.5812857142857143,5620.428571428572
Revolution Case,2026-04-14 22:00:00+00:00,0.598,5337,0.013559322033898313,0.04790889456116232,0.5841428571428571,5621.142857142857
Revolution Case,2026-04-14 23:00:00+00:00,0.598,4153,0.0,-0.2218474798575979,0.5867142857142857,5452.142857142857
Revolution Case,2026-04-15 00:00:00+00:00,0.6,4018,0.0033444816053511683,-0.032506621719239126,0.5898571428571427,5227.857142857143
Revolution Case,2026-04-15 01:00:00+00:00,0.602,4477,0.0033333333333334103,0.11423593827775003,0.5937142857142856,5046.142857142857
Revolution Case,2026-04-15 02:00:00+00:00,0.6,5404,-0.0033222591362126463,0.20705829796738895,0.5968571428571429,4957.571428571428
Revolution Case,2026-04-15 03:00:00+00:00,0.598,4995,-0.0033333333333332993,-0.0756846780162842,0.598,4782.428571428572
Revolution Case,2026-04-15 04:00:00+00:00,0.6,4828,0.0033444816053511683,-0.03343343343343341,0.5994285714285714,4744.571428571428
Revolution Case,2026-04-15 05:00:00+00:00,0.597,4260,-0.0050000000000000044,-0.11764705882352944,0.5992857142857143,4590.714285714285
Revolution Case,2026-04-15 06:00:00+00:00,0.589,3784,-0.01340033500837523,-0.11173708920187797,0.598,4538.0
Revolution Case,2026-04-15 07:00:00+00:00,0.578,3441,-0.018675721561969505,-0.09064482029598309,0.5948571428571429,4455.571428571428
Revolution Case,2026-04-15 08:00:00+00:00,0.575,4743,-0.00519031141868509,0.3783783783783783,0.591,4493.571428571428
Revolution Case,2026-04-15 09:00:00+00:00,0.57,4252,-0.008695652173913104,-0.10352097828378659,0.5867142857142856,4329.0
Revolution Case,2026-04-15 10:00:00+00:00,0.556,4676,-0.024561403508771784,0.09971777986829733,0.5807142857142856,4283.428571428572
Revolution Case,2026-04-15 11:00:00+00:00,0.555,4976,-0.0017985611510791255,0.06415739948674082,0.5742857142857142,4304.571428571428
Revolution Case,2026-04-15 12:00:00+00:00,0.551,5212,-0.007207207207207245,0.047427652733119,0.5677142857142857,4440.571428571428
Revolution Case,2026-04-15 13:00:00+00:00,0.55,5889,-0.001814882032667886,0.1298925556408288,0.5621428571428572,4741.285714285715
Revolution Case,2026-04-15 14:00:00+00:00,0.552,7902,0.0036363636363636598,0.3418237391747325,0.5584285714285715,5378.571428571428
Revolution Case,2026-04-15 15:00:00+00:00,0.552,8333,0.0,0.0545431536319918,0.5551428571428572,5891.428571428572
Revolution Case,2026-04-15 16:00:00+00:00,0.556,8537,0.007246376811594235,0.024480979239169587,0.5531428571428572,6503.571428571428
Revolution Case,2026-04-15 17:00:00+00:00,0.558,9242,0.003597122302158251,0.08258170317441715,0.5534285714285715,7155.857142857143
Revolution Case,2026-04-15 18:00:00+00:00,0.554,9298,-0.007168458781361964,0.006059294524994652,0.5532857142857143,7773.285714285715
Revolution Case,2026-04-15 19:00:00+00:00,0.552,9608,-0.0036101083032491488,0.033340503334050364,0.5534285714285715,8401.285714285714
Revolution Case,2026-04-15 20:00:00+00:00,0.561,9266,0.016304347826086918,-0.035595337218984224,0.555,8883.714285714286
Revolution Case,2026-04-15 21:00:00+00:00,0.561,8193,0.0,-0.115799697819987,0.5562857142857143,8925.285714285714
Revolution Case,2026-04-15 22:00:00+00:00,0.566,7296,0.008912655971479388,-0.10948370560234344,0.5582857142857144,8777.142857142857
Revolution Case,2026-04-15 23:00:00+00:00,0.57,5917,0.007067137809187329,-0.18900767543859653,0.5602857142857143,8402.857142857143
Revolution Case,2026-04-16 00:00:00+00:00,0.58,5335,0.01754385964912286,-0.09836065573770492,0.5634285714285714,7844.714285714285
Revolution Case,2026-04-16 01:00:00+00:00,0.587,5834,0.012068965517241459,0.09353327085285845,0.5681428571428572,7349.857142857143
Revolution Case,2026-04-16 02:00:00+00:00,0.58,4870,-0.011925042589437829,-0.1652382584847446,0.5721428571428572,6673.0
Revolution Case,2026-04-16 03:00:00+00:00,0.587,4073,0.012068965517241459,-0.16365503080082133,0.5758571428571428,5931.142857142857
Revolution Case,2026-04-16 04:00:00+00:00,0.59,3737,0.005110732538330609,-0.08249447581635161,0.58,5294.571428571428
Revolution Case,2026-04-16 05:00:00+00:00,0.59,3313,0.0,-0.1134599946481134,0.5834285714285714,4725.571428571428
Revolution Case,2026-04-16 06:00:00+00:00,0.59,3391,0.0,0.02354361605795341,0.5862857142857143,4364.714285714285
Revolution Case,2026-04-16 07:00:00+00:00,0.58,2695,-0.016949152542372947,-0.20524918902978473,0.5862857142857142,3987.5714285714284
Revolution Case,2026-04-16 08:00:00+00:00,0.57,3790,-0.017241379310344862,0.40630797773654925,0.5838571428571429,3695.5714285714284
Revolution Case,2026-04-16 09:00:00+00:00,0.561,4092,-0.015789473684210353,0.07968337730870712,0.5811428571428571,3584.4285714285716
Revolution Case,2026-04-16 10:00:00+00:00,0.55,4246,-0.019607843137254943,0.037634408602150504,0.575857142857143,3609.1428571428573
Revolution Case,2026-04-16 11:00:00+00:00,0.554,4984,0.0072727272727273196,0.17381064531323598,0.5707142857142857,3787.285714285714
Revolution Case,2026-04-16 12:00:00+00:00,0.552,4753,-0.0036101083032491488,-0.0463483146067416,0.5652857142857143,3993.0
Revolution Case,2026-04-16 13:00:00+00:00,0.55,5700,-0.0036231884057971175,0.1992425836313907,0.5595714285714286,4322.857142857143
Revolution Case,2026-04-16 14:00:00+00:00,0.554,5665,0.0072727272727273196,-0.0061403508771930015,0.5558571428571428,4747.142857142857
Revolution Case,2026-04-16 15:00:00+00:00,0.558,6850,0.0072202166064982976,0.20917917034421896,0.5541428571428572,5184.285714285715
Revolution Case,2026-04-16 16:00:00+00:00,0.559,6438,0.0017921146953405742,-0.06014598540145988,0.5538571428571429,5519.428571428572
Revolution Case,2026-04-16 17:00:00+00:00,0.562,7773,0.005366726296958779,0.2073625349487418,0.5555714285714286,6023.285714285715
Revolution Case,2026-04-16 18:00:00+00:00,0.566,8329,0.007117437722419684,0.07152965393027144,0.5572857142857143,6501.142857142857
Revolution Case,2026-04-16 19:00:00+00:00,0.554,7773,-0.021201413427561655,-0.06675471245047426,0.5575714285714286,6932.571428571428
Revolution Case,2026-04-16 20:00:00+00:00,0.566,7590,0.02166064981949445,-0.023543033577769212,0.5598571428571428,7202.571428571428
Revolution Case,2026-04-16 21:00:00+00:00,0.57,7242,0.007067137809187329,-0.04584980237154146,0.5621428571428572,7427.857142857143
Revolution Case,2026-04-16 22:00:00+00:00,0.577,6918,0.012280701754386003,-0.04473902236951122,0.5648571428571428,7437.571428571428
Revolution Case,2026-04-16 23:00:00+00:00,0.582,5486,0.008665511265164572,-0.20699624168834918,0.5681428571428572,7301.571428571428
Revolution Case,2026-04-17 00:00:00+00:00,0.589,5665,0.012027491408934665,0.03262850893182656,0.572,7000.428571428572
Revolution Case,2026-04-17 01:00:00+00:00,0.597,5073,0.013582342954159499,-0.10450132391879963,0.5764285714285714,6535.285714285715
Revolution Case,2026-04-17 02:00:00+00:00,0.595,5063,-0.00335008375209378,-0.0019712201852947198,0.5822857142857142,6148.142857142857
Revolution Case,2026-04-17 03:00:00+00:00,0.592,4226,-0.005042016806722671,-0.16531700572782937,0.5860000000000001,5667.571428571428
Revolution Case,2026-04-17 04:00:00+00:00,0.6,4565,0.013513513513513598,0.08021769995267403,0.5902857142857142,5285.142857142857
Revolution Case,2026-04-17 05:00:00+00:00,0.593,3117,-0.011666666666666714,-0.3171960569550931,0.5925714285714285,4742.142857142857
Revolution Case,2026-04-17 06:00:00+00:00,0.59,3529,-0.005059021922428353,0.13217837664420928,0.5937142857142856,4462.571428571428
Revolution Case,2026-04-17 07:00:00+00:00,0.59,3210,0.0,-0.09039387928591669,0.5938571428571429,4111.857142857143
Revolution Case,2026-04-17 08:00:00+00:00,0.565,3464,-0.0423728813559322,0.0791277258566978,0.5892857142857143,3882.0
Revolution Case,2026-04-17 09:00:00+00:00,0.563,3826,-0.0035398230088495852,0.1045034642032332,0.5847142857142857,3705.285714285714
Revolution Case,2026-04-17 10:00:00+00:00,0.573,5816,0.017761989342806483,0.5201254573967591,0.582,3932.4285714285716
Revolution Case,2026-04-17 11:00:00+00:00,0.57,4589,-0.005235602094240788,-0.21096973865199453,0.5777142857142856,3935.8571428571427
Revolution Case,2026-04-17 12:00:00+00:00,0.577,4740,0.012280701754386003,0.03290477228154276,0.5754285714285714,4167.714285714285
Revolution Case,2026-04-17 13:00:00+00:00,0.57,5607,-0.012131715771230511,0.18291139240506338,0.5725714285714286,4464.571428571428
Revolution Case,2026-04-17 14:00:00+00:00,0.57,5434,0.0,-0.030854289281255554,0.5697142857142856,4782.285714285715
Revolution Case,2026-04-17 15:00:00+00:00,0.57,6286,0.0,0.1567905778432095,0.5704285714285714,5185.428571428572
Revolution Case,2026-04-17 16:00:00+00:00,0.573,6653,0.0052631578947368585,0.05838370983137131,0.5718571428571427,5589.285714285715
Revolution Case,2026-04-17 17:00:00+00:00,0.577,7598,0.00698080279232105,0.14204118442807756,0.5724285714285714,5843.857142857143
Revolution Case,2026-04-17 18:00:00+00:00,0.577,8040,0.0,0.058173203474598534,0.5734285714285713,6336.857142857143
Revolution Case,2026-04-17 19:00:00+00:00,0.577,8193,0.0,0.01902985074626873,0.5734285714285713,6830.142857142857
Revolution Case,2026-04-17 20:00:00+00:00,0.57,7742,-0.012131715771230511,-0.055046991334065654,0.5734285714285713,7135.142857142857
Revolution Case,2026-04-17 21:00:00+00:00,0.582,7693,0.021052631578947434,-0.006329113924050667,0.5751428571428571,7457.857142857143
Revolution Case,2026-04-17 22:00:00+00:00,0.58,7693,-0.0034364261168384758,0.0,0.5765714285714285,7658.857142857143
Revolution Case,2026-04-17 23:00:00+00:00,0.59,6467,0.01724137931034475,-0.1593656570908618,0.579,7632.285714285715
Revolution Case,2026-04-18 00:00:00+00:00,0.592,5112,0.003389830508474523,-0.20952528220194833,0.5811428571428571,7277.142857142857
Revolution Case,2026-04-18 01:00:00+00:00,0.599,5323,0.011824324324324342,0.041275430359937415,0.5842857142857143,6889.0
Revolution Case,2026-04-18 02:00:00+00:00,0.599,5377,0.0,0.010144655269584746,0.5874285714285714,6486.714285714285
Revolution Case,2026-04-18 03:00:00+00:00,0.6,5320,0.0016694490818029983,-0.010600706713780883,0.5917142857142856,6140.714285714285
Revolution Case,2026-04-18 04:00:00+00:00,0.6,5205,0.0,-0.021616541353383423,0.5942857142857143,5785.285714285715
Revolution Case,2026-04-18 05:00:00+00:00,0.6,4540,0.0,-0.12776176753121993,0.5971428571428571,5334.857142857143
Revolution Case,2026-04-18 06:00:00+00:00,0.6,3822,0.0,-0.15814977973568278,0.5985714285714285,4957.0
Revolution Case,2026-04-18 07:00:00+00:00,0.6,4919,0.0,0.2870225013082155,0.5997142857142856,4929.428571428572
Revolution Case,2026-04-18 08:00:00+00:00,0.59,4680,-0.01666666666666672,-0.04858711120146375,0.5984285714285714,4837.571428571428
Revolution Case,2026-04-18 09:00:00+00:00,0.57,4621,-0.03389830508474578,-0.012606837606837562,0.5942857142857143,4729.571428571428
Revolution Case,2026-04-18 10:00:00+00:00,0.57,5244,0.0,0.13481930318112956,0.59,4718.714285714285
Revolution Case,2026-04-18 11:00:00+00:00,0.568,4337,-0.0035087719298245723,-0.1729595728451564,0.5854285714285714,4594.714285714285
Revolution Case,2026-04-18 12:00:00+00:00,0.57,4700,0.0035211267605634866,0.08369840903850578,0.5811428571428571,4617.571428571428
Revolution Case,2026-04-18 13:00:00+00:00,0.562,5056,-0.014035087719298067,0.07574468085106378,0.5757142857142856,4793.857142857143
Revolution Case,2026-04-18 14:00:00+00:00,0.568,5734,0.010676156583629748,0.1340981012658229,0.5711428571428571,4910.285714285715
Revolution Case,2026-04-18 15:00:00+00:00,0.567,5454,-0.0017605633802817433,-0.04883153121730033,0.5678571428571428,5020.857142857143
Revolution Case,2026-04-18 16:00:00+00:00,0.568,5517,0.0017636684303350414,0.011551155115511635,0.5675714285714285,5148.857142857143
Revolution Case,2026-04-18 17:00:00+00:00,0.57,5918,0.0035211267605634866,0.07268442994381008,0.5675714285714285,5245.142857142857
Revolution Case,2026-04-18 18:00:00+00:00,0.579,6677,0.015789473684210575,0.12825278810408913,0.5691428571428572,5579.428571428572
Revolution Case,2026-04-18 19:00:00+00:00,0.574,6264,-0.008635578583765069,-0.061854126104538,0.5697142857142856,5802.857142857143
Revolution Case,2026-04-18 20:00:00+00:00,0.588,7705,0.024390243902439046,0.23004469987228604,0.5734285714285713,6181.285714285715
Revolution Case,2026-04-18 21:00:00+00:00,0.59,7187,0.00340136054421758,-0.06722907203114858,0.5765714285714285,6388.857142857143
Revolution Case,2026-04-18 22:00:00+00:00,0.592,7021,0.003389830508474523,-0.02309725893975234,0.5801428571428572,6612.714285714285
Revolution Case,2026-04-18 23:00:00+00:00,0.59,5141,-0.0033783783783783994,-0.2677681241988321,0.5832857142857143,6559.0
Revolution Case,2026-04-19 00:00:00+00:00,0.59,4937,0.0,-0.039680995915191586,0.5861428571428571,6418.857142857143
Revolution Case,2026-04-19 01:00:00+00:00,0.59,4361,0.0,-0.11667004253595303,0.5877142857142857,6088.0
Revolution Case,2026-04-19 02:00:00+00:00,0.59,3991,0.0,-0.08484292593441867,0.59,5763.285714285715
Revolution Case,2026-04-19 03:00:00+00:00,0.598,4277,0.013559322033898313,0.07166123778501632,0.5914285714285714,5273.571428571428
Revolution Case,2026-04-19 04:00:00+00:00,0.599,4925,0.0016722408026756952,0.15150806640168346,0.5927142857142857,4950.428571428572
Revolution Case,2026-04-19 05:00:00+00:00,0.592,4544,-0.0116861435726211,-0.07736040609137051,0.5927142857142857,4596.571428571428
Revolution Case,2026-04-19 06:00:00+00:00,0.59,4445,-0.0033783783783783994,-0.02178697183098588,0.5927142857142857,4497.142857142857
Revolution Case,2026-04-19 07:00:00+00:00,0.59,3542,0.0,-0.20314960629921264,0.5927142857142857,4297.857142857143
Revolution Case,2026-04-19 08:00:00+00:00,0.571,4441,-0.03220338983050852,0.2538114059853189,0.59,4309.285714285715
Revolution Case,2026-04-19 09:00:00+00:00,0.568,3864,-0.005253940455341555,-0.129925692411619,0.5868571428571429,4291.142857142857
Revolution Case,2026-04-19 10:00:00+00:00,0.566,4285,-0.0035211267605633756,0.10895445134575565,0.5822857142857142,4292.285714285715
Revolution Case,2026-04-19 11:00:00+00:00,0.568,4865,0.0035335689045936647,0.1353558926487748,0.5778571428571428,4283.714285714285
Revolution Case,2026-04-19 12:00:00+00:00,0.568,5220,0.0,0.0729701952723536,0.5744285714285714,4380.285714285715
Revolution Case,2026-04-19 13:00:00+00:00,0.566,5841,-0.0035211267605633756,0.11896551724137927,0.571,4579.714285714285
Revolution Case,2026-04-19 14:00:00+00:00,0.557,6322,-0.015901060070671158,0.08234891285738732,0.5662857142857142,4976.857142857143
Revolution Case,2026-04-19 15:00:00+00:00,0.568,6051,0.019748653500897495,-0.04286618158810507,0.5658571428571428,5206.857142857143
Revolution Case,2026-04-19 16:00:00+00:00,0.567,5670,-0.0017605633802817433,-0.0629647992067427,0.5657142857142857,5464.857142857143
Revolution Case,2026-04-19 17:00:00+00:00,0.57,5858,0.005291005291005346,0.033156966490299755,0.5662857142857143,5689.571428571428
Revolution Case,2026-04-19 18:00:00+00:00,0.58,6510,0.01754385964912286,0.1113007852509389,0.568,5924.571428571428
Revolution Case,2026-04-19 19:00:00+00:00,0.58,7481,0.0,0.14915514592933943,0.5697142857142856,6247.571428571428
Revolution Case,2026-04-19 20:00:00+00:00,0.58,7785,0.0,0.04063627857238328,0.5717142857142857,6525.285714285715
Revolution Case,2026-04-19 21:00:00+00:00,0.58,6743,0.0,-0.13384714193962743,0.575,6585.428571428572
Revolution Case,2026-04-19 22:00:00+00:00,0.57,5474,-0.017241379310344862,-0.18819516535666614,0.5752857142857142,6503.0
Revolution Case,2026-04-19 23:00:00+00:00,0.58,4862,0.01754385964912286,-0.11180124223602483,0.5771428571428571,6387.571428571428
Revolution Case,2026-04-20 00:00:00+00:00,0.58,3822,0.0,-0.213903743315508,0.5785714285714285,6096.714285714285
Revolution Case,2026-04-20 01:00:00+00:00,0.58,4322,0.0,0.130821559392988,0.5785714285714285,5784.142857142857
Revolution Case,2026-04-20 02:00:00+00:00,0.585,3884,0.008620689655172376,-0.1013419713095789,0.5792857142857143,5270.285714285715
Revolution Case,2026-04-20 03:00:00+00:00,0.58,3254,-0.008547008547008517,-0.1622039134912462,0.5792857142857143,4623.0
Revolution Case,2026-04-20 04:00:00+00:00,0.58,3813,0.0,0.17178856791641062,0.5792857142857143,4204.428571428572
Revolution Case,2026-04-20 05:00:00+00:00,0.58,2591,0.0,-0.3204825596643063,0.5807142857142856,3792.5714285714284
Revolution Case,2026-04-20 06:00:00+00:00,0.57,2195,-0.017241379310344862,-0.1528367425704361,0.5792857142857143,3411.5714285714284
Revolution Case,2026-04-20 07:00:00+00:00,0.58,2581,0.01754385964912286,0.17585421412300684,0.5792857142857143,3234.285714285714
Revolution Case,2026-04-20 08:00:00+00:00,0.57,3564,-0.017241379310344862,0.38086013173188693,0.5778571428571428,3126.0
Revolution Case,2026-04-20 09:00:00+00:00,0.564,3287,-0.010526315789473717,-0.07772166105499434,0.5748571428571428,3040.714285714286
Revolution Case,2026-04-20 10:00:00+00:00,0.548,2809,-0.028368794326240954,-0.14542135686035895,0.5702857142857143,2977.1428571428573
Revolution Case,2026-04-20 11:00:00+00:00,0.552,3485,0.007299270072992803,0.2406550373798504,0.5662857142857142,2930.285714285714
Revolution Case,2026-04-20 12:00:00+00:00,0.561,3987,0.016304347826086918,0.14404591104734576,0.5635714285714285,3129.714285714286
Revolution Case,2026-04-20 13:00:00+00:00,0.556,3989,-0.0089126559714795,0.0005016302984699461,0.5615714285714286,3386.0
Revolution Case,2026-04-20 14:00:00+00:00,0.556,4264,0.0,0.06893958385560284,0.5581428571428572,3626.4285714285716
Revolution Case,2026-04-20 15:00:00+00:00,0.55,4369,-0.010791366906474864,0.02462476547842396,0.5552857142857143,3741.4285714285716
Revolution Case,2026-04-20 16:00:00+00:00,0.55,4448,0.0,0.018081940947585196,0.5532857142857144,3907.285714285714
Revolution Case,2026-04-20 17:00:00+00:00,0.557,5556,0.012727272727272698,0.24910071942446033,0.5545714285714286,4299.714285714285
Revolution Case,2026-04-20 18:00:00+00:00,0.568,6669,0.019748653500897495,0.20032397408207347,0.5568571428571428,4754.571428571428
Revolution Case,2026-04-20 19:00:00+00:00,0.568,5897,0.0,-0.11575948418053683,0.5578571428571429,5027.428571428572
Revolution Case,2026-04-20 20:00:00+00:00,0.558,5559,-0.017605633802816767,-0.05731727997286751,0.5581428571428572,5251.714285714285
Revolution Case,2026-04-20 21:00:00+00:00,0.554,5959,-0.007168458781361964,0.07195538765965104,0.5578571428571429,5493.857142857143
Revolution Case,2026-04-20 22:00:00+00:00,0.57,4720,0.028880866425992524,-0.20792079207920788,0.5607142857142857,5544.0
Revolution Case,2026-04-20 23:00:00+00:00,0.57,4306,0.0,-0.0877118644067797,0.5635714285714285,5523.714285714285
Revolution Case,2026-04-21 00:00:00+00:00,0.57,4205,0.0,-0.023455643288434747,0.5654285714285714,5330.714285714285
Revolution Case,2026-04-21 01:00:00+00:00,0.57,3821,0.0,-0.09131985731272296,0.5657142857142857,4923.857142857143
Revolution Case,2026-04-21 02:00:00+00:00,0.573,4248,0.0052631578947368585,0.11175085056267986,0.5664285714285714,4688.285714285715
Revolution Case,2026-04-21 03:00:00+00:00,0.57,3504,-0.005235602094240788,-0.17514124293785316,0.5681428571428572,4394.714285714285
Revolution Case,2026-04-21 04:00:00+00:00,0.57,3208,0.0,-0.08447488584474883,0.5704285714285714,4001.714285714286
Revolution Case,2026-04-21 05:00:00+00:00,0.57,3011,0.0,-0.061408977556109745,0.5704285714285714,3757.5714285714284
Revolution Case,2026-04-21 06:00:00+00:00,0.57,2940,0.0,-0.023580205911657215,0.5704285714285714,3562.4285714285716
Revolution Case,2026-04-21 07:00:00+00:00,0.58,3437,0.01754385964912286,0.1690476190476191,0.5718571428571428,3452.714285714286
Revolution Case,2026-04-21 08:00:00+00:00,0.567,4926,-0.022413793103448265,0.4332266511492582,0.5714285714285714,3610.5714285714284
Revolution Case,2026-04-21 09:00:00+00:00,0.54,3433,-0.04761904761904745,-0.3030856678846935,0.5667142857142856,3494.1428571428573
Revolution Case,2026-04-21 10:00:00+00:00,0.545,3378,0.0092592592592593,-0.01602097290999127,0.5631428571428571,3476.1428571428573
Revolution Case,2026-04-21 11:00:00+00:00,0.537,2869,-0.014678899082568808,-0.15068087625814086,0.5584285714285714,3427.714285714286
Revolution Case,2026-04-21 12:00:00+00:00,0.537,4009,0.0,0.3973509933774835,0.5537142857142857,3570.285714285714
Revolution Case,2026-04-21 13:00:00+00:00,0.54,3394,0.005586592178770999,-0.15340483911199798,0.5494285714285715,3635.1428571428573
Revolution Case,2026-04-21 14:00:00+00:00,0.532,4050,-0.014814814814814836,0.19328226281673544,0.5425714285714286,3722.714285714286
Revolution Case,2026-04-21 15:00:00+00:00,0.54,4885,0.015037593984962516,0.20617283950617282,0.5387142857142857,3716.8571428571427
Revolution Case,2026-04-21 16:00:00+00:00,0.54,4725,0.0,-0.032753326509723624,0.5387142857142857,3901.4285714285716
Revolution Case,2026-04-21 17:00:00+00:00,0.541,5239,0.0018518518518517713,0.10878306878306887,0.5381428571428571,4167.285714285715
Revolution Case,2026-04-21 18:00:00+00:00,0.541,5384,0.0,0.027677037602595878,0.5387142857142858,4526.571428571428
Revolution Case,2026-04-21 19:00:00+00:00,0.541,6210,0.0,0.15341753343239217,0.5392857142857143,4841.0
Revolution Case,2026-04-21 20:00:00+00:00,0.55,7130,0.01663585951940849,0.14814814814814814,0.5407142857142858,5374.714285714285
Revolution Case,2026-04-21 21:00:00+00:00,0.562,6409,0.021818181818181737,-0.10112201963534362,0.545,5711.714285714285
Revolution Case,2026-04-21 22:00:00+00:00,0.55,4537,-0.02135231316725983,-0.2920892494929006,0.5464285714285715,5662.0
Revolution Case,2026-04-21 23:00:00+00:00,0.554,3301,0.0072727272727273196,-0.27242671368745863,0.5484285714285714,5458.571428571428
Revolution Case,2026-04-22 00:00:00+00:00,0.55,3330,-0.0072202166064981865,0.008785216601030044,0.5497142857142857,5185.857142857143
Revolution Case,2026-04-22 01:00:00+00:00,0.551,3360,0.0018181818181817189,0.009009009009008917,0.5511428571428573,4896.714285714285
Revolution Case,2026-04-22 02:00:00+00:00,0.54,4263,-0.019963702359346636,0.26875000000000004,0.551,4618.571428571428
Revolution Case,2026-04-22 03:00:00+00:00,0.54,4419,0.0,0.03659394792399717,0.5495714285714286,4231.285714285715
Revolution Case,2026-04-22 04:00:00+00:00,0.55,4484,0.0185185185185186,0.014709210228558423,0.5478571428571429,3956.285714285714
Revolution Case,2026-04-22 05:00:00+00:00,0.533,3909,-0.030909090909090886,-0.12823371989295274,0.5454285714285715,3866.5714285714284
Revolution Case,2026-04-22 06:00:00+00:00,0.53,3392,-0.0056285178236398226,-0.13225888974162192,0.542,3879.5714285714284
Revolution Case,2026-04-22 07:00:00+00:00,0.52,3197,-0.018867924528301883,-0.05748820754716977,0.5377142857142857,3860.5714285714284
Revolution Case,2026-04-22 08:00:00+00:00,0.518,4964,-0.0038461538461538325,0.5527056615577104,0.533,4089.714285714286
Revolution Case,2026-04-22 09:00:00+00:00,0.519,4854,0.0019305019305020377,-0.02215954875100723,0.53,4174.142857142857
Revolution Case,2026-04-22 10:00:00+00:00,0.508,4654,-0.021194605009633882,-0.04120313143798926,0.5254285714285715,4207.714285714285
Revolution Case,2026-04-22 11:00:00+00:00,0.5,5071,-0.015748031496062964,0.08960034379028792,0.5182857142857143,4291.571428571428
Revolution Case,2026-04-22 12:00:00+00:00,0.494,6046,-0.01200000000000001,0.19226976927627693,0.5127142857142858,4596.857142857143
Revolution Case,2026-04-22 13:00:00+00:00,0.5,6853,0.012145748987854255,0.13347667879589808,0.5084285714285715,5091.285714285715
Revolution Case,2026-04-22 14:00:00+00:00,0.49,6845,-0.020000000000000018,-0.0011673719538888294,0.5041428571428571,5612.428571428572
Revolution Case,2026-04-22 15:00:00+00:00,0.49,7320,0.0,0.06939371804236671,0.5001428571428572,5949.0
Revolution Case,2026-04-22 16:00:00+00:00,0.487,8035,-0.006122448979591799,0.09767759562841527,0.49557142857142855,6403.428571428572
Revolution Case,2026-04-22 17:00:00+00:00,0.489,7933,0.004106776180698102,-0.012694461729931494,0.4928571428571429,6871.857142857143
Revolution Case,2026-04-22 18:00:00+00:00,0.49,8420,0.002044989775051187,0.061389133997226786,0.49142857142857144,7350.285714285715
Revolution Case,2026-04-22 19:00:00+00:00,0.49,9082,0.0,0.07862232779097389,0.4908571428571428,7784.0
Revolution Case,2026-04-22 20:00:00+00:00,0.49,8187,0.0,-0.09854657564413127,0.4894285714285714,7974.571428571428
Revolution Case,2026-04-22 21:00:00+00:00,0.5,8033,0.020408163265306145,-0.01881030902650549,0.4908571428571428,8144.285714285715
Revolution Case,2026-04-22 22:00:00+00:00,0.5,6540,0.0,-0.18585833437072075,0.49228571428571427,8032.857142857143
Revolution Case,2026-04-22 23:00:00+00:00,0.5,4974,0.0,-0.23944954128440366,0.49414285714285716,7595.571428571428
Revolution Case,2026-04-23 00:00:00+00:00,0.51,5020,0.020000000000000018,0.009248090068355364,0.49714285714285705,7179.428571428572
Revolution Case,2026-04-23 01:00:00+00:00,0.519,5373,0.01764705882352935,0.07031872509960158,0.5012857142857142,6744.142857142857
Revolution Case,2026-04-23 02:00:00+00:00,0.52,4492,0.0019267822736031004,-0.16396798808859114,0.5055714285714286,6088.428571428572
Revolution Case,2026-04-23 03:00:00+00:00,0.52,3506,0.0,-0.21950133570792518,0.5098571428571429,5419.714285714285
Revolution Case,2026-04-23 04:00:00+00:00,0.52,3227,0.0,-0.07957786651454646,0.5127142857142857,4733.142857142857
Revolution Case,2026-04-23 05:00:00+00:00,0.52,3038,0.0,-0.0585683297180043,0.5155714285714286,4232.857142857143
Revolution Case,2026-04-23 06:00:00+00:00,0.52,2775,0.0,-0.08657011191573405,0.5184285714285715,3918.714285714286
Revolution Case,2026-04-23 07:00:00+00:00,0.519,2505,-0.0019230769230769162,-0.0972972972972973,0.5197142857142857,3559.4285714285716
Revolution Case,2026-04-23 08:00:00+00:00,0.5,4195,-0.036608863198458574,0.6746506986027945,0.517,3391.1428571428573
Revolution Case,2026-04-23 09:00:00+00:00,0.497,3618,-0.006000000000000005,-0.13754469606674613,0.5137142857142857,3266.285714285714
Revolution Case,2026-04-23 10:00:00+00:00,0.49,4610,-0.014084507042253502,0.2741846323935877,0.5094285714285715,3424.0
Revolution Case,2026-04-23 11:00:00+00:00,0.496,4457,0.012244897959183598,-0.0331887201735358,0.506,3599.714285714286
Revolution Case,2026-04-23 12:00:00+00:00,0.49,4926,-0.012096774193548376,0.10522773165806587,0.5017142857142857,3869.4285714285716
Revolution Case,2026-04-23 13:00:00+00:00,0.486,5749,-0.008163265306122436,0.16707267559886319,0.4968571428571429,4294.285714285715
Revolution Case,2026-04-23 14:00:00+00:00,0.486,6216,0.0,0.0812315185249608,0.4921428571428571,4824.428571428572
Revolution Case,2026-04-23 15:00:00+00:00,0.481,6536,-0.010288065843621408,0.051480051480051525,0.48942857142857144,5158.857142857143
Revolution Case,2026-04-23 16:00:00+00:00,0.481,6185,0.0,-0.05370257037943693,0.48714285714285716,5525.571428571428
Revolution Case,2026-04-23 17:00:00+00:00,0.481,6477,0.0,0.04721099434114784,0.4858571428571428,5792.285714285715
Revolution Case,2026-04-23 18:00:00+00:00,0.481,6740,0.0,0.04060521846533893,0.48371428571428565,6118.428571428572
Revolution Case,2026-04-23 19:00:00+00:00,0.483,7728,0.004158004158004269,0.14658753709198824,0.4827142857142857,6518.714285714285
Revolution Case,2026-04-23 20:00:00+00:00,0.49,7682,0.01449275362318847,-0.005952380952380931,0.48328571428571426,6794.857142857143
Revolution Case,2026-04-23 21:00:00+00:00,0.491,6970,0.0020408163265306367,-0.09268419682374385,0.484,6902.571428571428
Revolution Case,2026-04-23 22:00:00+00:00,0.491,5529,0.0,-0.20674318507890965,0.48542857142857143,6758.714285714285
Revolution Case,2026-04-23 23:00:00+00:00,0.491,4968,0.0,-0.10146500271296799,0.4868571428571428,6584.857142857143
Revolution Case,2026-04-24 00:00:00+00:00,0.499,5025,0.016293279022403295,0.011473429951690761,0.48942857142857144,6377.428571428572
Revolution Case,2026-04-24 01:00:00+00:00,0.5,3894,0.002004008016031955,-0.2250746268656716,0.49214285714285716,5970.857142857143
Revolution Case,2026-04-24 02:00:00+00:00,0.51,4770,0.020000000000000018,0.2249614791987673,0.496,5548.285714285715
Revolution Case,2026-04-24 03:00:00+00:00,0.51,3929,0.0,-0.17631027253668763,0.49885714285714283,5012.142857142857
Revolution Case,2026-04-24 04:00:00+00:00,0.518,3539,0.015686274509803866,-0.09926189870195978,0.5027142857142858,4522.0
Revolution Case,2026-04-24 05:00:00+00:00,0.51,4304,-0.015444015444015413,0.21616275784119798,0.5054285714285714,4347.0
Revolution Case,2026-04-24 06:00:00+00:00,0.51,3180,0.0,-0.26115241635687736,0.5081428571428571,4091.5714285714284
Revolution Case,2026-04-24 07:00:00+00:00,0.5,3083,-0.019607843137254943,-0.0305031446540881,0.5082857142857142,3814.1428571428573
Revolution Case,2026-04-24 08:00:00+00:00,0.49,3425,-0.020000000000000018,0.11093091144988643,0.5068571428571429,3747.1428571428573
Revolution Case,2026-04-24 09:00:00+00:00,0.485,3874,-0.010204081632653073,0.1310948905109488,0.5032857142857143,3619.1428571428573
Revolution Case,2026-04-24 10:00:00+00:00,0.483,3895,-0.004123711340206171,0.0054207537429014074,0.4994285714285714,3614.285714285714
Revolution Case,2026-04-24 11:00:00+00:00,0.495,4225,0.024844720496894457,0.08472400513478817,0.4961428571428571,3712.285714285714
Revolution Case,2026-04-24 12:00:00+00:00,0.49,4519,-0.010101010101010055,0.06958579881656801,0.4932857142857143,3743.0
Revolution Case,2026-04-24 13:00:00+00:00,0.485,4879,-0.010204081632653073,0.07966364239876089,0.4897142857142857,3985.714285714286
Revolution Case,2026-04-24 14:00:00+00:00,0.49,5335,0.010309278350515427,0.09346177495388397,0.4882857142857143,4307.428571428572
Revolution Case,2026-04-24 15:00:00+00:00,0.5,7862,0.020408163265306145,0.4736644798500469,0.4897142857142857,4941.285714285715
Revolution Case,2026-04-24 16:00:00+00:00,0.491,6417,-0.018000000000000016,-0.18379547189010426,0.49057142857142855,5304.571428571428
Revolution Case,2026-04-24 17:00:00+00:00,0.496,6813,0.010183299389002087,0.06171107994389913,0.4924285714285714,5721.428571428572
Revolution Case,2026-04-24 18:00:00+00:00,0.5,7646,0.008064516129032251,0.12226625568765592,0.49314285714285716,6210.142857142857
Revolution Case,2026-04-24 19:00:00+00:00,0.502,9271,0.0040000000000000036,0.21252942715145173,0.49485714285714283,6889.0
Revolution Case,2026-04-24 20:00:00+00:00,0.502,7926,0.0,-0.14507604357674464,0.4972857142857143,7324.285714285715
Revolution Case,2026-04-24 21:00:00+00:00,0.503,8221,0.0019920318725099584,0.03721927832450156,0.4991428571428571,7736.571428571428
Revolution Case,2026-04-24 22:00:00+00:00,0.508,8520,0.00994035785288272,0.036370271256538134,0.5002857142857142,7830.571428571428
Revolution Case,2026-04-24 23:00:00+00:00,0.52,6230,0.023622047244094446,-0.26877934272300474,0.5044285714285714,7803.857142857143
Revolution Case,2026-04-25 00:00:00+00:00,0.522,5330,0.0038461538461538325,-0.14446227929374,0.5081428571428572,7592.0
Revolution Case,2026-04-25 01:00:00+00:00,0.52,5013,-0.003831417624521105,-0.05947467166979359,0.511,7215.857142857143
Revolution Case,2026-04-25 02:00:00+00:00,0.52,5335,0.0,0.0642329942150408,0.5135714285714286,6653.571428571428
Revolution Case,2026-04-25 03:00:00+00:00,0.52,5206,0.0,-0.024179943767572598,0.5161428571428572,6265.0
Revolution Case,2026-04-25 04:00:00+00:00,0.52,4945,0.0,-0.050134460238186684,0.5185714285714286,5797.0
Revolution Case,2026-04-25 05:00:00+00:00,0.52,4579,0.0,-0.0740141557128412,0.5202857142857144,5234.0
Revolution Case,2026-04-25 06:00:00+00:00,0.52,4460,0.0,-0.025988207032103028,0.5202857142857144,4981.142857142857
Revolution Case,2026-04-25 07:00:00+00:00,0.53,5399,0.019230769230769162,0.21053811659192823,0.5214285714285715,4991.0
Revolution Case,2026-04-25 08:00:00+00:00,0.486,4779,-0.0830188679245284,-0.11483608075569551,0.5165714285714286,4957.571428571428
Revolution Case,2026-04-25 09:00:00+00:00,0.495,8163,0.0185185185185186,0.7080979284369116,0.513,5361.571428571428
Revolution Case,2026-04-25 10:00:00+00:00,0.5,6158,0.010101010101010166,-0.2456204826656866,0.5101428571428571,5497.571428571428
Revolution Case,2026-04-25 11:00:00+00:00,0.491,4532,-0.018000000000000016,-0.2640467684313089,0.506,5438.571428571428
Revolution Case,2026-04-25 12:00:00+00:00,0.499,4924,0.016293279022403295,0.08649602824360114,0.503,5487.857142857143
Revolution Case,2026-04-25 13:00:00+00:00,0.501,5290,0.004008016032064132,0.07432981316003251,0.5002857142857143,5606.428571428572
Revolution Case,2026-04-25 14:00:00+00:00,0.491,5005,-0.019960079840319334,-0.05387523629489599,0.4947142857142857,5550.142857142857
Revolution Case,2026-04-25 15:00:00+00:00,0.499,5919,0.016293279022403295,0.1826173826173827,0.49657142857142855,5713.0
Revolution Case,2026-04-25 16:00:00+00:00,0.5,5856,0.002004008016031955,-0.010643689812468327,0.4972857142857143,5383.428571428572
Revolution Case,2026-04-25 17:00:00+00:00,0.51,6530,0.020000000000000018,0.11509562841530063,0.4987142857142857,5436.571428571428
Revolution Case,2026-04-25 18:00:00+00:00,0.508,6828,-0.0039215686274509665,0.045635528330780994,0.5011428571428571,5764.571428571428
Revolution Case,2026-04-25 19:00:00+00:00,0.511,6201,0.0059055118110236116,-0.09182776801405979,0.5028571428571429,5947.0
Revolution Case,2026-04-25 20:00:00+00:00,0.513,6717,0.00391389432485334,0.0832123850991775,0.5045714285714286,6150.857142857143
Revolution Case,2026-04-25 21:00:00+00:00,0.524,7608,0.021442495126705596,0.13264850379633764,0.5092857142857142,6522.714285714285
Revolution Case,2026-04-25 22:00:00+00:00,0.53,6927,0.011450381679389388,-0.08951104100946372,0.5137142857142857,6666.714285714285
Revolution Case,2026-04-25 23:00:00+00:00,0.534,5712,0.007547169811320753,-0.17540060632308363,0.5185714285714286,6646.142857142857
Revolution Case,2026-04-26 00:00:00+00:00,0.538,4994,0.0074906367041198685,-0.12570028011204482,0.5225714285714286,6426.714285714285
Revolution Case,2026-04-26 01:00:00+00:00,0.53,4239,-0.014869888475836479,-0.1511814177012415,0.5257142857142857,6056.857142857143
Revolution Case,2026-04-26 02:00:00+00:00,0.53,5080,0.0,0.19839584807737665,0.5284285714285714,5896.714285714285
Revolution Case,2026-04-26 03:00:00+00:00,0.53,4606,0.0,-0.0933070866141732,0.5308571428571429,5595.142857142857
Revolution Case,2026-04-26 04:00:00+00:00,0.53,4397,0.0,-0.04537559704732952,0.5317142857142858,5136.428571428572
Revolution Case,2026-04-26 05:00:00+00:00,0.53,3936,0.0,-0.10484421196270188,0.5317142857142857,4709.142857142857
Revolution Case,2026-04-26 06:00:00+00:00,0.53,4005,0.0,0.017530487804878092,0.5311428571428571,4465.285714285715
Revolution Case,2026-04-26 07:00:00+00:00,0.53,3241,0.0,-0.19076154806491885,0.53,4214.857142857143
Revolution Case,2026-04-26 08:00:00+00:00,0.495,3675,-0.0660377358490567,0.13390928725701934,0.525,4134.285714285715
Revolution Case,2026-04-26 09:00:00+00:00,0.492,5258,-0.0060606060606061,0.4307482993197278,0.5195714285714287,4159.714285714285
Revolution Case,2026-04-26 10:00:00+00:00,0.518,6340,0.052845528455284674,0.20578166603271209,0.5178571428571429,4407.428571428572
Revolution Case,2026-04-26 11:00:00+00:00,0.508,4985,-0.019305019305019266,-0.2137223974763407,0.5147142857142857,4491.428571428572
Revolution Case,2026-04-26 12:00:00+00:00,0.502,4734,-0.011811023622047223,-0.05035105315947841,0.5107142857142858,4605.428571428572
Revolution Case,2026-04-26 13:00:00+00:00,0.503,5431,0.0019920318725099584,0.14723278411491347,0.5068571428571429,4809.142857142857
Revolution Case,2026-04-26 14:00:00+00:00,0.499,5616,-0.007952286282306154,0.03406370834100536,0.5024285714285714,5148.428571428572
Revolution Case,2026-04-26 15:00:00+00:00,0.5,5620,0.002004008016031955,0.0007122507122507837,0.5031428571428571,5426.285714285715
Revolution Case,2026-04-26 16:00:00+00:00,0.5,5160,0.0,-0.08185053380782914,0.5042857142857142,5412.285714285715
Revolution Case,2026-04-26 17:00:00+00:00,0.491,5421,-0.018000000000000016,0.05058139534883721,0.5004285714285714,5281.0
Revolution Case,2026-04-26 18:00:00+00:00,0.5,5982,0.018329938900203624,0.10348644161593801,0.4992857142857143,5423.428571428572
Revolution Case,2026-04-26 19:00:00+00:00,0.503,7848,0.006000000000000005,0.3119358074222669,0.49942857142857144,5868.285714285715
Revolution Case,2026-04-26 20:00:00+00:00,0.51,6097,0.013916500994035852,-0.22311416921508664,0.5004285714285714,5963.428571428572
Revolution Case,2026-04-26 21:00:00+00:00,0.52,5735,0.019607843137254832,-0.05937346235853702,0.5034285714285714,5980.428571428572
Revolution Case,2026-04-26 22:00:00+00:00,0.526,5138,0.011538461538461497,-0.10409764603312988,0.5071428571428572,5911.571428571428
Revolution Case,2026-04-26 23:00:00+00:00,0.525,3927,-0.0019011406844106071,-0.23569482288828336,0.5107142857142858,5735.428571428572
Revolution Case,2026-04-27 00:00:00+00:00,0.53,3393,0.00952380952380949,-0.13598166539343015,0.5162857142857142,5445.714285714285
Revolution Case,2026-04-27 01:00:00+00:00,0.53,3612,0.0,0.06454465075154725,0.5205714285714286,5107.142857142857
Revolution Case,2026-04-27 02:00:00+00:00,0.53,3185,0.0,-0.11821705426356588,0.5244285714285715,4441.0
Revolution Case,2026-04-27 03:00:00+00:00,0.522,2893,-0.015094339622641506,-0.09167974882260599,0.5261428571428571,3983.285714285714
Revolution Case,2026-04-27 04:00:00+00:00,0.53,3062,0.015325670498084198,0.05841686830279991,0.5275714285714287,3601.4285714285716
Revolution Case,2026-04-27 05:00:00+00:00,0.528,2596,-0.0037735849056603765,-0.15218811234487262,0.5278571428571429,3238.285714285714
Revolution Case,2026-04-27 06:00:00+00:00,0.53,2630,0.0037878787878788955,0.013097072419106404,0.5285714285714286,3053.0
Revolution Case,2026-04-27 07:00:00+00:00,0.53,2532,0.0,-0.03726235741444872,0.5285714285714286,2930.0
Revolution Case,2026-04-27 08:00:00+00:00,0.5,2741,-0.05660377358490576,0.0825434439178514,0.5242857142857142,2805.5714285714284
Revolution Case,2026-04-27 09:00:00+00:00,0.495,3056,-0.010000000000000009,0.11492156147391452,0.5192857142857142,2787.1428571428573
Revolution Case,2026-04-27 10:00:00+00:00,0.495,3045,0.0,-0.0035994764397905277,0.5154285714285715,2808.8571428571427
Revolution Case,2026-04-27 11:00:00+00:00,0.495,3458,0.0,0.13563218390804588,0.5104285714285715,2865.4285714285716
Revolution Case,2026-04-27 12:00:00+00:00,0.491,3523,-0.008080808080808133,0.018796992481203034,0.5051428571428571,2997.8571428571427
Revolution Case,2026-04-27 13:00:00+00:00,0.495,3910,0.008146639511201537,0.10984956003406188,0.5001428571428571,3180.714285714286
Revolution Case,2026-04-27 14:00:00+00:00,0.503,5475,0.016161616161616266,0.4002557544757033,0.49628571428571433,3601.1428571428573
Revolution Case,2026-04-27 15:00:00+00:00,0.5,5001,-0.005964214711729587,-0.08657534246575338,0.49628571428571433,3924.0
Revolution Case,2026-04-27 16:00:00+00:00,0.503,5327,0.006000000000000005,0.06518696260747858,0.49742857142857144,4248.428571428572
Revolution Case,2026-04-27 17:00:00+00:00,0.511,5542,0.015904572564612307,0.040360428008259897,0.4997142857142857,4605.142857142857
Revolution Case,2026-04-27 18:00:00+00:00,0.51,5858,-0.00195694716242667,0.057019126669072495,0.5018571428571429,4948.0
Revolution Case,2026-04-27 19:00:00+00:00,0.503,5983,-0.013725490196078494,0.021338340730624683,0.5035714285714287,5299.428571428572
Revolution Case,2026-04-27 20:00:00+00:00,0.503,5473,0.0,-0.08524151763329435,0.5047142857142858,5522.714285714285
Revolution Case,2026-04-27 21:00:00+00:00,0.506,4970,0.005964214711729587,-0.09190571898410382,0.5051428571428571,5450.571428571428
Revolution Case,2026-04-27 22:00:00+00:00,0.513,5138,0.01383399209486158,0.033802816901408406,0.507,5470.142857142857
Revolution Case,2026-04-27 23:00:00+00:00,0.52,4014,0.013645224171539905,-0.2187621642662515,0.5094285714285715,5282.571428571428
Revolution Case,2026-04-28 00:00:00+00:00,0.52,3655,0.0,-0.08943697060288991,0.5107142857142857,5013.0
Revolution Case,2026-04-28 01:00:00+00:00,0.528,3509,0.01538461538461533,-0.03994528043775647,0.5132857142857142,4677.428571428572
Revolution Case,2026-04-28 02:00:00+00:00,0.529,3725,0.0018939393939394478,0.06155599886007401,0.517,4354.857142857143
Revolution Case,2026-04-28 03:00:00+00:00,0.52,3496,-0.017013232514177745,-0.061476510067114076,0.5194285714285715,4072.4285714285716
Revolution Case,2026-04-28 04:00:00+00:00,0.52,3141,0.0,-0.10154462242562934,0.5214285714285715,3811.1428571428573
Revolution Case,2026-04-28 05:00:00+00:00,0.52,2426,0.0,-0.22763451130213308,0.5224285714285715,3423.714285714286
Revolution Case,2026-04-28 06:00:00+00:00,0.52,2694,0.0,0.11046990931574618,0.5224285714285715,3235.1428571428573
Revolution Case,2026-04-28 07:00:00+00:00,0.52,3054,0.0,0.13363028953229406,0.5224285714285715,3149.285714285714
Revolution Case,2026-04-28 08:00:00+00:00,0.505,3727,-0.028846153846153855,0.2203667321545515,0.5191428571428572,3180.4285714285716
Revolution Case,2026-04-28 09:00:00+00:00,0.498,2557,-0.013861386138613874,-0.3139254091762812,0.5147142857142858,3013.5714285714284
Revolution Case,2026-04-28 10:00:00+00:00,0.495,2640,-0.0060240963855421326,0.032459913961673914,0.5111428571428572,2891.285714285714
Revolution Case,2026-04-28 11:00:00+00:00,0.494,4095,-0.002020202020202033,0.5511363636363635,0.5074285714285713,3027.5714285714284
Revolution Case,2026-04-28 12:00:00+00:00,0.5,3505,0.012145748987854255,-0.14407814407814412,0.5045714285714286,3181.714285714286
Revolution Case,2026-04-28 13:00:00+00:00,0.491,3426,-0.018000000000000016,-0.022539229671897254,0.5004285714285713,3286.285714285714
Revolution Case,2026-04-28 14:00:00+00:00,0.495,4746,0.008146639511201537,0.38528896672504387,0.49685714285714283,3528.0
Revolution Case,2026-04-28 15:00:00+00:00,0.497,5329,0.004040404040404066,0.12284028655710078,0.49571428571428566,3756.8571428571427
Revolution Case,2026-04-28 16:00:00+00:00,0.493,4099,-0.008048289738430636,-0.23081253518483769,0.495,3977.1428571428573
Revolution Case,2026-04-28 17:00:00+00:00,0.496,4837,0.006085192697768749,0.1800439131495486,0.49514285714285716,4291.0
Revolution Case,2026-04-28 18:00:00+00:00,0.505,5395,0.01814516129032251,0.11536076080215008,0.4967142857142858,4476.714285714285
Revolution Case,2026-04-28 19:00:00+00:00,0.505,6634,0.0,0.22965708989805367,0.49742857142857144,4923.714285714285
Revolution Case,2026-04-28 20:00:00+00:00,0.505,5246,0.0,-0.20922520349713591,0.49942857142857144,5183.714285714285
Revolution Case,2026-04-28 21:00:00+00:00,0.503,4764,-0.003960396039603964,-0.09187952725886395,0.5005714285714286,5186.285714285715
Revolution Case,2026-04-28 22:00:00+00:00,0.51,4543,0.013916500994035852,-0.04638958858102438,0.5024285714285714,5074.0
Revolution Case,2026-04-28 23:00:00+00:00,0.51,4194,0.0,-0.0768214836011446,0.5048571428571428,5087.571428571428
Revolution Case,2026-04-29 00:00:00+00:00,0.517,3884,0.013725490196078383,-0.07391511683357177,0.5078571428571429,4951.428571428572
Revolution Case,2026-04-29 01:00:00+00:00,0.52,3143,0.005802707930367523,-0.19078269824922756,0.51,4629.714285714285
Revolution Case,2026-04-29 02:00:00+00:00,0.51,4232,-0.019230769230769273,0.3464842507158765,0.5107142857142858,4286.571428571428
Revolution Case,2026-04-29 03:00:00+00:00,0.51,4742,0.0,0.12051039697542532,0.5114285714285715,4214.571428571428
Revolution Case,2026-04-29 04:00:00+00:00,0.51,4682,0.0,-0.012652889076339102,0.5124285714285715,4202.857142857143
Revolution Case,2026-04-29 05:00:00+00:00,0.506,3589,-0.007843137254901933,-0.23344724476719347,0.5118571428571428,4066.5714285714284
Revolution Case,2026-04-29 06:00:00+00:00,0.506,3277,0.0,-0.0869322931178601,0.5112857142857143,3935.5714285714284
Revolution Case,2026-04-29 07:00:00+00:00,0.504,3092,-0.0039525691699604515,-0.056454073848031694,0.5094285714285715,3822.4285714285716
Revolution Case,2026-04-29 08:00:00+00:00,0.49,3891,-0.02777777777777779,0.25840879689521334,0.5051428571428571,3929.285714285714
Revolution Case,2026-04-29 09:00:00+00:00,0.49,4367,0.0,0.12233359033667446,0.5022857142857143,3948.5714285714284
Revolution Case,2026-04-29 10:00:00+00:00,0.49,5397,0.0,0.23585985802610487,0.49942857142857144,4042.1428571428573
Revolution Case,2026-04-29 11:00:00+00:00,0.479,4589,-0.022448979591836782,-0.1497128034093015,0.495,4028.8571428571427
Revolution Case,2026-04-29 12:00:00+00:00,0.479,5311,0.0,0.1573327522336021,0.49114285714285716,4274.857142857143
Revolution Case,2026-04-29 13:00:00+00:00,0.479,5541,0.0,0.043306345321031836,0.4872857142857142,4598.285714285715
Revolution Case,2026-04-29 14:00:00+00:00,0.468,6315,-0.022964509394571953,0.1396859772604222,0.48214285714285715,5058.714285714285
Revolution Case,2026-04-29 15:00:00+00:00,0.472,7685,0.008547008547008517,0.21694378463974662,0.4795714285714286,5600.714285714285
Revolution Case,2026-04-29 16:00:00+00:00,0.479,8080,0.014830508474576343,0.05139882888744296,0.4779999999999999,6131.142857142857
Revolution Case,2026-04-29 17:00:00+00:00,0.476,7911,-0.006263048016701522,-0.02091584158415838,0.476,6490.285714285715
Revolution Case,2026-04-29 18:00:00+00:00,0.479,7855,0.006302521008403339,-0.007078751106054826,0.476,6956.857142857143
Revolution Case,2026-04-29 19:00:00+00:00,0.479,8603,0.0,0.09522597071928707,0.476,7427.142857142857
Revolution Case,2026-04-29 20:00:00+00:00,0.479,8313,0.0,-0.03370917121934214,0.476,7823.142857142857
Revolution Case,2026-04-29 21:00:00+00:00,0.485,8019,0.012526096033403045,-0.035366293756766476,0.47842857142857137,8066.571428571428
Revolution Case,2026-04-29 22:00:00+00:00,0.48,6385,-0.010309278350515427,-0.2037660556179075,0.47957142857142854,7880.857142857143
Revolution Case,2026-04-29 23:00:00+00:00,0.49,5724,0.02083333333333326,-0.10352388410336721,0.48114285714285715,7544.285714285715
Revolution Case,2026-04-30 00:00:00+00:00,0.5,4847,0.020408163265306145,-0.15321453529000695,0.4845714285714286,7106.571428571428
Revolution Case,2026-04-30 01:00:00+00:00,0.5,4016,0.0,-0.17144625541572112,0.4875714285714286,6558.142857142857
Revolution Case,2026-04-30 02:00:00+00:00,0.5,4233,0.0,0.054033864541832566,0.4905714285714286,5933.857142857143
Revolution Case,2026-04-30 03:00:00+00:00,0.5,3993,0.0,-0.056697377746279254,0.4935714285714286,5316.714285714285
Revolution Case,2026-04-30 04:00:00+00:00,0.51,4265,0.020000000000000018,0.06811920861507637,0.49714285714285716,4780.428571428572
Revolution Case,2026-04-30 05:00:00+00:00,0.51,3481,0.0,-0.18382180539273152,0.5014285714285714,4365.571428571428
Revolution Case,2026-04-30 06:00:00+00:00,0.51,2949,0.0,-0.1528296466532606,0.5042857142857143,3969.1428571428573
Revolution Case,2026-04-30 07:00:00+00:00,0.506,2858,-0.007843137254901933,-0.030857917938284185,0.5051428571428572,3685.0
Revolution Case,2026-04-30 08:00:00+00:00,0.479,3498,-0.05335968379446643,0.22393282015395388,0.5021428571428571,3611.0
Revolution Case,2026-04-30 09:00:00+00:00,0.467,4663,-0.025052192066805756,0.3330474556889651,0.4974285714285714,3672.4285714285716
Revolution Case,2026-04-30 10:00:00+00:00,0.466,4004,-0.0021413276231263545,-0.14132532704267642,0.4925714285714286,3674.0
Revolution Case,2026-04-30 11:00:00+00:00,0.466,3775,0.0,-0.05719280719280717,0.48628571428571427,3604.0
Revolution Case,2026-04-30 12:00:00+00:00,0.468,5049,0.0042918454935623185,0.33748344370860917,0.4802857142857143,3828.0
Revolution Case,2026-04-30 13:00:00+00:00,0.479,5976,0.02350427350427342,0.1836007130124777,0.47585714285714287,4260.428571428572
Revolution Case,2026-04-30 14:00:00+00:00,0.493,9619,0.029227557411273475,0.6096050870147256,0.4740000000000001,5226.285714285715
Revolution Case,2026-04-30 15:00:00+00:00,0.472,5397,-0.04259634888438135,-0.43892296496517313,0.473,5497.571428571428
Revolution Case,2026-04-30 16:00:00+00:00,0.467,5779,-0.010593220338982912,0.0707800629979618,0.473,5657.0
Revolution Case,2026-04-30 17:00:00+00:00,0.473,6112,0.012847965738757905,0.057622426025263795,0.47400000000000003,5958.142857142857
Revolution Case,2026-04-30 18:00:00+00:00,0.479,6693,0.012684989429175397,0.09505890052356025,0.47585714285714287,6375.0
Revolution Case,2026-04-30 19:00:00+00:00,0.479,7472,0.0,0.11639025847900797,0.47742857142857137,6721.142857142857
Revolution Case,2026-04-30 20:00:00+00:00,0.479,7410,0.0,-0.008297644539614568,0.4774285714285714,6926.0
Revolution Case,2026-04-30 21:00:00+00:00,0.49,7538,0.022964509394572064,0.017273954116059365,0.477,6628.714285714285
Revolution Case,2026-04-30 22:00:00+00:00,0.494,7878,0.008163265306122547,0.045104802334836824,0.48014285714285715,6983.142857142857
Revolution Case,2026-04-30 23:00:00+00:00,0.5,6338,0.012145748987854255,-0.19548108657019547,0.4848571428571429,7063.0
Revolution Case,2026-05-01 00:00:00+00:00,0.51,6387,0.020000000000000018,0.007731145471757683,0.49014285714285716,7102.285714285715
Revolution Case,2026-05-01 01:00:00+00:00,0.5,4491,-0.019607843137254943,-0.29685298262094884,0.49314285714285716,6787.714285714285
Revolution Case,2026-05-01 02:00:00+00:00,0.507,4800,0.014000000000000012,0.06880427521710097,0.49714285714285716,6406.0
Revolution Case,2026-05-01 03:00:00+00:00,0.51,4752,0.00591715976331364,-0.010000000000000009,0.5015714285714286,6026.285714285715
Revolution Case,2026-05-01 04:00:00+00:00,0.51,4151,0.0,-0.12647306397306401,0.5044285714285714,5542.428571428572
Revolution Case,2026-05-01 05:00:00+00:00,0.51,4414,0.0,0.06335822693326909,0.5067142857142858,5047.571428571428
Revolution Case,2026-05-01 06:00:00+00:00,0.51,3663,0.0,-0.170140462165836,0.5081428571428571,4665.428571428572
Revolution Case,2026-05-01 07:00:00+00:00,0.507,3139,-0.00588235294117645,-0.1430521430521431,0.5077142857142857,4201.428571428572
Revolution Case,2026-05-01 08:00:00+00:00,0.49,3852,-0.033530571992110514,0.22714240203886593,0.5062857142857143,4110.142857142857
Revolution Case,2026-05-01 09:00:00+00:00,0.467,4234,-0.04693877551020398,0.09916926272066462,0.5005714285714286,4029.285714285714
Revolution Case,2026-05-01 10:00:00+00:00,0.467,4756,0.0,0.12328767123287676,0.4944285714285714,4029.8571428571427
Revolution Case,2026-05-01 11:00:00+00:00,0.471,4921,0.008565310492505196,0.0346930193439865,0.4888571428571429,4139.857142857143
Revolution Case,2026-05-01 12:00:00+00:00,0.467,5158,-0.00849256900212303,0.04816094289778494,0.4827142857142857,4246.142857142857
Revolution Case,2026-05-01 13:00:00+00:00,0.476,4751,0.01927194860813697,-0.07890655292749127,0.47785714285714287,4401.571428571428
Revolution Case,2026-05-01 14:00:00+00:00,0.472,5384,-0.008403361344537785,0.13323510839823194,0.47285714285714286,4722.285714285715
Revolution Case,2026-05-01 15:00:00+00:00,0.471,5156,-0.0021186440677966045,-0.04234769687964335,0.4701428571428572,4908.571428571428
Revolution Case,2026-05-01 16:00:00+00:00,0.479,5961,0.01698513800424628,0.15612878200155156,0.47185714285714286,5155.285714285715
Revolution Case,2026-05-01 17:00:00+00:00,0.481,6705,0.0041753653444676075,0.12481127327629582,0.47385714285714287,5433.714285714285
Revolution Case,2026-05-01 18:00:00+00:00,0.484,6542,0.006237006237006293,-0.024310216256524964,0.4757142857142857,5665.285714285715
Revolution Case,2026-05-01 19:00:00+00:00,0.491,6513,0.01446280991735538,-0.004432895139101167,0.4791428571428571,5858.857142857143
Revolution Case,2026-05-01 20:00:00+00:00,0.49,6403,-0.0020366598778004397,-0.01688929832642405,0.48114285714285715,6094.857142857143
Revolution Case,2026-05-01 21:00:00+00:00,0.5,7491,0.020408163265306145,0.16992034983601445,0.48514285714285715,6395.857142857143
Revolution Case,2026-05-01 22:00:00+00:00,0.5,6275,0.0,-0.16232812708583633,0.48928571428571427,6555.714285714285
Revolution Case,2026-05-01 23:00:00+00:00,0.504,6611,0.008000000000000007,0.0535458167330678,0.4928571428571429,6648.571428571428
Revolution Case,2026-05-02 00:00:00+00:00,0.505,4606,0.001984126984126977,-0.30328240810769924,0.4962857142857143,6348.714285714285
Revolution Case,2026-05-02 01:00:00+00:00,0.51,5169,0.00990099009900991,0.12223187147199299,0.5,6152.571428571428
Revolution Case,2026-05-02 02:00:00+00:00,0.51,5000,0.0,-0.032694911975236995,0.5027142857142858,5936.428571428572
Revolution Case,2026-05-02 03:00:00+00:00,0.518,5254,0.015686274509803866,0.050799999999999956,0.5067142857142858,5772.285714285715
Revolution Case,2026-05-02 04:00:00+00:00,0.51,5238,-0.015444015444015413,-0.0030452988199467512,0.5081428571428571,5450.428571428572
Revolution Case,2026-05-02 05:00:00+00:00,0.52,5138,0.019607843137254832,-0.019091256204658236,0.511,5288.0
Revolution Case,2026-05-02 06:00:00+00:00,0.52,4295,0.0,-0.1640716231996886,0.5132857142857142,4957.142857142857
Revolution Case,2026-05-02 07:00:00+00:00,0.518,4247,-0.0038461538461538325,-0.01117578579743883,0.5151428571428572,4905.857142857143
Revolution Case,2026-05-02 08:00:00+00:00,0.494,4235,-0.04633204633204635,-0.0028255238992229703,0.5128571428571428,4772.428571428572
Revolution Case,2026-05-02 09:00:00+00:00,0.494,4575,0.0,0.08028335301062572,0.5105714285714286,4711.714285714285
Revolution Case,2026-05-02 10:00:00+00:00,0.49,3990,-0.0080971659919028,-0.12786885245901636,0.5065714285714286,4531.142857142857
Revolution Case,2026-05-02 11:00:00+00:00,0.474,3885,-0.032653061224489854,-0.02631578947368418,0.5014285714285714,4337.857142857143
Revolution Case,2026-05-02 12:00:00+00:00,0.473,4265,-0.002109704641350185,0.09781209781209776,0.4947142857142857,4213.142857142857
Revolution Case,2026-05-02 13:00:00+00:00,0.473,4172,0.0,-0.02180539273153581,0.488,4195.571428571428
Revolution Case,2026-05-02 14:00:00+00:00,0.47,4516,-0.006342494714587699,0.08245445829338438,0.48114285714285715,4234.0
Revolution Case,2026-05-02 15:00:00+00:00,0.479,5138,0.01914893617021285,0.13773250664304704,0.479,4363.0
Revolution Case,2026-05-02 16:00:00+00:00,0.48,4545,0.0020876826722338038,-0.11541455819384971,0.4769999999999999,4358.714285714285
Revolution Case,2026-05-02 17:00:00+00:00,0.486,5348,0.012499999999999956,0.17667766776677674,0.4764285714285714,4552.714285714285
Revolution Case,2026-05-02 18:00:00+00:00,0.49,6006,0.008230452674897082,0.12303664921465973,0.4787142857142857,4855.714285714285
Revolution Case,2026-05-02 19:00:00+00:00,0.494,5708,0.008163265306122547,-0.0496170496170496,0.4817142857142857,5061.857142857143
Revolution Case,2026-05-02 20:00:00+00:00,0.494,6538,0.0,0.1454099509460407,0.4847142857142857,5399.857142857143
Revolution Case,2026-05-02 21:00:00+00:00,0.494,5692,0.0,-0.12939736922606304,0.4881428571428571,5567.857142857143
Revolution Case,2026-05-02 22:00:00+00:00,0.494,6071,0.0,0.06658468025298658,0.4902857142857142,5701.142857142857
Revolution Case,2026-05-02 23:00:00+00:00,0.5,4997,0.012145748987854255,-0.17690660517212975,0.49314285714285716,5765.714285714285
Revolution Case,2026-05-03 00:00:00+00:00,0.51,4979,0.020000000000000018,-0.003602161296778039,0.49657142857142855,5713.0
Revolution Case,2026-05-03 01:00:00+00:00,0.505,4116,-0.009803921568627416,-0.1733279775055232,0.49871428571428567,5443.0
Revolution Case,2026-05-03 02:00:00+00:00,0.51,4152,0.00990099009900991,0.008746355685131268,0.501,5220.714285714285
Revolution Case,2026-05-03 03:00:00+00:00,0.51,4032,0.0,-0.028901734104046284,0.5032857142857142,4862.714285714285
Revolution Case,2026-05-03 04:00:00+00:00,0.51,3826,0.0,-0.05109126984126988,0.5055714285714286,4596.142857142857
Revolution Case,2026-05-03 05:00:00+00:00,0.51,3285,0.0,-0.14140094093047573,0.5078571428571428,4198.142857142857
Revolution Case,2026-05-03 06:00:00+00:00,0.51,3094,0.0,-0.058143074581430754,0.5092857142857142,3926.285714285714
Revolution Case,2026-05-03 07:00:00+00:00,0.5,3323,-0.019607843137254943,0.07401422107304456,0.5078571428571429,3689.714285714286
Revolution Case,2026-05-03 08:00:00+00:00,0.48,3630,-0.040000000000000036,0.09238639783328328,0.5042857142857143,3620.285714285714
Revolution Case,2026-05-03 09:00:00+00:00,0.48,3780,0.0,0.04132231404958686,0.5,3567.1428571428573
Revolution Case,2026-05-03 10:00:00+00:00,0.475,4138,-0.01041666666666663,0.09470899470899474,0.495,3582.285714285714
Revolution Case,2026-05-03 11:00:00+00:00,0.477,5191,0.004210526315789442,0.25447075882068626,0.49028571428571427,3777.285714285714
Revolution Case,2026-05-03 12:00:00+00:00,0.482,4969,0.01048218029350112,-0.04276632633403965,0.48628571428571427,4017.8571428571427
Revolution Case,2026-05-03 13:00:00+00:00,0.47,4862,-0.024896265560165998,-0.02153350774803786,0.48057142857142854,4270.428571428572
Revolution Case,2026-05-03 14:00:00+00:00,0.48,5114,0.02127659574468077,0.05183052241875763,0.4777142857142857,4526.285714285715
Revolution Case,2026-05-03 15:00:00+00:00,0.486,5158,0.012499999999999956,0.00860383261634734,0.47857142857142854,4744.571428571428
Revolution Case,2026-05-03 16:00:00+00:00,0.47,6793,-0.03292181069958855,0.31698332687088016,0.47714285714285715,5175.0
Revolution Case,2026-05-03 17:00:00+00:00,0.48,5307,0.02127659574468077,-0.21875460032386285,0.47785714285714287,5342.0
Revolution Case,2026-05-03 18:00:00+00:00,0.494,6635,0.029166666666666785,0.25023553796872067,0.48028571428571426,5548.285714285715
Revolution Case,2026-05-03 19:00:00+00:00,0.49,5398,-0.0080971659919028,-0.18643556895252444,0.48142857142857143,5609.571428571428
Revolution Case,2026-05-03 20:00:00+00:00,0.482,6511,-0.01632653061224487,0.2061874768432752,0.4831428571428571,5845.142857142857
Revolution Case,2026-05-03 21:00:00+00:00,0.49,6042,0.016597510373443924,-0.07203194593764395,0.48457142857142854,5977.714285714285
Revolution Case,2026-05-03 22:00:00+00:00,0.494,5518,0.008163265306122547,-0.08672624958622976,0.4857142857142857,6029.142857142857
Revolution Case,2026-05-03 23:00:00+00:00,0.494,4572,0.0,-0.17143892714751718,0.48914285714285716,5711.857142857143
Revolution Case,2026-05-04 00:00:00+00:00,0.5,3640,0.012145748987854255,-0.20384951881014868,0.492,5473.714285714285
Revolution Case,2026-05-04 01:00:00+00:00,0.51,3707,0.020000000000000018,0.01840659340659334,0.4942857142857143,5055.428571428572
Revolution Case,2026-05-04 02:00:00+00:00,0.51,4216,0.0,0.13730779606150523,0.49714285714285716,4886.571428571428
Revolution Case,2026-05-04 03:00:00+00:00,0.51,3216,0.0,-0.23719165085388993,0.5011428571428571,4415.857142857143
Revolution Case,2026-05-04 04:00:00+00:00,0.51,2755,0.0,-0.1433457711442786,0.504,3946.285714285714
Revolution Case,2026-05-04 05:00:00+00:00,0.505,3024,-0.009803921568627416,0.0976406533575318,0.5055714285714286,3590.0
Revolution Case,2026-05-04 06:00:00+00:00,0.51,3409,0.00990099009900991,0.12731481481481488,0.5078571428571428,3423.8571428571427
Revolution Case,2026-05-04 07:00:00+00:00,0.495,2183,-0.02941176470588236,-0.3596362569668524,0.5071428571428571,3215.714285714286
Revolution Case,2026-05-04 08:00:00+00:00,0.48,3367,-0.030303030303030276,0.5423728813559323,0.5028571428571429,3167.1428571428573
Revolution Case,2026-05-04 09:00:00+00:00,0.475,4390,-0.01041666666666663,0.30383130383130386,0.49785714285714283,3192.0
Revolution Case,2026-05-04 10:00:00+00:00,0.47,2736,-0.010526315789473717,-0.3767653758542141,0.49214285714285716,3123.4285714285716
Revolution Case,2026-05-04 11:00:00+00:00,0.475,3482,0.010638297872340496,0.27266081871345027,0.4871428571428571,3227.285714285714
Revolution Case,2026-05-04 12:00:00+00:00,0.478,3905,0.006315789473684275,0.1214819069500288,0.48328571428571426,3353.1428571428573
Revolution Case,2026-05-04 13:00:00+00:00,0.471,3459,-0.014644351464435212,-0.11421254801536496,0.47771428571428576,3360.285714285714
Revolution Case,2026-05-04 14:00:00+00:00,0.472,4141,0.002123142250530785,0.19716681121711477,0.47442857142857137,3640.0
Revolution Case,2026-05-04 15:00:00+00:00,0.48,4586,0.016949152542372836,0.1074619657087661,0.47442857142857137,3814.1428571428573
Revolution Case,2026-05-04 16:00:00+00:00,0.471,5247,-0.018750000000000044,0.14413432184910602,0.4738571428571428,3936.5714285714284
Revolution Case,2026-05-04 17:00:00+00:00,0.488,6218,0.03609341825902335,0.18505812845435488,0.47642857142857137,4434.0
Revolution Case,2026-05-04 18:00:00+00:00,0.47,3545,-0.03688524590163933,-0.42988099067224184,0.4757142857142857,4443.0
Revolution Case,2026-05-04 19:00:00+00:00,0.482,7129,0.025531914893617058,1.0110014104372356,0.47628571428571426,4903.571428571428
Revolution Case,2026-05-04 20:00:00+00:00,0.447,18228,-0.07261410788381739,1.5568803478748774,0.4728571428571428,7013.428571428572
Revolution Case,2026-05-04 21:00:00+00:00,0.489,5238,0.09395973154362403,-0.7126398946675445,0.47528571428571426,7170.142857142857
Revolution Case,2026-05-04 22:00:00+00:00,0.488,4419,-0.002044989775051076,-0.1563573883161512,0.47642857142857137,7146.285714285715
Revolution Case,2026-05-04 23:00:00+00:00,0.498,4380,0.020491803278688492,-0.008825526137135054,0.4802857142857143,7022.428571428572
Revolution Case,2026-05-05 00:00:00+00:00,0.5,3985,0.004016064257028162,-0.09018264840182644,0.48200000000000004,6703.428571428572
Revolution Case,2026-05-05 01:00:00+00:00,0.5,3923,0.0,-0.015558343789209506,0.48628571428571427,6757.428571428572
Revolution Case,2026-05-05 02:00:00+00:00,0.501,3613,0.0020000000000000018,-0.07902115727759362,0.489,6255.142857142857
Revolution Case,2026-05-05 03:00:00+00:00,0.5,3417,-0.001996007984031989,-0.054248546913922,0.49657142857142855,4139.285714285715
Revolution Case,2026-05-05 04:00:00+00:00,0.5,3048,0.0,-0.10798946444249347,0.49814285714285716,3826.4285714285716
Revolution Case,2026-05-05 05:00:00+00:00,0.5,3027,0.0,-0.006889763779527547,0.4998571428571429,3627.5714285714284
Revolution Case,2026-05-05 06:00:00+00:00,0.5,2336,0.0,-0.22827882391807075,0.5001428571428571,3335.5714285714284
Revolution Case,2026-05-05 07:00:00+00:00,0.494,2419,-0.01200000000000001,0.03553082191780832,0.4992857142857143,3111.8571428571427
Revolution Case,2026-05-05 08:00:00+00:00,0.48,2968,-0.028340080971659964,0.2269532864820174,0.4964285714285714,2975.4285714285716
Revolution Case,2026-05-05 09:00:00+00:00,0.48,3216,0.0,0.0835579514824798,0.4934285714285714,2918.714285714286
Revolution Case,2026-05-05 10:00:00+00:00,0.483,2830,0.006250000000000089,-0.12002487562189057,0.491,2834.8571428571427
Revolution Case,2026-05-05 11:00:00+00:00,0.48,2610,-0.006211180124223614,-0.07773851590106007,0.4881428571428571,2772.285714285714
Revolution Case,2026-05-05 12:00:00+00:00,0.474,3248,-0.012500000000000067,0.24444444444444446,0.48442857142857143,2803.8571428571427
Revolution Case,2026-05-05 13:00:00+00:00,0.468,3743,-0.012658227848101111,0.15240147783251223,0.47985714285714287,3004.8571428571427
Revolution Case,2026-05-05 14:00:00+00:00,0.48,4148,0.02564102564102555,0.10820197702377765,0.47785714285714287,3251.8571428571427
Revolution Case,2026-05-05 15:00:00+00:00,0.48,4313,0.0,0.039778206364513125,0.47785714285714287,3444.0
Revolution Case,2026-05-05 16:00:00+00:00,0.48,4974,0.0,0.15325759332251332,0.47785714285714287,3695.1428571428573
Revolution Case,2026-05-05 17:00:00+00:00,0.48,5263,0.0,0.05810213108162454,0.4774285714285714,4042.714285714286
Revolution Case,2026-05-05 18:00:00+00:00,0.474,6017,-0.012500000000000067,0.1432642979289378,0.47657142857142853,4529.428571428572
Revolution Case,2026-05-05 19:00:00+00:00,0.48,5313,0.012658227848101333,-0.11700182815356486,0.47742857142857137,4824.428571428572
Revolution Case,2026-05-05 20:00:00+00:00,0.48,5065,0.0,-0.046677959721437956,0.4791428571428571,5013.285714285715
Revolution Case,2026-05-05 21:00:00+00:00,0.48,5204,0.0,0.027443237907206264,0.4791428571428571,5164.142857142857
Revolution Case,2026-05-05 22:00:00+00:00,0.488,5102,0.016666666666666607,-0.019600307455803212,0.48028571428571426,5276.857142857143
Revolution Case,2026-05-05 23:00:00+00:00,0.484,4659,-0.008196721311475419,-0.086828694629557,0.4808571428571428,5231.857142857143
Revolution Case,2026-05-06 00:00:00+00:00,0.483,3990,-0.0020661157024793875,-0.14359304571796527,0.48128571428571426,5050.0
Revolution Case,2026-05-06 01:00:00+00:00,0.49,3188,0.01449275362318847,-0.20100250626566418,0.4835714285714286,4645.857142857143
Revolution Case,2026-05-06 02:00:00+00:00,0.48,4128,-0.020408163265306145,0.2948557089084065,0.4835714285714286,4476.571428571428
Revolution Case,2026-05-06 03:00:00+00:00,0.48,3824,0.0,-0.0736434108527132,0.4835714285714286,4299.285714285715
Revolution Case,2026-05-06 04:00:00+00:00,0.48,4275,0.0,0.11793933054393313,0.4835714285714286,4166.571428571428
Revolution Case,2026-05-06 05:00:00+00:00,0.48,3360,0.0,-0.21403508771929824,0.4824285714285715,3917.714285714286
Revolution Case,2026-05-06 06:00:00+00:00,0.477,3577,-0.006249999999999978,0.06458333333333344,0.48142857142857143,3763.1428571428573
Revolution Case,2026-05-06 07:00:00+00:00,0.469,2835,-0.016771488469601747,-0.20743639921722112,0.4794285714285714,3598.1428571428573
Revolution Case,2026-05-06 08:00:00+00:00,0.456,3509,-0.02771855010660973,0.237742504409171,0.47457142857142853,3644.0
Revolution Case,2026-05-06 09:00:00+00:00,0.47,6086,0.030701754385964897,0.7343972641778285,0.47314285714285714,3923.714285714286
Revolution Case,2026-05-06 10:00:00+00:00,0.459,4374,-0.023404255319148803,-0.28130134735458434,0.47014285714285714,4002.285714285714
Revolution Case,2026-05-06 11:00:00+00:00,0.456,4602,-0.006535947712418277,0.05212620027434833,0.4667142857142857,4049.0
Revolution Case,2026-05-06 12:00:00+00:00,0.456,5238,0.0,0.1382007822685789,0.46328571428571425,4317.285714285715
Revolution Case,2026-05-06 13:00:00+00:00,0.456,5541,0.0,0.057846506300114564,0.4602857142857143,4597.857142857143
Revolution Case,2026-05-06 14:00:00+00:00,0.456,7529,0.0,0.35878000360945683,0.45842857142857146,5268.428571428572
Revolution Case,2026-05-06 15:00:00+00:00,0.456,8108,0.0,0.07690264311329531,0.45842857142857146,5925.428571428572
Revolution Case,2026-05-06 16:00:00+00:00,0.456,7659,0.0,-0.05537740503206712,0.4564285714285714,6150.142857142857
Revolution Case,2026-05-06 17:00:00+00:00,0.467,8381,0.02412280701754388,0.09426818122470304,0.4575714285714286,6722.571428571428
Revolution Case,2026-05-06 18:00:00+00:00,0.461,8413,-0.012847965738758016,0.0038181601240903085,0.4582857142857143,7267.0
Revolution Case,2026-05-06 19:00:00+00:00,0.468,8554,0.015184381778741818,0.016759776536312776,0.46,7740.714285714285
Revolution Case,2026-05-06 20:00:00+00:00,0.456,7439,-0.02564102564102566,-0.13034837502922614,0.46,8011.857142857143
Revolution Case,2026-05-06 21:00:00+00:00,0.468,7314,0.026315789473684292,-0.01680333378142218,0.46171428571428574,7981.142857142857
Revolution Case,2026-05-06 22:00:00+00:00,0.47,6264,0.004273504273504258,-0.14356029532403614,0.4637142857142858,7717.714285714285
Revolution Case,2026-05-06 23:00:00+00:00,0.47,5719,0.0,-0.08700510855683274,0.46571428571428575,7440.571428571428
Revolution Case,2026-05-07 00:00:00+00:00,0.477,4725,0.014893617021276562,-0.17380660954712357,0.46714285714285714,6918.285714285715
Revolution Case,2026-05-07 01:00:00+00:00,0.48,4696,0.0062893081761006275,-0.006137566137566108,0.4698571428571428,6387.285714285715
Revolution Case,2026-05-07 02:00:00+00:00,0.48,4694,0.0,-0.0004258943781941804,0.47157142857142853,5835.857142857143
Revolution Case,2026-05-07 03:00:00+00:00,0.49,4045,0.02083333333333326,-0.13826161056668085,0.4764285714285714,5351.0
Revolution Case,2026-05-07 04:00:00+00:00,0.49,3686,0.0,-0.08875154511742889,0.47957142857142854,4832.714285714285
Revolution Case,2026-05-07 05:00:00+00:00,0.48,3196,-0.020408163265306145,-0.13293543136190988,0.4809999999999999,4394.428571428572
Revolution Case,2026-05-07 06:00:00+00:00,0.48,3005,0.0,-0.059762202753441795,0.4824285714285714,4006.714285714286
Revolution Case,2026-05-07 07:00:00+00:00,0.472,2660,-0.01666666666666672,-0.11480865224625625,0.4817142857142857,3711.714285714286
Revolution Case,2026-05-07 08:00:00+00:00,0.469,3538,-0.006355932203389814,0.33007518796992485,0.4801428571428571,3546.285714285714
Revolution Case,2026-05-07 09:00:00+00:00,0.458,3066,-0.023454157782515916,-0.13340870548332395,0.477,3313.714285714286
Revolution Case,2026-05-07 10:00:00+00:00,0.469,3606,0.024017467248908186,0.1761252446183954,0.4739999999999999,3251.0
Revolution Case,2026-05-07 11:00:00+00:00,0.465,4050,-0.008528784648187515,0.12312811980033267,0.4704285714285715,3303.0
Revolution Case,2026-05-07 12:00:00+00:00,0.458,4003,-0.01505376344086018,-0.011604938271604914,0.46728571428571425,3418.285714285714
Revolution Case,2026-05-07 13:00:00+00:00,0.454,4846,-0.008733624454148492,0.21059205595803143,0.4635714285714286,3681.285714285714
Revolution Case,2026-05-07 14:00:00+00:00,0.458,4919,0.008810572687224738,0.015063970284771022,0.46157142857142863,4004.0
Revolution Case,2026-05-07 15:00:00+00:00,0.458,5673,0.0,0.15328318763976423,0.46,4309.0
Revolution Case,2026-05-07 16:00:00+00:00,0.46,6450,0.004366812227074135,0.1369645690111052,0.4602857142857143,4792.428571428572
Revolution Case,2026-05-07 17:00:00+00:00,0.471,7501,0.023913043478260843,0.16294573643410848,0.4605714285714286,5348.857142857143
Revolution Case,2026-05-07 18:00:00+00:00,0.47,8053,-0.002123142250530785,0.07359018797493677,0.4612857142857143,5920.714285714285
Revolution Case,2026-05-07 19:00:00+00:00,0.47,7198,0.0,-0.10617161306345457,0.463,6377.142857142857
Revolution Case,2026-05-07 20:00:00+00:00,0.462,6434,-0.017021276595744594,-0.10614059460961378,0.46414285714285713,6604.0
Revolution Case,2026-05-07 21:00:00+00:00,0.47,6213,0.017316017316017174,-0.034348772147963946,0.4658571428571428,6788.857142857143
Revolution Case,2026-05-07 22:00:00+00:00,0.47,6388,0.0,0.02816674714308709,0.4675714285714286,6891.0
Revolution Case,2026-05-07 23:00:00+00:00,0.476,5955,0.012765957446808418,-0.06778334376956796,0.46985714285714286,6820.285714285715
Revolution Case,2026-05-08 00:00:00+00:00,0.48,4152,0.008403361344537785,-0.30277078085642317,0.47114285714285714,6341.857142857143
Revolution Case,2026-05-08 01:00:00+00:00,0.48,4190,0.0,0.009152215799614671,0.47257142857142853,5790.0
Revolution Case,2026-05-08 02:00:00+00:00,0.49,5286,0.02083333333333326,0.2615751789976133,0.4754285714285714,5516.857142857143
Revolution Case,2026-05-08 03:00:00+00:00,0.484,4357,-0.01224489795918371,-0.17574725690503212,0.47857142857142854,5220.142857142857
Revolution Case,2026-05-08 04:00:00+00:00,0.49,3955,0.012396694214876103,-0.0922653201744319,0.48142857142857143,4897.571428571428
Revolution Case,2026-05-08 05:00:00+00:00,0.49,3556,0.0,-0.10088495575221235,0.48428571428571426,4493.0
Revolution Case,2026-05-08 06:00:00+00:00,0.49,3221,0.0,-0.09420697412823398,0.48628571428571427,4102.428571428572
Revolution Case,2026-05-08 07:00:00+00:00,0.489,2739,-0.0020408163265306367,-0.14964296802235333,0.48757142857142854,3900.5714285714284
Revolution Case,2026-05-08 08:00:00+00:00,0.468,3096,-0.042944785276073594,0.13033953997809422,0.4858571428571428,3744.285714285714
Revolution Case,2026-05-08 09:00:00+00:00,0.464,3528,-0.008547008547008517,0.13953488372093026,0.48214285714285715,3493.1428571428573
Revolution Case,2026-05-08 10:00:00+00:00,0.457,3343,-0.015086206896551713,-0.052437641723355966,0.4782857142857143,3348.285714285714
Revolution Case,2026-05-08 11:00:00+00:00,0.46,3963,0.006564551422319376,0.1854621597367634,0.47400000000000003,3349.4285714285716
Revolution Case,2026-05-08 12:00:00+00:00,0.469,4315,0.019565217391304346,0.08882159979813276,0.47100000000000003,3457.8571428571427
Revolution Case,2026-05-08 13:00:00+00:00,0.467,4386,-0.004264392324093702,0.016454229432213197,0.4677142857142857,3624.285714285714
Revolution Case,2026-05-08 14:00:00+00:00,0.47,6235,0.0064239828693788414,0.42156862745098045,0.46499999999999997,4123.714285714285
Revolution Case,2026-05-08 15:00:00+00:00,0.471,6130,0.0021276595744681437,-0.016840417000801966,0.4654285714285714,4557.142857142857
Revolution Case,2026-05-08 16:00:00+00:00,0.471,5680,0.0,-0.0734094616639478,0.46642857142857147,4864.571428571428
Revolution Case,2026-05-08 17:00:00+00:00,0.482,7677,0.023354564755838636,0.3515845070422534,0.4699999999999999,5483.714285714285
Revolution Case,2026-05-08 18:00:00+00:00,0.483,9556,0.0020746887966804906,0.2447570665624592,0.47328571428571425,6282.714285714285
Revolution Case,2026-05-08 19:00:00+00:00,0.478,6923,-0.010351966873705987,-0.27553369610715783,0.4745714285714286,6655.285714285715
Revolution Case,2026-05-08 20:00:00+00:00,0.48,7089,0.004184100418409997,0.0239780442004911,0.4764285714285714,7041.428571428572
Revolution Case,2026-05-08 21:00:00+00:00,0.48,6825,0.0,-0.0372407955988151,0.47785714285714287,7125.714285714285
Revolution Case,2026-05-08 22:00:00+00:00,0.483,7038,0.006250000000000089,0.031208791208791276,0.47957142857142854,7255.428571428572
Revolution Case,2026-05-08 23:00:00+00:00,0.49,7569,0.01449275362318847,0.07544757033248084,0.48228571428571426,7525.285714285715
Revolution Case,2026-05-09 00:00:00+00:00,0.49,6270,0.0,-0.17162108600871973,0.48342857142857143,7324.285714285715
Revolution Case,2026-05-09 01:00:00+00:00,0.49,6038,0.0,-0.0370015948963317,0.48442857142857143,6821.714285714285
Revolution Case,2026-05-09 02:00:00+00:00,0.5,5672,0.020408163265306145,-0.060616098045710554,0.48757142857142854,6643.0
Revolution Case,2026-05-09 03:00:00+00:00,0.49,5978,-0.020000000000000018,0.053949224259520534,0.48899999999999993,6484.285714285715
Revolution Case,2026-05-09 04:00:00+00:00,0.49,5766,0.0,-0.03546336567413855,0.4904285714285714,6333.0
Revolution Case,2026-05-09 05:00:00+00:00,0.493,4848,0.00612244897959191,-0.15920915712799166,0.4918571428571429,6020.142857142857
Revolution Case,2026-05-09 06:00:00+00:00,0.5,4042,0.014198782961460488,-0.16625412541254125,0.49328571428571427,5516.285714285715
Revolution Case,2026-05-09 07:00:00+00:00,0.5,3987,0.0,-0.013607125185551738,0.4947142857142857,5190.142857142857
Revolution Case,2026-05-09 08:00:00+00:00,0.481,3798,-0.038000000000000034,-0.04740406320541757,0.4934285714285714,4870.142857142857
Revolution Case,2026-05-09 09:00:00+00:00,0.474,4091,-0.01455301455301461,0.07714586624539232,0.4897142857142857,4644.285714285715
Revolution Case,2026-05-09 10:00:00+00:00,0.483,5679,0.018987341772152,0.3881691517966268,0.48871428571428577,4601.571428571428
Revolution Case,2026-05-09 11:00:00+00:00,0.471,4316,-0.024844720496894457,-0.24000704349357282,0.48599999999999993,4394.428571428572
Revolution Case,2026-05-09 12:00:00+00:00,0.474,5299,0.006369426751592355,0.22775718257645972,0.48328571428571426,4458.857142857143
Revolution Case,2026-05-09 13:00:00+00:00,0.471,5374,-0.006329113924050667,0.014153613889413164,0.47914285714285715,4649.142857142857
Revolution Case,2026-05-09 14:00:00+00:00,0.476,5638,0.010615711252653925,0.04912541868254561,0.4757142857142857,4885.0
Revolution Case,2026-05-09 15:00:00+00:00,0.48,6065,0.008403361344537785,0.07573607662291604,0.47557142857142853,5208.857142857143
Revolution Case,2026-05-09 16:00:00+00:00,0.483,5927,0.006250000000000089,-0.02275350370981044,0.4768571428571428,5471.142857142857
Revolution Case,2026-05-09 17:00:00+00:00,0.483,6241,0.0,0.05297789775603179,0.4768571428571428,5551.428571428572
Revolution Case,2026-05-09 18:00:00+00:00,0.486,6736,0.006211180124223503,0.07931421246595094,0.479,5897.142857142857
Revolution Case,2026-05-09 19:00:00+00:00,0.483,7663,-0.006172839506172867,0.13761876484560576,0.48028571428571426,6234.857142857143
Revolution Case,2026-05-09 20:00:00+00:00,0.495,10361,0.024844720496894457,0.35208143024924965,0.4837142857142857,6947.285714285715
Revolution Case,2026-05-09 21:00:00+00:00,0.49,7240,-0.010101010101010055,-0.30122575041019206,0.48571428571428577,7176.142857142857
Revolution Case,2026-05-09 22:00:00+00:00,0.492,6240,0.004081632653061273,-0.13812154696132595,0.48742857142857143,7201.142857142857
Revolution Case,2026-05-09 23:00:00+00:00,0.49,6128,-0.004065040650406471,-0.017948717948717996,0.48842857142857143,7229.857142857143
Revolution Case,2026-05-10 00:00:00+00:00,0.487,4508,-0.006122448979591799,-0.2643603133159269,0.489,6982.285714285715
Revolution Case,2026-05-10 01:00:00+00:00,0.492,4562,0.010266940451745477,0.011978704525288375,0.4898571428571429,6671.714285714285
Revolution Case,2026-05-10 02:00:00+00:00,0.5,3915,0.016260162601626105,-0.1418237615081105,0.4922857142857143,6136.285714285715
Revolution Case,2026-05-10 03:00:00+00:00,0.5,3591,0.0,-0.08275862068965523,0.493,5169.142857142857
Revolution Case,2026-05-10 04:00:00+00:00,0.5,3141,0.0,-0.12531328320802004,0.4944285714285715,4583.571428571428
Revolution Case,2026-05-10 05:00:00+00:00,0.5,3855,0.0,0.22731614135625589,0.4955714285714286,4242.857142857143
Revolution Case,2026-05-10 06:00:00+00:00,0.49,3577,-0.020000000000000018,-0.07211413748378726,0.49557142857142855,3878.4285714285716
Revolution Case,2026-05-10 07:00:00+00:00,0.5,4414,0.020408163265306145,0.23399496785015383,0.4974285714285714,3865.0
Revolution Case,2026-05-10 08:00:00+00:00,0.48,4055,-0.040000000000000036,-0.081332125056638,0.49571428571428566,3792.5714285714284
Revolution Case,2026-05-10 09:00:00+00:00,0.472,4117,-0.01666666666666672,0.015289765721331783,0.49171428571428566,3821.4285714285716
Revolution Case,2026-05-10 10:00:00+00:00,0.466,4651,-0.012711864406779516,0.12970609667233424,0.4868571428571428,3972.8571428571427
Revolution Case,2026-05-10 11:00:00+00:00,0.471,5072,0.010729613733905463,0.09051816813588465,0.4827142857142857,4248.714285714285
Revolution Case,2026-05-10 12:00:00+00:00,0.463,4124,-0.01698513800424617,-0.18690851735015768,0.47742857142857137,4287.142857142857
Revolution Case,2026-05-10 13:00:00+00:00,0.47,4997,0.015118790496760237,0.21168768186226972,0.4745714285714286,4490.0
Revolution Case,2026-05-10 14:00:00+00:00,0.471,6524,0.0021276595744681437,0.305583350010006,0.4704285714285715,4791.428571428572
Revolution Case,2026-05-10 15:00:00+00:00,0.471,5839,0.0,-0.10499693439607605,0.46914285714285714,5046.285714285715
Revolution Case,2026-05-10 16:00:00+00:00,0.471,5842,0.0,0.0005137866072957298,0.469,5292.714285714285
Revolution Case,2026-05-10 17:00:00+00:00,0.476,5874,0.010615711252653925,0.00547757617254363,0.47042857142857136,5467.428571428572
Revolution Case,2026-05-10 18:00:00+00:00,0.48,6305,0.008403361344537785,0.07337419135171941,0.47171428571428564,5643.571428571428
Revolution Case,2026-05-10 19:00:00+00:00,0.483,6079,0.006250000000000089,-0.035844567803330674,0.47457142857142853,5922.857142857143
Revolution Case,2026-05-10 20:00:00+00:00,0.483,6935,0.0,0.14081263365685137,0.4764285714285714,6199.714285714285
Revolution Case,2026-05-10 21:00:00+00:00,0.483,5959,0.0,-0.14073540014419605,0.4781428571428571,6119.0
Revolution Case,2026-05-10 22:00:00+00:00,0.483,5174,0.0,-0.13173351233428432,0.4798571428571428,6024.0
Revolution Case,2026-05-10 23:00:00+00:00,0.49,4374,0.01449275362318847,-0.15461925009663702,0.4825714285714286,5814.285714285715
Revolution Case,2026-05-11 00:00:00+00:00,0.483,3839,-0.014285714285714346,-0.12231367169638774,0.48357142857142854,5523.571428571428
Revolution Case,2026-05-11 01:00:00+00:00,0.5,4493,0.035196687370600444,0.17035686376660597,0.4864285714285715,5264.714285714285
Revolution Case,2026-05-11 02:00:00+00:00,0.49,4433,-0.020000000000000018,-0.01335410638771417,0.48742857142857143,5029.571428571428
Revolution Case,2026-05-11 03:00:00+00:00,0.49,3607,0.0,-0.18632979923302506,0.4884285714285714,4554.142857142857
Revolution Case,2026-05-11 04:00:00+00:00,0.492,2817,0.004081632653061273,-0.21901857499306898,0.4897142857142857,4105.285714285715
Revolution Case,2026-05-11 05:00:00+00:00,0.49,2566,-0.004065040650406471,-0.08910188143414977,0.4907142857142857,3732.714285714286
Revolution Case,2026-05-11 06:00:00+00:00,0.49,3060,0.0,0.19251753702260332,0.49071428571428566,3545.0
Revolution Case,2026-05-11 07:00:00+00:00,0.49,2715,0.0,-0.11274509803921573,0.4917142857142857,3384.4285714285716
Revolution Case,2026-05-11 08:00:00+00:00,0.47,3373,-0.04081632653061229,0.24235727440147325,0.48742857142857143,3224.4285714285716
Revolution Case,2026-05-11 09:00:00+00:00,0.459,4091,-0.023404255319148803,0.21286688407945453,0.483,3175.5714285714284
Revolution Case,2026-05-11 10:00:00+00:00,0.458,4182,-0.002178649237472796,0.02224395013444136,0.4784285714285715,3257.714285714286
Revolution Case,2026-05-11 11:00:00+00:00,0.459,3727,0.0021834061135370675,-0.10879961740793875,0.47371428571428575,3387.714285714286
Revolution Case,2026-05-11 12:00:00+00:00,0.459,3919,0.0,0.0515159645827743,0.4692857142857143,3581.0
Revolution Case,2026-05-11 13:00:00+00:00,0.459,3620,0.0,-0.07629497320745093,0.46485714285714286,3661.0
Revolution Case,2026-05-11 14:00:00+00:00,0.47,4686,0.023965141612200425,0.2944751381215469,0.462,3942.5714285714284
Revolution Case,2026-05-11 15:00:00+00:00,0.47,5138,0.0,0.09645753307725147,0.4620000000000001,4194.714285714285
Revolution Case,2026-05-11 16:00:00+00:00,0.471,5083,0.0021276595744681437,-0.010704554301284586,0.4637142857142857,4336.428571428572
Revolution Case,2026-05-11 17:00:00+00:00,0.471,5604,0.0,0.10249852449340935,0.4655714285714286,4539.571428571428
Revolution Case,2026-05-11 18:00:00+00:00,0.483,7371,0.02547770700636942,0.31531049250535337,0.469,5060.142857142857
Revolution Case,2026-05-11 19:00:00+00:00,0.478,5413,-0.010351966873705987,-0.2656355989689323,0.47171428571428564,5273.571428571428
Revolution Case,2026-05-11 20:00:00+00:00,0.48,5509,0.004184100418409997,0.01773508220949571,0.47471428571428564,5543.428571428572
Revolution Case,2026-05-11 21:00:00+00:00,0.484,5383,0.008333333333333304,-0.02287166454891998,0.4767142857142857,5643.0
Revolution Case,2026-05-11 22:00:00+00:00,0.48,4484,-0.008264462809917328,-0.167007245030652,0.4781428571428571,5549.571428571428
Revolution Case,2026-05-11 23:00:00+00:00,0.488,3910,0.016666666666666607,-0.12801070472792153,0.48057142857142854,5382.0
Revolution Case,2026-05-12 00:00:00+00:00,0.483,4487,-0.010245901639344246,0.1475703324808184,0.48228571428571426,5222.428571428572
Revolution Case,2026-05-12 01:00:00+00:00,0.49,3876,0.01449275362318847,-0.13617116113215955,0.48328571428571426,4723.142857142857
Revolution Case,2026-05-12 02:00:00+00:00,0.49,3587,0.0,-0.07456140350877194,0.485,4462.285714285715
Revolution Case,2026-05-12 03:00:00+00:00,0.48,3414,-0.020408163265306145,-0.048229718427655444,0.485,4163.0
Revolution Case,2026-05-12 04:00:00+00:00,0.49,3140,0.02083333333333326,-0.08025776215582892,0.4858571428571429,3842.5714285714284
Revolution Case,2026-05-12 05:00:00+00:00,0.49,4014,0.0,0.27834394904458604,0.48728571428571427,3775.4285714285716
Revolution Case,2026-05-12 06:00:00+00:00,0.49,3784,0.0,-0.057299451918286004,0.4875714285714286,3757.4285714285716
Revolution Case,2026-05-12 07:00:00+00:00,0.48,2472,-0.020408163265306145,-0.34672304439746304,0.48714285714285716,3469.5714285714284
Revolution Case,2026-05-12 08:00:00+00:00,0.48,3073,0.0,0.2431229773462784,0.4857142857142857,3354.8571428571427
Revolution Case,2026-05-12 09:00:00+00:00,0.464,3252,-0.033333333333333215,0.05824926781646589,0.48200000000000004,3307.0
Revolution Case,2026-05-12 10:00:00+00:00,0.46,4077,-0.008620689655172376,0.25369003690036895,0.47914285714285715,3401.714285714286
Revolution Case,2026-05-12 11:00:00+00:00,0.464,3928,0.008695652173912993,-0.03654648025508955,0.4754285714285714,3514.285714285714
Revolution Case,2026-05-12 12:00:00+00:00,0.464,3195,0.0,-0.18660896130346227,0.4717142857142857,3397.285714285714
Revolution Case,2026-05-12 13:00:00+00:00,0.46,3825,-0.008620689655172376,0.19718309859154926,0.4674285714285714,3403.1428571428573
Revolution Case,2026-05-12 14:00:00+00:00,0.46,3426,0.0,-0.10431372549019613,0.4645714285714285,3539.4285714285716
Revolution Case,2026-05-12 15:00:00+00:00,0.471,3117,0.023913043478260843,-0.0901926444833625,0.46328571428571425,3545.714285714286
Revolution Case,2026-05-12 16:00:00+00:00,0.471,5156,0.0,0.6541546358678216,0.4642857142857143,3817.714285714286
