market_hash_name,date,median_price,volume,median_price_change_pct,volume_change_pct,median_price_7d_avg,volume_7d_avg
Revolution Case,2023-02-10 01:00:00+00:00,13.462,79764,,,13.462,79764.0
Revolution Case,2023-02-11 01:00:00+00:00,8.041,79886,-0.40268905066112015,0.0015295120605787194,10.7515,79825.0
Revolution Case,2023-02-12 01:00:00+00:00,6.889,78300,-0.14326576296480542,-0.019853290939588875,9.464,79316.66666666667
Revolution Case,2023-02-13 01:00:00+00:00,6.96,58451,0.010306285382493785,-0.25349936143039586,8.838000000000001,74100.25
Revolution Case,2023-02-14 01:00:00+00:00,5.986,57769,-0.13994252873563218,-0.011667892764880006,8.2676,70834.0
Revolution Case,2023-02-15 01:00:00+00:00,5.549,57410,-0.07300367524223172,-0.006214405650089128,7.8145,68596.66666666667
Revolution Case,2023-02-16 01:00:00+00:00,5.544,59648,-0.0009010632546405661,0.03898275561748821,7.490142857142857,67318.28571428571
Revolution Case,2023-02-17 01:00:00+00:00,4.744,67413,-0.14430014430014426,0.13018039163090123,6.244714285714285,65553.85714285714
Revolution Case,2023-02-18 01:00:00+00:00,4.303,77269,-0.09295952782462058,0.14620325456514327,5.710714285714286,65180.0
Revolution Case,2023-02-19 01:00:00+00:00,3.502,76360,-0.1861491982337904,-0.011764096856436645,5.226857142857142,64902.857142857145
Revolution Case,2023-02-20 01:00:00+00:00,3.131,64885,-0.10593946316390634,-0.15027501309586166,4.679857142857143,65822.0
Revolution Case,2023-02-21 01:00:00+00:00,3.021,61645,-0.03513254551261569,-0.04993449949911377,4.256285714285714,66375.71428571429
Revolution Case,2023-02-22 01:00:00+00:00,3.034,61591,0.004303210857331985,-0.0008759834536459232,3.897,66973.0
Revolution Case,2023-02-23 01:00:00+00:00,3.005,63411,-0.009558338826631485,0.029549771882255493,3.5342857142857143,67510.57142857143
Revolution Case,2023-02-24 01:00:00+00:00,3.046,66744,0.013643926788685423,0.0525618583526517,3.2917142857142854,67415.0
Revolution Case,2023-02-25 01:00:00+00:00,2.902,70867,-0.04727511490479308,0.06177334292221026,3.091571428571428,66500.42857142857
Revolution Case,2023-02-26 01:00:00+00:00,2.654,75588,-0.08545830461750525,0.06661774874059856,2.970428571428571,66390.14285714286
Revolution Case,2023-02-27 01:00:00+00:00,2.595,67384,-0.022230595327807023,-0.10853574641477481,2.8938571428571427,66747.14285714286
Revolution Case,2023-02-28 01:00:00+00:00,2.657,61965,0.02389210019267818,-0.08041968419802925,2.841857142857143,66792.85714285714
Revolution Case,2023-03-01 01:00:00+00:00,2.735,60367,0.029356417011667135,-0.02578875171467765,2.799142857142857,66618.0
Revolution Case,2023-03-02 01:00:00+00:00,2.75,60819,0.005484460694698434,0.0074875345801515,2.7627142857142855,66247.71428571429
Revolution Case,2023-03-03 01:00:00+00:00,2.801,67046,0.018545454545454643,0.10238576760551799,2.7277142857142858,66290.85714285714
Revolution Case,2023-03-04 01:00:00+00:00,2.726,76394,-0.02677615137450917,0.13942666229156098,2.7025714285714284,67080.42857142857
Revolution Case,2023-03-05 01:00:00+00:00,2.632,75587,-0.03448275862068961,-0.010563656831688362,2.6994285714285717,67080.28571428571
Revolution Case,2023-03-06 01:00:00+00:00,2.52,68017,-0.042553191489361764,-0.10014949660655936,2.688714285714286,67170.71428571429
Revolution Case,2023-03-07 01:00:00+00:00,2.502,68332,-0.0071428571428572285,0.004631195142390965,2.666571428571429,68080.28571428571
Revolution Case,2023-03-08 01:00:00+00:00,2.512,65406,0.00399680255795376,-0.0428203477141017,2.634714285714286,68800.14285714286
Revolution Case,2023-03-09 01:00:00+00:00,2.597,67167,0.03383757961783429,0.026924135400421934,2.6128571428571425,69707.0
Revolution Case,2023-03-10 01:00:00+00:00,2.721,73206,0.04774740084713125,0.08991022377060154,2.6014285714285714,70587.0
Revolution Case,2023-03-11 01:00:00+00:00,2.709,79307,-0.004410143329658167,0.08334016337458672,2.599,71003.14285714286
Revolution Case,2023-03-12 01:00:00+00:00,2.629,76768,-0.029531192321890054,-0.03201482845146075,2.5985714285714288,71171.85714285714
Revolution Case,2023-03-13 01:00:00+00:00,2.527,65853,-0.03879802206162031,-0.14218163818257612,2.599571428571429,70862.71428571429
Revolution Case,2023-03-14 01:00:00+00:00,2.499,67371,-0.011080332409972304,0.023051341624527266,2.599142857142857,70725.42857142857
Revolution Case,2023-03-15 01:00:00+00:00,2.545,70343,0.018407362945177974,0.04411393626337734,2.603857142857143,71430.71428571429
Revolution Case,2023-03-16 01:00:00+00:00,2.549,69531,0.001571709233791685,-0.011543437157926162,2.5970000000000004,71768.42857142857
Revolution Case,2023-03-17 01:00:00+00:00,2.562,77763,0.005100039231070941,0.11839323467230445,2.5742857142857143,72419.42857142857
Revolution Case,2023-03-18 01:00:00+00:00,2.552,82713,-0.0039032006245119932,0.06365495158365797,2.5518571428571426,72906.0
Revolution Case,2023-03-19 01:00:00+00:00,2.463,82736,-0.034874608150470165,0.000278069952728055,2.528142857142857,73758.57142857143
Revolution Case,2023-03-20 01:00:00+00:00,2.357,69934,-0.04303694681282988,-0.1547331270547283,2.503857142857143,74341.57142857143
Revolution Case,2023-03-21 01:00:00+00:00,2.306,72892,-0.02163767501060676,0.04229702290731252,2.4762857142857144,75130.28571428571
Revolution Case,2023-03-22 01:00:00+00:00,2.316,90766,0.004336513443191636,0.24521209460571813,2.4435714285714285,78047.85714285714
Revolution Case,2023-03-23 01:00:00+00:00,2.575,104374,0.11183074265975845,0.14992398034506316,2.4472857142857145,83025.42857142857
Revolution Case,2023-03-24 01:00:00+00:00,2.761,99602,0.0722330097087378,-0.045720198516872035,2.475714285714286,86145.28571428571
Revolution Case,2023-03-25 01:00:00+00:00,2.801,99990,0.014487504527345152,0.003895504106343317,2.5112857142857146,88613.42857142857
Revolution Case,2023-03-26 01:00:00+00:00,2.815,103554,0.004998214923241706,0.035643564356435675,2.561571428571429,91587.42857142857
Revolution Case,2023-03-27 01:00:00+00:00,2.82,89886,0.001776198934280604,-0.13198910713251055,2.627714285714286,94437.71428571429
Revolution Case,2023-03-28 01:00:00+00:00,2.827,90452,0.0024822695035462417,0.006296864917784806,2.702142857142857,96946.28571428571
Revolution Case,2023-03-29 01:00:00+00:00,2.901,82826,0.026176158471878264,-0.08430991022862955,2.7857142857142856,95812.0
Revolution Case,2023-03-30 01:00:00+00:00,2.98,74287,0.027231988969320886,-0.10309564629464174,2.8435714285714284,91513.85714285714
Revolution Case,2023-03-31 01:00:00+00:00,3.145,79041,0.05536912751677847,0.06399504623958441,2.898428571428571,88576.57142857143
Revolution Case,2023-04-01 01:00:00+00:00,3.195,98081,0.015898251192368873,0.24088764059159162,2.9547142857142856,88303.85714285714
Revolution Case,2023-04-02 01:00:00+00:00,2.948,106255,-0.07730829420970264,0.0833392807985236,2.9737142857142858,88689.71428571429
Revolution Case,2023-04-03 01:00:00+00:00,2.933,96752,-0.0050881953867029095,-0.08943579125688206,2.9898571428571428,89670.57142857143
Revolution Case,2023-04-04 01:00:00+00:00,3.026,85896,0.031708148653255996,-0.1122043988754754,3.0182857142857142,89019.71428571429
Revolution Case,2023-04-05 01:00:00+00:00,3.103,83144,0.02544613350958369,-0.032038744528266716,3.0471428571428576,89065.14285714286
Revolution Case,2023-04-06 01:00:00+00:00,3.226,92027,0.03963905897518516,0.10683873761185403,3.0822857142857143,91599.42857142857
Revolution Case,2023-04-07 01:00:00+00:00,3.39,85076,0.05083694978301301,-0.07553218077303403,3.1172857142857144,92461.57142857143
Revolution Case,2023-04-08 01:00:00+00:00,3.462,88723,0.02123893805309729,0.04286755371667694,3.1554285714285717,91124.71428571429
Revolution Case,2023-04-09 01:00:00+00:00,3.345,98952,-0.03379549393414216,0.11529141259876252,3.212142857142857,90081.42857142857
Revolution Case,2023-04-10 01:00:00+00:00,3.344,92309,-0.0002989536621824662,-0.06713355970571588,3.270857142857143,89446.71428571429
Revolution Case,2023-04-11 01:00:00+00:00,3.287,84992,-0.017045454545454475,-0.07926637705965833,3.3081428571428573,89317.57142857143
Revolution Case,2023-04-12 01:00:00+00:00,3.276,86219,-0.0033465165804685837,0.014436652861445687,3.3328571428571427,89756.85714285714
Revolution Case,2023-04-13 01:00:00+00:00,3.366,84763,0.027472527472527597,-0.016887229033043738,3.3528571428571428,88719.14285714286
Revolution Case,2023-04-14 01:00:00+00:00,3.531,83214,0.0490196078431373,-0.018274482970163874,3.373,88453.14285714286
Revolution Case,2023-04-15 01:00:00+00:00,3.623,74876,0.026054941942792453,-0.10019948566347003,3.396,86475.0
Revolution Case,2023-04-16 01:00:00+00:00,3.566,83316,-0.01573281810654159,0.11271969656498748,3.427571428571429,84241.28571428571
Revolution Case,2023-04-17 01:00:00+00:00,3.523,94262,-0.012058328659562467,0.1313793268999952,3.4531428571428573,84520.28571428571
Revolution Case,2023-04-18 01:00:00+00:00,3.522,78165,-0.00028384899233613314,-0.17076870849334835,3.4867142857142857,83545.0
Revolution Case,2023-04-19 01:00:00+00:00,3.555,79053,0.009369676320272635,0.011360583381308853,3.5265714285714287,82521.28571428571
Revolution Case,2023-04-20 01:00:00+00:00,3.511,100303,-0.012376933895921205,0.2688070028967908,3.5472857142857146,84741.28571428571
Revolution Case,2023-04-21 01:00:00+00:00,3.511,104759,0.0,0.04442539106507293,3.5444285714285715,87819.14285714286
Revolution Case,2023-04-22 01:00:00+00:00,3.471,101273,-0.011392765593847942,-0.03327637720864074,3.522714285714286,91590.14285714286
Revolution Case,2023-04-23 01:00:00+00:00,3.32,99971,-0.04350331316623457,-0.012856338806987,3.4875714285714285,93969.42857142857
Revolution Case,2023-04-24 01:00:00+00:00,3.169,93098,-0.04548192771084336,-0.06874993748186975,3.437,93803.14285714286
Revolution Case,2023-04-25 01:00:00+00:00,2.945,107142,-0.0706847585989272,0.15085179058626386,3.3545714285714285,97942.71428571429
Revolution Case,2023-04-26 01:00:00+00:00,2.724,90786,-0.07504244482173161,-0.15265722125777004,3.2358571428571428,99618.85714285714
Revolution Case,2023-04-27 01:00:00+00:00,2.726,94818,0.0007342143906019505,0.04441213402947586,3.123714285714286,98835.28571428571
Revolution Case,2023-04-28 01:00:00+00:00,2.842,92741,0.042553191489361764,-0.021905123499757484,3.028142857142857,97118.42857142857
Revolution Case,2023-04-29 01:00:00+00:00,2.839,92746,-0.001055594651653835,5.391358730233442e-05,2.9378571428571427,95900.28571428571
Revolution Case,2023-04-30 01:00:00+00:00,2.771,93857,-0.0239520958083832,0.011978953270221915,2.859428571428571,95026.85714285714
Revolution Case,2023-05-01 01:00:00+00:00,2.604,86637,-0.06026705160591839,-0.07692553565530547,2.778714285714286,94103.85714285714
Revolution Case,2023-05-02 01:00:00+00:00,2.532,89790,-0.027649769585253448,0.0363932269122893,2.7197142857142858,91625.0
Revolution Case,2023-05-03 01:00:00+00:00,2.566,80621,0.013428120063191162,-0.10211604855774581,2.6971428571428575,90172.85714285714
Revolution Case,2023-05-04 01:00:00+00:00,2.545,82751,-0.008183943881527656,0.02641991540665578,2.671285714285714,88449.0
Revolution Case,2023-05-05 01:00:00+00:00,2.448,100847,-0.03811394891944986,0.2186801367959299,2.6149999999999998,89607.0
Revolution Case,2023-05-06 01:00:00+00:00,2.437,94663,-0.004493464052287677,-0.06132061439606529,2.5575714285714284,89880.85714285714
Revolution Case,2023-05-07 01:00:00+00:00,2.304,97420,-0.05457529749692247,0.029124367493107206,2.4908571428571427,90389.85714285714
Revolution Case,2023-05-08 01:00:00+00:00,2.182,88127,-0.05295138888888884,-0.09539109012523095,2.4305714285714286,90602.71428571429
Revolution Case,2023-05-09 01:00:00+00:00,2.151,84706,-0.014207149404216413,-0.03881897715796523,2.376142857142857,89876.42857142857
Revolution Case,2023-05-10 01:00:00+00:00,2.274,80062,0.057182705718270777,-0.0548249238542724,2.3344285714285715,89796.57142857143
Revolution Case,2023-05-11 01:00:00+00:00,2.261,77075,-0.005716798592787953,-0.03730858584596941,2.2938571428571426,88985.71428571429
Revolution Case,2023-05-12 01:00:00+00:00,2.242,83855,-0.008403361344537896,0.08796626662341867,2.2644285714285712,86558.28571428571
Revolution Case,2023-05-13 01:00:00+00:00,2.218,87884,-0.01070472792149868,0.04804722437540998,2.233142857142857,85589.85714285714
Revolution Case,2023-05-14 01:00:00+00:00,2.116,85105,-0.04598737601442737,-0.03162122798234035,2.206285714285714,83830.57142857143
Revolution Case,2023-05-15 01:00:00+00:00,2.056,78921,-0.02835538752362954,-0.07266318077668765,2.188285714285714,82515.42857142857
Revolution Case,2023-05-16 01:00:00+00:00,2.04,80190,-0.0077821011673151474,0.016079370509750168,2.1724285714285716,81870.28571428571
Revolution Case,2023-05-17 01:00:00+00:00,2.036,79228,-0.0019607843137254832,-0.01199650829280463,2.138428571428572,81751.14285714286
Revolution Case,2023-05-18 01:00:00+00:00,2.023,78314,-0.006385068762278956,-0.011536325541475212,2.1044285714285715,81928.14285714286
Revolution Case,2023-05-19 01:00:00+00:00,1.995,83342,-0.01384083044982698,0.06420307990908403,2.0691428571428574,81854.85714285714
Revolution Case,2023-05-20 01:00:00+00:00,1.967,84318,-0.01403508771929829,0.011710782078663717,2.0332857142857144,81345.42857142857
Revolution Case,2023-05-21 01:00:00+00:00,1.933,88627,-0.017285205897305533,0.051104153324319945,2.007142857142857,81848.57142857143
Revolution Case,2023-05-22 01:00:00+00:00,1.908,80095,-0.012933264355923457,-0.09626863145542552,1.9860000000000002,82016.28571428571
Revolution Case,2023-05-23 01:00:00+00:00,1.887,80347,-0.011006289308176043,0.0031462638117236708,1.9641428571428572,82038.71428571429
Revolution Case,2023-05-24 01:00:00+00:00,1.89,81266,0.0015898251192367763,0.011437888160105603,1.9432857142857143,82329.85714285714
Revolution Case,2023-05-25 01:00:00+00:00,1.909,85120,0.010052910052910091,0.04742450717397184,1.927,83302.14285714286
Revolution Case,2023-05-26 01:00:00+00:00,1.931,88857,0.011524358302776427,0.04390272556390973,1.9178571428571427,84090.0
Revolution Case,2023-05-27 01:00:00+00:00,1.955,89419,0.01242879337131031,0.006324769010882747,1.9161428571428571,84818.71428571429
Revolution Case,2023-05-28 01:00:00+00:00,1.944,84591,-0.005626598465473198,-0.05399299925071854,1.917714285714286,84242.14285714286
Revolution Case,2023-05-29 01:00:00+00:00,1.953,83474,0.004629629629629761,-0.013204714449527755,1.9241428571428572,84724.85714285714
Revolution Case,2023-05-30 01:00:00+00:00,1.949,75595,-0.0020481310803891484,-0.09438867192179601,1.933,84046.0
Revolution Case,2023-05-31 01:00:00+00:00,1.958,79708,0.004617752693689026,0.05440836034129237,1.9427142857142858,83823.42857142857
Revolution Case,2023-06-01 01:00:00+00:00,2.0,80763,0.021450459652706755,0.013235810709088192,1.9557142857142857,83201.0
Revolution Case,2023-06-02 01:00:00+00:00,2.013,81724,0.00649999999999995,0.011899013161967842,1.9674285714285715,82182.0
Revolution Case,2023-06-03 01:00:00+00:00,2.004,85880,-0.0044709388971683195,0.05085409426851362,1.9744285714285714,81676.42857142857
Revolution Case,2023-06-04 01:00:00+00:00,1.998,86725,-0.0029940119760478723,0.009839310666045709,1.9821428571428572,81981.28571428571
Revolution Case,2023-06-05 01:00:00+00:00,1.956,73771,-0.02102102102102099,-0.14936869414816956,1.9825714285714287,80595.14285714286
Revolution Case,2023-06-06 01:00:00+00:00,1.926,78728,-0.015337423312883458,0.06719442599395431,1.9792857142857143,81042.71428571429
Revolution Case,2023-06-07 01:00:00+00:00,1.91,78859,-0.00830737279335414,0.0016639569149476952,1.9724285714285714,80921.42857142857
Revolution Case,2023-06-08 01:00:00+00:00,1.923,86984,0.006806282722513046,0.10303199381173989,1.9614285714285715,81810.14285714286
Revolution Case,2023-06-09 01:00:00+00:00,1.965,77755,0.021840873634945357,-0.10609997240871882,1.9545714285714286,81243.14285714286
Revolution Case,2023-06-10 01:00:00+00:00,2.142,100806,0.09007633587786246,0.2964568194971384,1.9742857142857144,83375.42857142857
Revolution Case,2023-06-11 01:00:00+00:00,2.144,66614,0.0009337068160597539,-0.3391861595539948,1.995142857142857,80502.42857142857
Revolution Case,2023-06-12 01:00:00+00:00,2.146,60077,0.0009328358208953169,-0.09813252469450862,2.0222857142857142,78546.14285714286
Revolution Case,2023-06-13 01:00:00+00:00,2.172,51812,0.012115563839701915,-0.13757344740915822,2.0574285714285714,74701.0
Revolution Case,2023-06-14 01:00:00+00:00,2.041,91963,-0.060313075506445823,0.7749363081911527,2.076142857142857,76573.0
Revolution Case,2023-06-15 01:00:00+00:00,1.967,83393,-0.036256736893679475,-0.09318965236018839,2.0824285714285713,76060.0
Revolution Case,2023-06-16 01:00:00+00:00,2.022,78038,0.027961362480935392,-0.064214022759704,2.0905714285714287,76100.42857142857
Revolution Case,2023-06-17 01:00:00+00:00,2.106,70391,0.041543026706231556,-0.09799072246854101,2.0854285714285714,71755.42857142857
Revolution Case,2023-06-18 01:00:00+00:00,2.114,61287,0.003798670465337217,-0.12933471608586322,2.081142857142857,70994.42857142857
Revolution Case,2023-06-19 01:00:00+00:00,2.083,52261,-0.014664143803216456,-0.1472742996067682,2.072142857142857,69877.85714285714
Revolution Case,2023-06-20 01:00:00+00:00,2.019,51138,-0.03072491598655791,-0.021488299114062137,2.0502857142857143,69781.57142857143
Revolution Case,2023-06-21 01:00:00+00:00,1.947,91698,-0.03566121842496284,0.7931479525988501,2.036857142857143,69743.71428571429
Revolution Case,2023-06-22 01:00:00+00:00,1.886,78011,-0.031330251669234754,-0.1492617069074571,2.0252857142857144,68974.85714285714
Revolution Case,2023-06-23 01:00:00+00:00,1.846,83825,-0.02120890774125128,0.07452795118637123,2.0001428571428574,69801.57142857143
Revolution Case,2023-06-24 01:00:00+00:00,1.828,70074,-0.009750812567713929,-0.16404413957649866,1.9604285714285712,69756.28571428571
Revolution Case,2023-06-25 01:00:00+00:00,1.839,60382,0.006017505470459428,-0.13831092844707027,1.9211428571428573,69627.0
Revolution Case,2023-06-26 01:00:00+00:00,1.808,52307,-0.016856987493202746,-0.1337319068596602,1.881857142857143,69633.57142857143
Revolution Case,2023-06-27 01:00:00+00:00,1.785,48901,-0.012721238938053214,-0.06511556770604321,1.8484285714285715,69314.0
Revolution Case,2023-06-28 01:00:00+00:00,1.635,97155,-0.08403361344537807,0.9867691867241979,1.803857142857143,70093.57142857143
Revolution Case,2023-06-29 01:00:00+00:00,1.461,87453,-0.10642201834862386,-0.09986104678091712,1.743142857142857,71442.42857142857
Revolution Case,2023-06-30 01:00:00+00:00,1.427,86215,-0.02327173169062291,-0.014156175317027397,1.6832857142857143,71783.85714285714
Revolution Case,2023-07-01 01:00:00+00:00,1.459,70896,0.022424667133847276,-0.1776836977324131,1.6305714285714288,71901.28571428571
Revolution Case,2023-07-02 01:00:00+00:00,1.44,65417,-0.013022618231665617,-0.0772822162040172,1.5735714285714286,72620.57142857143
Revolution Case,2023-07-03 01:00:00+00:00,1.413,55711,-0.018749999999999933,-0.14837121849060642,1.5171428571428573,73106.85714285714
Revolution Case,2023-07-04 01:00:00+00:00,1.455,56084,0.02972399150743099,0.0066952666439303865,1.4700000000000002,74133.0
Revolution Case,2023-07-05 01:00:00+00:00,1.363,92614,-0.06323024054982829,0.6513444119534983,1.4311428571428573,73484.28571428571
Revolution Case,2023-07-06 01:00:00+00:00,1.266,81218,-0.07116654438738079,-0.12304835122119762,1.4032857142857142,72593.57142857143
Revolution Case,2023-07-07 01:00:00+00:00,1.299,75819,0.026066350710900466,-0.066475411854515,1.385,71108.42857142857
Revolution Case,2023-07-08 01:00:00+00:00,1.363,68708,0.049268668206312594,-0.0937891557525159,1.3712857142857142,70795.85714285714
Revolution Case,2023-07-09 01:00:00+00:00,1.405,64394,0.030814380044020595,-0.06278744833207195,1.3662857142857143,70649.71428571429
Revolution Case,2023-07-10 01:00:00+00:00,1.442,58607,0.02633451957295363,-0.08986862130012108,1.3704285714285713,71063.42857142857
Revolution Case,2023-07-11 01:00:00+00:00,1.501,51475,0.040915395284327305,-0.12169194806081185,1.377,70405.0
Revolution Case,2023-07-12 01:00:00+00:00,1.409,92411,-0.06129247168554286,0.7952598348712967,1.3835714285714285,70376.0
Revolution Case,2023-07-13 01:00:00+00:00,1.341,74228,-0.04826117814052522,-0.19676229020354719,1.3942857142857144,69377.42857142857
Revolution Case,2023-07-14 01:00:00+00:00,1.407,70318,0.04921700223713654,-0.0526755402274075,1.4097142857142857,68591.57142857143
Revolution Case,2023-07-15 01:00:00+00:00,1.456,65696,0.03482587064676612,-0.06572996956682498,1.423,68161.28571428571
Revolution Case,2023-07-16 01:00:00+00:00,1.47,59894,0.009615384615384581,-0.08831587920116901,1.4322857142857142,67518.42857142857
Revolution Case,2023-07-17 01:00:00+00:00,1.483,47992,0.008843537414966018,-0.1987177346645741,1.4381428571428572,66002.0
Revolution Case,2023-07-18 01:00:00+00:00,1.497,49283,0.009440323668240103,0.026900316719453254,1.4375714285714287,65688.85714285714
Revolution Case,2023-07-19 01:00:00+00:00,1.394,89891,-0.06880427521710097,0.8239758131607249,1.4354285714285713,65328.857142857145
Revolution Case,2023-07-20 01:00:00+00:00,1.364,77454,-0.021520803443328407,-0.13835645392753448,1.4387142857142856,65789.71428571429
Revolution Case,2023-07-21 01:00:00+00:00,1.41,68592,0.03372434017595305,-0.11441629870632897,1.439142857142857,65543.14285714286
Revolution Case,2023-07-22 01:00:00+00:00,1.448,60795,0.026950354609929006,-0.11367214835549333,1.4380000000000002,64843.0
Revolution Case,2023-07-23 01:00:00+00:00,1.46,59250,0.008287292817679592,-0.025413274117937368,1.4365714285714284,64751.0
Revolution Case,2023-07-24 01:00:00+00:00,1.463,51268,0.00205479452054802,-0.1347172995780591,1.433714285714286,65219.0
Revolution Case,2023-07-25 01:00:00+00:00,1.478,50248,0.01025290498974707,-0.01989545135367088,1.4309999999999998,65356.857142857145
Revolution Case,2023-07-26 01:00:00+00:00,1.363,91573,-0.07780784844384303,0.8224207928673779,1.4265714285714286,65597.14285714286
Revolution Case,2023-07-27 01:00:00+00:00,1.328,73708,-0.02567865003668368,-0.1950902558614439,1.4214285714285713,65062.0
Revolution Case,2023-07-28 01:00:00+00:00,1.336,68844,0.006024096385542244,-0.06599012318879904,1.4108571428571428,65098.0
Revolution Case,2023-07-29 01:00:00+00:00,1.376,67574,0.029940119760478945,-0.018447504502934198,1.4005714285714286,66066.42857142857
Revolution Case,2023-07-30 01:00:00+00:00,1.362,58762,-0.010174418604650959,-0.13040518542634738,1.3865714285714288,65996.71428571429
Revolution Case,2023-07-31 01:00:00+00:00,1.379,53986,0.012481644640234935,-0.08127701575848334,1.3745714285714286,66385.0
Revolution Case,2023-08-01 01:00:00+00:00,1.389,53710,0.007251631617113841,-0.005112436557626054,1.3618571428571429,66879.57142857143
Revolution Case,2023-08-02 01:00:00+00:00,1.275,90025,-0.08207343412527002,0.6761310742878421,1.3492857142857144,66658.42857142857
Revolution Case,2023-08-03 01:00:00+00:00,1.248,77902,-0.02117647058823524,-0.1346625937239656,1.3378571428571429,67257.57142857143
Revolution Case,2023-08-04 01:00:00+00:00,1.263,67528,0.012019230769230616,-0.1331673127775923,1.3274285714285714,67069.57142857143
Revolution Case,2023-08-05 01:00:00+00:00,1.279,65204,0.012668250197941378,-0.03441535363108639,1.3135714285714286,66731.0
Revolution Case,2023-08-06 01:00:00+00:00,1.263,61415,-0.012509773260359625,-0.058109931906017986,1.2994285714285714,67110.0
Revolution Case,2023-08-07 01:00:00+00:00,1.254,53439,-0.0071258907363419555,-0.12987055279654802,1.2815714285714286,67031.85714285714
Revolution Case,2023-08-08 01:00:00+00:00,1.245,57835,-0.007177033492822837,0.08226201837609226,1.261,67621.14285714286
Revolution Case,2023-08-09 01:00:00+00:00,1.171,100697,-0.05943775100401616,0.7411083254084896,1.246142857142857,69145.71428571429
Revolution Case,2023-08-10 01:00:00+00:00,1.121,88102,-0.04269854824935959,-0.12507820491176502,1.228,70602.85714285714
Revolution Case,2023-08-11 01:00:00+00:00,1.143,85533,0.019625334522747506,-0.029159383441919595,1.2108571428571426,73175.0
Revolution Case,2023-08-12 01:00:00+00:00,1.189,73720,0.0402449693788276,-0.13811043690739244,1.198,74391.57142857143
Revolution Case,2023-08-13 01:00:00+00:00,1.212,62353,0.019343986543313596,-0.15419153553988063,1.1907142857142858,74525.57142857143
Revolution Case,2023-08-14 01:00:00+00:00,1.229,55289,0.014026402640264113,-0.11329045915994418,1.1871428571428573,74789.85714285714
Revolution Case,2023-08-15 01:00:00+00:00,1.244,57261,0.012205044751830707,0.03566713089402951,1.187,74707.85714285714
Revolution Case,2023-08-16 01:00:00+00:00,1.122,99080,-0.09807073954983914,0.7303225581111052,1.18,74476.85714285714
Revolution Case,2023-08-17 01:00:00+00:00,1.084,85341,-0.033868092691622165,-0.13866572466693583,1.1747142857142856,74082.42857142857
Revolution Case,2023-08-18 01:00:00+00:00,1.101,75990,0.01568265682656822,-0.10957218687383552,1.1687142857142858,72719.14285714286
Revolution Case,2023-08-19 01:00:00+00:00,1.156,71643,0.049954586739327844,-0.05720489538097118,1.164,72422.42857142857
Revolution Case,2023-08-20 01:00:00+00:00,1.156,67068,0.0,-0.0638582973912315,1.1560000000000001,73096.0
Revolution Case,2023-08-21 01:00:00+00:00,1.15,61348,-0.00519031141868509,-0.08528657481958613,1.1447142857142858,73961.57142857143
Revolution Case,2023-08-22 01:00:00+00:00,1.169,59754,0.016521739130434865,-0.02598291712851275,1.1340000000000001,74317.71428571429
Revolution Case,2023-08-23 01:00:00+00:00,1.084,99571,-0.07271171941830623,0.6663486963215852,1.1285714285714286,74387.85714285714
Revolution Case,2023-08-24 01:00:00+00:00,1.058,87106,-0.023985239852398532,-0.12518705245503203,1.1248571428571428,74640.0
Revolution Case,2023-08-25 01:00:00+00:00,1.13,78163,0.06805293005671054,-0.10266801368447642,1.129,74950.42857142857
Revolution Case,2023-08-26 01:00:00+00:00,1.157,71261,0.023893805309734617,-0.08830264959123879,1.1291428571428572,74895.85714285714
Revolution Case,2023-08-27 01:00:00+00:00,1.153,68567,-0.0034572169403630504,-0.03780468980227614,1.1287142857142858,75110.0
Revolution Case,2023-08-28 01:00:00+00:00,1.175,61699,0.019080659150043422,-0.10016480231014924,1.1322857142857143,75160.14285714286
Revolution Case,2023-08-29 01:00:00+00:00,1.18,55101,0.004255319148936065,-0.10693852412518845,1.1338571428571427,74495.42857142857
Revolution Case,2023-08-30 01:00:00+00:00,1.082,106285,-0.08305084745762703,0.9289123609371881,1.1335714285714287,75454.57142857143
Revolution Case,2023-08-31 01:00:00+00:00,1.074,87918,-0.007393715341959317,-0.17280895704944255,1.135857142857143,75570.57142857143
Revolution Case,2023-09-01 01:00:00+00:00,1.119,85512,0.04189944134078205,-0.027366409608953757,1.1342857142857143,76620.42857142857
Revolution Case,2023-09-02 01:00:00+00:00,1.106,89893,-0.011617515638963294,0.05123257554495275,1.127,79282.14285714286
Revolution Case,2023-09-03 01:00:00+00:00,1.114,80135,0.00723327305605781,-0.10855127763007133,1.1214285714285714,80934.71428571429
Revolution Case,2023-09-04 01:00:00+00:00,1.114,80653,0.0,0.006464091845011621,1.1127142857142858,83642.42857142857
Revolution Case,2023-09-05 01:00:00+00:00,1.152,69559,0.03411131059245953,-0.13755222992325145,1.1087142857142858,85707.85714285714
Revolution Case,2023-09-06 01:00:00+00:00,1.089,116575,-0.0546875,0.6759154099397633,1.1097142857142857,87177.85714285714
Revolution Case,2023-09-07 01:00:00+00:00,1.066,109879,-0.02112029384756653,-0.05743941668453789,1.1085714285714285,90315.14285714286
Revolution Case,2023-09-08 01:00:00+00:00,1.099,92639,0.030956848030018635,-0.15689986257610644,1.1057142857142856,91333.28571428571
Revolution Case,2023-09-09 01:00:00+00:00,1.117,85591,0.016378525932666088,-0.07608026856939298,1.1072857142857144,90718.71428571429
Revolution Case,2023-09-10 01:00:00+00:00,1.132,83472,0.013428827215756334,-0.02475727588180998,1.1098571428571429,91195.42857142857
Revolution Case,2023-09-11 01:00:00+00:00,1.174,63225,0.03710247349823326,-0.24256037952846465,1.1184285714285713,88705.71428571429
Revolution Case,2023-09-12 01:00:00+00:00,1.187,60426,0.011073253833049579,-0.04427046263345191,1.1234285714285712,87401.0
Revolution Case,2023-09-13 01:00:00+00:00,1.118,112952,-0.05812973883740513,0.86926157614272,1.1275714285714284,86883.42857142857
Revolution Case,2023-09-14 01:00:00+00:00,1.108,98888,-0.008944543828264817,-0.12451306749769808,1.1335714285714287,85313.28571428571
Revolution Case,2023-09-15 01:00:00+00:00,1.149,86930,0.03700361010830311,-0.12092468246905586,1.1407142857142858,84497.71428571429
Revolution Case,2023-09-16 01:00:00+00:00,1.183,94091,0.02959094865100087,0.0823766248705855,1.1501428571428571,85712.0
Revolution Case,2023-09-17 01:00:00+00:00,1.181,75913,-0.0016906170752324368,-0.1931959486029482,1.1571428571428573,84632.14285714286
Revolution Case,2023-09-18 01:00:00+00:00,1.203,58026,0.018628281117696988,-0.235624991766891,1.1612857142857143,83889.42857142857
Revolution Case,2023-09-19 01:00:00+00:00,1.219,56438,0.013300083125519446,-0.02736704236032128,1.1658571428571431,83319.71428571429
Revolution Case,2023-09-20 01:00:00+00:00,1.149,111148,-0.057424118129614454,0.9693823310535454,1.1702857142857144,83062.0
Revolution Case,2023-09-21 01:00:00+00:00,1.17,86088,0.018276762402088753,-0.2254651455716702,1.179142857142857,81233.42857142857
Revolution Case,2023-09-22 01:00:00+00:00,1.203,79499,0.028205128205128327,-0.0765379611560264,1.1868571428571428,80171.85714285714
Revolution Case,2023-09-23 01:00:00+00:00,1.212,78003,0.007481296758104605,-0.01881784676536813,1.191,77873.57142857143
Revolution Case,2023-09-24 01:00:00+00:00,1.22,69534,0.0066006600660066805,-0.1085727472020307,1.1965714285714284,76962.28571428571
Revolution Case,2023-09-25 01:00:00+00:00,1.256,60051,0.029508196721311553,-0.13637932522219343,1.2041428571428572,77251.57142857143
Revolution Case,2023-09-26 01:00:00+00:00,1.269,54513,0.010350318471337605,-0.09222161163011444,1.2112857142857145,76976.57142857143
Revolution Case,2023-09-27 01:00:00+00:00,1.233,144396,-0.028368794326240954,1.6488360574541852,1.223285714285714,81726.28571428571
Revolution Case,2023-09-28 01:00:00+00:00,1.325,176343,0.07461476074614759,0.22124574087924875,1.2454285714285713,94619.85714285714
Revolution Case,2023-09-29 01:00:00+00:00,1.366,134945,0.030943396226415176,-0.23475839698768874,1.2687142857142857,102540.71428571429
Revolution Case,2023-09-30 01:00:00+00:00,1.418,126045,0.03806734992679339,-0.06595279558338585,1.298142857142857,109403.85714285714
Revolution Case,2023-10-01 01:00:00+00:00,1.441,106921,0.016220028208744797,-0.15172359078107023,1.3297142857142856,114744.85714285714
Revolution Case,2023-10-02 01:00:00+00:00,1.508,87142,0.04649548924358071,-0.18498704651097542,1.3657142857142854,118615.0
Revolution Case,2023-10-03 01:00:00+00:00,1.54,81369,0.021220159151193574,-0.06624819260517312,1.4044285714285714,122451.57142857143
Revolution Case,2023-10-04 01:00:00+00:00,1.391,130350,-0.09675324675324681,0.6019614349445119,1.427,120445.0
Revolution Case,2023-10-05 01:00:00+00:00,1.32,113362,-0.051042415528396834,-0.13032604526275415,1.4262857142857144,111447.71428571429
Revolution Case,2023-10-06 01:00:00+00:00,1.402,105021,0.06212121212121202,-0.07357844780437894,1.4314285714285713,107172.85714285714
Revolution Case,2023-10-07 01:00:00+00:00,1.466,99667,0.04564907275320973,-0.05098028013444933,1.4382857142857144,103404.57142857143
Revolution Case,2023-10-08 01:00:00+00:00,1.486,87269,0.013642564802182733,-0.124394232795208,1.4447142857142856,100597.14285714286
Revolution Case,2023-10-09 01:00:00+00:00,1.495,69147,0.00605652759084796,-0.20765678534187393,1.442857142857143,98026.42857142857
Revolution Case,2023-10-10 01:00:00+00:00,1.472,68216,-0.015384615384615441,-0.013464069301632797,1.433142857142857,96147.42857142857
Revolution Case,2023-10-11 01:00:00+00:00,1.376,131449,-0.0652173913043479,0.9269526210859622,1.4309999999999998,96304.42857142857
Revolution Case,2023-10-12 01:00:00+00:00,1.404,109332,0.02034883720930236,-0.16825536900242677,1.4429999999999998,95728.71428571429
Revolution Case,2023-10-13 01:00:00+00:00,1.429,96337,0.017806267806267817,-0.11885815680679035,1.4468571428571428,94488.14285714286
Revolution Case,2023-10-14 01:00:00+00:00,1.455,97799,0.018194541637508665,0.015175892959091497,1.445285714285714,94221.28571428571
Revolution Case,2023-10-15 01:00:00+00:00,1.481,87021,0.017869415807560074,-0.11020562582439497,1.4445714285714286,94185.85714285714
Revolution Case,2023-10-16 01:00:00+00:00,1.502,66933,0.014179608372721031,-0.23084083152342538,1.4455714285714285,93869.57142857143
Revolution Case,2023-10-17 01:00:00+00:00,1.52,60293,0.011984021304926706,-0.09920368129323354,1.4524285714285714,92737.71428571429
Revolution Case,2023-10-18 01:00:00+00:00,1.454,122232,-0.04342105263157903,1.0273000182442407,1.4635714285714287,91421.0
Revolution Case,2023-10-19 01:00:00+00:00,1.426,96480,-0.019257221458046758,-0.21068132731199685,1.4667142857142859,89585.0
Revolution Case,2023-10-20 01:00:00+00:00,1.423,89696,-0.0021037868162692153,-0.07031509121061363,1.465857142857143,88636.28571428571
Revolution Case,2023-10-21 01:00:00+00:00,1.435,85008,0.008432888264230609,-0.05226542989653937,1.4629999999999999,86809.0
Revolution Case,2023-10-22 01:00:00+00:00,1.437,75716,0.0013937282229965486,-0.10930735930735935,1.4567142857142859,85194.0
Revolution Case,2023-10-23 01:00:00+00:00,1.439,60061,0.0013917884481557952,-0.20675946959691482,1.4477142857142857,84212.28571428571
Revolution Case,2023-10-24 01:00:00+00:00,1.451,56691,0.008339124391938846,-0.05610962188441748,1.437857142857143,83697.71428571429
Revolution Case,2023-10-25 01:00:00+00:00,1.388,117075,-0.04341833218470037,1.0651426152299308,1.4284285714285712,82961.0
Revolution Case,2023-10-26 01:00:00+00:00,1.342,90118,-0.033141210374639685,-0.23025411061285506,1.4164285714285714,82052.14285714286
Revolution Case,2023-10-27 01:00:00+00:00,1.317,85226,-0.018628912071535164,-0.0542843826982401,1.4012857142857142,81413.57142857143
Revolution Case,2023-10-28 01:00:00+00:00,1.305,79931,-0.009111617312072884,-0.06212892779198831,1.3827142857142858,80688.28571428571
Revolution Case,2023-10-29 01:00:00+00:00,1.256,70658,-0.03754789272030645,-0.11601256083371914,1.3568571428571428,79965.71428571429
Revolution Case,2023-10-30 01:00:00+00:00,1.227,59456,-0.023089171974522205,-0.15853831130232954,1.3265714285714285,79879.28571428571
Revolution Case,2023-10-31 01:00:00+00:00,1.219,58966,-0.006519967400163029,-0.008241388589881549,1.2934285714285714,80204.28571428571
Revolution Case,2023-11-01 01:00:00+00:00,1.159,121710,-0.04922067268252672,1.0640708204728146,1.2607142857142857,80866.42857142857
Revolution Case,2023-11-02 01:00:00+00:00,1.118,100796,-0.03537532355478856,-0.17183468901487142,1.2287142857142856,82391.85714285714
Revolution Case,2023-11-03 01:00:00+00:00,1.135,82373,0.015205724508049911,-0.18277511012341763,1.2027142857142858,81984.28571428571
Revolution Case,2023-11-04 01:00:00+00:00,1.168,77998,0.029074889867841236,-0.05311206341883867,1.183142857142857,81708.14285714286
Revolution Case,2023-11-05 01:00:00+00:00,1.18,65635,0.010273972602739656,-0.15850406420677454,1.1722857142857142,80990.57142857143
Revolution Case,2023-11-06 01:00:00+00:00,1.207,56620,0.022881355932203418,-0.13735049897158524,1.1694285714285715,80585.42857142857
Revolution Case,2023-11-07 01:00:00+00:00,1.248,49737,0.03396851698425851,-0.12156481808548214,1.1735714285714285,79267.0
Revolution Case,2023-11-08 01:00:00+00:00,1.187,100491,-0.048878205128205066,1.0204475541347486,1.1775714285714287,76235.71428571429
Revolution Case,2023-11-09 01:00:00+00:00,1.138,85107,-0.04128053917438934,-0.1530883362689196,1.1804285714285714,73994.42857142857
Revolution Case,2023-11-10 01:00:00+00:00,1.136,78967,-0.0017574692442882123,-0.07214447695254211,1.1805714285714284,73507.85714285714
Revolution Case,2023-11-11 01:00:00+00:00,1.13,75892,-0.005281690140845119,-0.03894031684121213,1.175142857142857,73207.0
Revolution Case,2023-11-12 01:00:00+00:00,1.074,61788,-0.04955752212389364,-0.1858430401096295,1.16,72657.42857142857
Revolution Case,2023-11-13 01:00:00+00:00,1.023,48758,-0.04748603351955316,-0.21088237198161452,1.1337142857142857,71534.28571428571
Revolution Case,2023-11-14 01:00:00+00:00,0.987,53756,-0.035190615835777095,0.10250625538373193,1.0964285714285713,72108.42857142857
Revolution Case,2023-11-15 01:00:00+00:00,0.874,105847,-0.11448834853090173,0.9690267132971204,1.0517142857142856,72873.57142857143
Revolution Case,2023-11-16 01:00:00+00:00,0.793,81500,-0.09267734553775742,-0.23002069024157512,1.0024285714285714,72358.28571428571
Revolution Case,2023-11-17 01:00:00+00:00,0.801,71786,0.010088272383354413,-0.11919018404907977,0.9545714285714286,71332.42857142857
Revolution Case,2023-11-18 01:00:00+00:00,0.82,75493,0.023720349563046028,0.05163959546429675,0.9102857142857143,71275.42857142857
Revolution Case,2023-11-19 01:00:00+00:00,0.823,70603,0.003658536585365857,-0.06477421747711709,0.8744285714285713,72534.71428571429
Revolution Case,2023-11-20 01:00:00+00:00,0.824,53220,0.0012150668286756705,-0.24620766822939533,0.846,73172.14285714286
Revolution Case,2023-11-21 01:00:00+00:00,0.82,49131,-0.004854368932038833,-0.0768320180383315,0.8221428571428572,72511.42857142857
Revolution Case,2023-11-22 01:00:00+00:00,0.721,106314,-0.12073170731707317,1.1638883800451851,0.8002857142857144,72578.14285714286
Revolution Case,2023-11-23 01:00:00+00:00,0.666,83681,-0.07628294036061023,-0.21288823673269752,0.7821428571428571,72889.71428571429
Revolution Case,2023-11-24 01:00:00+00:00,0.675,83909,0.013513513513513598,0.0027246328318255575,0.7641428571428571,74621.57142857143
Revolution Case,2023-11-25 01:00:00+00:00,0.682,78881,0.010370370370370363,-0.059922058420431634,0.7444285714285713,75105.57142857143
Revolution Case,2023-11-26 01:00:00+00:00,0.671,69566,-0.016129032258064502,-0.118089273716104,0.7227142857142858,74957.42857142857
Revolution Case,2023-11-27 01:00:00+00:00,0.666,55994,-0.007451564828613977,-0.1950953051778167,0.7001428571428573,75353.71428571429
Revolution Case,2023-11-28 01:00:00+00:00,0.668,51886,0.0030030030030030463,-0.07336500339322072,0.6784285714285715,75747.28571428571
Revolution Case,2023-11-29 01:00:00+00:00,0.645,89572,-0.034431137724550975,0.7263230929345104,0.6675714285714286,73355.57142857143
Revolution Case,2023-11-30 01:00:00+00:00,0.657,72811,0.018604651162790642,-0.18712320814540262,0.6662857142857144,71802.71428571429
Revolution Case,2023-12-01 01:00:00+00:00,0.695,68824,0.05783866057838649,-0.05475820961118516,0.6691428571428572,69647.71428571429
Revolution Case,2023-12-02 01:00:00+00:00,0.727,73293,0.04604316546762588,0.06493374404277574,0.6755714285714286,68849.42857142857
Revolution Case,2023-12-03 01:00:00+00:00,0.741,59424,0.01925722145804687,-0.1892268020138349,0.6855714285714285,67400.57142857143
Revolution Case,2023-12-04 01:00:00+00:00,0.768,49271,0.036437246963562764,-0.1708568928379106,0.7001428571428571,66440.14285714286
Revolution Case,2023-12-05 01:00:00+00:00,0.821,54737,0.06901041666666652,0.11093746828763362,0.7220000000000001,66847.42857142857
Revolution Case,2023-12-06 01:00:00+00:00,0.778,87581,-0.05237515225334943,0.6000328845205254,0.741,66563.0
Revolution Case,2023-12-07 01:00:00+00:00,0.739,76629,-0.050128534704370176,-0.12504995375709338,0.7527142857142856,67108.42857142857
Revolution Case,2023-12-08 01:00:00+00:00,0.744,70669,0.006765899864682012,-0.07777734278145354,0.7597142857142857,67372.0
Revolution Case,2023-12-09 01:00:00+00:00,0.747,65589,0.0040322580645162365,-0.0718844189106963,0.7625714285714286,66271.42857142857
Revolution Case,2023-12-10 01:00:00+00:00,0.749,59521,0.0026773761713521083,-0.09251551327204255,0.7637142857142857,66285.28571428571
Revolution Case,2023-12-11 01:00:00+00:00,0.748,45336,-0.001335113484646211,-0.23831924866853715,0.7608571428571429,65723.14285714286
Revolution Case,2023-12-12 01:00:00+00:00,0.752,41854,0.005347593582887722,-0.0768043056290807,0.751,63882.71428571428
Revolution Case,2023-12-13 01:00:00+00:00,0.699,83685,-0.07047872340425543,0.9994504706838057,0.7397142857142857,63326.142857142855
Revolution Case,2023-12-14 01:00:00+00:00,0.699,77199,0.0,-0.07750492919878116,0.734,63407.57142857143
Revolution Case,2023-12-15 01:00:00+00:00,0.702,71758,0.0042918454935623185,-0.07048018756719643,0.728,63563.142857142855
Revolution Case,2023-12-16 01:00:00+00:00,0.71,69900,0.01139601139601143,-0.025892583405334624,0.7227142857142856,64179.0
Revolution Case,2023-12-17 01:00:00+00:00,0.702,60588,-0.011267605633802802,-0.1332188841201717,0.716,64331.42857142857
Revolution Case,2023-12-18 01:00:00+00:00,0.712,46036,0.014245014245014342,-0.24017957351290686,0.7108571428571427,64431.42857142857
Revolution Case,2023-12-19 01:00:00+00:00,0.709,44737,-0.004213483146067398,-0.028217047528021566,0.7047142857142857,64843.28571428572
Revolution Case,2023-12-20 01:00:00+00:00,0.671,91415,-0.05359661495063461,1.043386905693274,0.7007142857142857,65947.57142857143
Revolution Case,2023-12-21 01:00:00+00:00,0.654,77781,-0.0253353204172877,-0.14914401356451346,0.6942857142857143,66030.71428571429
Revolution Case,2023-12-22 01:00:00+00:00,0.645,81831,-0.013761467889908285,0.052069271415898566,0.6861428571428572,67469.71428571429
Revolution Case,2023-12-23 01:00:00+00:00,0.648,76102,0.0046511627906977715,-0.07001014285539708,0.6772857142857144,68355.71428571429
Revolution Case,2023-12-24 01:00:00+00:00,0.645,67970,-0.00462962962962965,-0.10685658721189983,0.6691428571428572,69410.28571428571
Revolution Case,2023-12-25 01:00:00+00:00,0.648,67004,0.0046511627906977715,-0.014212152420185364,0.66,72405.71428571429
Revolution Case,2023-12-26 01:00:00+00:00,0.647,61965,-0.0015432098765432167,-0.07520446540505044,0.6511428571428571,74866.85714285714
Revolution Case,2023-12-27 01:00:00+00:00,0.587,92687,-0.09273570324574965,0.49579601387880246,0.6391428571428571,75048.57142857143
Revolution Case,2023-12-28 01:00:00+00:00,0.553,79928,-0.05792163543441209,-0.1376568450807557,0.6247142857142858,75355.28571428571
Revolution Case,2023-12-29 01:00:00+00:00,0.556,70459,0.005424954792043302,-0.11846912220998895,0.612,73730.71428571429
Revolution Case,2023-12-30 01:00:00+00:00,0.565,70364,0.01618705035971213,-0.0013483018493024579,0.6001428571428572,72911.0
Revolution Case,2023-12-31 01:00:00+00:00,0.594,62134,0.05132743362831871,-0.11696321982832125,0.5928571428571429,72077.28571428571
Revolution Case,2024-01-01 01:00:00+00:00,0.598,56196,0.006734006734006703,-0.0955676441239901,0.5857142857142856,70533.28571428571
Revolution Case,2024-01-02 01:00:00+00:00,0.577,52527,-0.03511705685618738,-0.06528934443732648,0.5757142857142856,69185.0
Revolution Case,2024-01-03 01:00:00+00:00,0.526,96176,-0.0883882149046793,0.8309821615550097,0.567,69683.42857142857
Revolution Case,2024-01-04 01:00:00+00:00,0.501,76078,-0.04752851711026618,-0.2089710530693728,0.5595714285714285,69133.42857142857
Revolution Case,2024-01-05 01:00:00+00:00,0.535,78554,0.06786427145708585,0.03254554536133969,0.5565714285714286,70289.85714285714
Revolution Case,2024-01-06 01:00:00+00:00,0.537,63217,0.0037383177570093906,-0.19524148993049373,0.5525714285714286,69268.85714285714
Revolution Case,2024-01-07 01:00:00+00:00,0.535,60055,-0.003724394785847296,-0.05001819130929974,0.5441428571428572,68971.85714285714
Revolution Case,2024-01-08 01:00:00+00:00,0.539,50660,0.007476635514018781,-0.15643993006410795,0.5357142857142857,68181.0
Revolution Case,2024-01-09 01:00:00+00:00,0.533,46647,-0.011131725417439675,-0.07921437031188316,0.5294285714285715,67341.0
Revolution Case,2024-01-10 01:00:00+00:00,0.499,84844,-0.06378986866791747,0.8188522305828885,0.5255714285714286,65722.14285714286
Revolution Case,2024-01-11 01:00:00+00:00,0.479,70597,-0.04008016032064132,-0.16791994719720904,0.5224285714285715,64939.142857142855
Revolution Case,2024-01-12 01:00:00+00:00,0.496,72345,0.035490605427974886,0.024760258934515722,0.5168571428571429,64052.142857142855
Revolution Case,2024-01-13 01:00:00+00:00,0.498,65446,0.0040322580645162365,-0.09536249913608408,0.5112857142857143,64370.57142857143
Revolution Case,2024-01-14 01:00:00+00:00,0.492,58319,-0.012048192771084376,-0.10889893958377894,0.5051428571428571,64122.57142857143
Revolution Case,2024-01-15 01:00:00+00:00,0.489,48535,-0.0060975609756097615,-0.1677669370188103,0.49799999999999994,63819.0
Revolution Case,2024-01-16 01:00:00+00:00,0.486,45506,-0.006134969325153339,-0.06240857113423304,0.49128571428571427,63656.0
Revolution Case,2024-01-17 01:00:00+00:00,0.437,87043,-0.10082304526748964,0.912780732211137,0.4824285714285714,63970.142857142855
Revolution Case,2024-01-18 01:00:00+00:00,0.407,68727,-0.06864988558352414,-0.21042473260342587,0.4721428571428571,63703.0
Revolution Case,2024-01-19 01:00:00+00:00,0.418,68746,0.027027027027026973,0.00027645612350313264,0.46099999999999997,63188.857142857145
Revolution Case,2024-01-20 01:00:00+00:00,0.399,66301,-0.045454545454545414,-0.035565705641055434,0.4468571428571429,63311.0
Revolution Case,2024-01-21 01:00:00+00:00,0.38,65551,-0.04761904761904767,-0.011312046575466472,0.4308571428571429,64344.142857142855
Revolution Case,2024-01-22 01:00:00+00:00,0.368,52829,-0.03157894736842104,-0.19407789354853477,0.4135714285714286,64957.57142857143
Revolution Case,2024-01-23 01:00:00+00:00,0.355,51117,-0.03532608695652173,-0.032406443430691434,0.39485714285714285,65759.14285714286
Revolution Case,2024-01-24 01:00:00+00:00,0.318,78852,-0.10422535211267603,0.5425787898350842,0.37785714285714284,64589.0
Revolution Case,2024-01-25 01:00:00+00:00,0.299,66652,-0.05974842767295607,-0.15472023537766955,0.36242857142857143,64292.57142857143
Revolution Case,2024-01-26 01:00:00+00:00,0.307,67505,0.026755852842809347,0.012797815519414169,0.3465714285714286,64115.28571428572
Revolution Case,2024-01-27 01:00:00+00:00,0.32,70695,0.04234527687296419,0.04725575883267896,0.3352857142857143,64743.0
Revolution Case,2024-01-28 01:00:00+00:00,0.334,61053,0.043749999999999956,-0.13638871207298964,0.32871428571428574,64100.42857142857
Revolution Case,2024-01-29 01:00:00+00:00,0.325,49218,-0.026946107784431184,-0.1938479681588129,0.32257142857142856,63584.57142857143
Revolution Case,2024-01-30 01:00:00+00:00,0.321,54787,-0.012307692307692353,0.11314966069324228,0.3177142857142857,64108.857142857145
Revolution Case,2024-01-31 01:00:00+00:00,0.3,79984,-0.06542056074766356,0.4599083724241153,0.3151428571428571,64270.57142857143
Revolution Case,2024-02-01 01:00:00+00:00,0.296,75919,-0.013333333333333308,-0.050822664532906625,0.31471428571428567,65594.42857142857
Revolution Case,2024-02-02 01:00:00+00:00,0.302,68344,0.020270270270270396,-0.09977739432816557,0.314,65714.28571428571
Revolution Case,2024-02-03 01:00:00+00:00,0.324,75789,0.07284768211920545,0.10893421514690393,0.31457142857142856,66442.0
Revolution Case,2024-02-04 01:00:00+00:00,0.347,73055,0.07098765432098753,-0.03607383657258967,0.3164285714285714,68156.57142857143
Revolution Case,2024-02-05 01:00:00+00:00,0.364,53421,0.04899135446685876,-0.2687564163986038,0.322,68757.0
Revolution Case,2024-02-06 01:00:00+00:00,0.357,49545,-0.019230769230769273,-0.07255573650811475,0.3271428571428571,68008.14285714286
Revolution Case,2024-02-07 01:00:00+00:00,0.288,148906,-0.19327731092436973,2.0054697749520636,0.32542857142857146,77854.14285714286
Revolution Case,2024-02-08 01:00:00+00:00,0.291,115165,0.01041666666666674,-0.2265926154755349,0.32471428571428573,83460.71428571429
Revolution Case,2024-02-09 01:00:00+00:00,0.343,113498,0.17869415807560163,-0.014474883862284571,0.33057142857142857,89911.28571428571
Revolution Case,2024-02-10 01:00:00+00:00,0.369,101728,0.07580174927113692,-0.10370226788137238,0.337,93616.85714285714
Revolution Case,2024-02-11 01:00:00+00:00,0.377,92582,0.02168021680216814,-0.08990641711229952,0.34128571428571425,96406.42857142857
Revolution Case,2024-02-12 01:00:00+00:00,0.388,79764,0.02917771883289122,-0.1384502387073081,0.34471428571428575,100169.71428571429
Revolution Case,2024-02-13 01:00:00+00:00,0.394,76621,0.015463917525773141,-0.03940374103605637,0.35,104037.71428571429
Revolution Case,2024-02-14 01:00:00+00:00,0.354,119965,-0.10152284263959399,0.5656934782892418,0.35942857142857143,99903.28571428571
Revolution Case,2024-02-15 01:00:00+00:00,0.33,95355,-0.06779661016949146,-0.20514316675697075,0.36500000000000005,97073.28571428571
Revolution Case,2024-02-16 01:00:00+00:00,0.329,91374,-0.00303030303030305,-0.041749252792197544,0.36300000000000004,93912.71428571429
Revolution Case,2024-02-17 01:00:00+00:00,0.333,95940,0.012158054711246313,0.04997045111300813,0.3578571428571428,93085.85714285714
Revolution Case,2024-02-18 01:00:00+00:00,0.332,89085,-0.0030030030030030463,-0.07145090681676047,0.3514285714285715,92586.28571428571
Revolution Case,2024-02-19 01:00:00+00:00,0.343,71263,0.033132530120481896,-0.20005612617163382,0.34500000000000003,91371.85714285714
Revolution Case,2024-02-20 01:00:00+00:00,0.348,77800,0.014577259475218485,0.09173063160405825,0.33842857142857147,91540.28571428571
Revolution Case,2024-02-21 01:00:00+00:00,0.307,115318,-0.11781609195402298,0.4822365038560412,0.33171428571428574,90876.42857142857
Revolution Case,2024-02-22 01:00:00+00:00,0.31,94491,0.009771986970684043,-0.18060493591633575,0.32885714285714285,90753.0
Revolution Case,2024-02-23 01:00:00+00:00,0.319,98687,0.029032258064516148,0.04440634557788581,0.32742857142857146,91797.71428571429
Revolution Case,2024-02-24 01:00:00+00:00,0.333,93009,0.043887147335423204,-0.057535440331553334,0.3274285714285714,91379.0
Revolution Case,2024-02-25 01:00:00+00:00,0.347,80504,0.04204204204204198,-0.1344493543635562,0.32957142857142857,90153.14285714286
Revolution Case,2024-02-26 01:00:00+00:00,0.355,61582,0.023054755043227626,-0.23504422140514758,0.3312857142857143,88770.14285714286
Revolution Case,2024-02-27 01:00:00+00:00,0.372,73651,0.04788732394366191,0.1959825923159364,0.3347142857142857,88177.42857142857
Revolution Case,2024-02-28 01:00:00+00:00,0.344,116828,-0.07526881720430112,0.5862377971785855,0.33999999999999997,88393.14285714286
Revolution Case,2024-02-29 01:00:00+00:00,0.38,113802,0.10465116279069786,-0.025901325024822786,0.35000000000000003,91151.85714285714
Revolution Case,2024-03-01 01:00:00+00:00,0.423,107725,0.11315789473684212,-0.053399764503260005,0.3648571428571428,92443.0
Revolution Case,2024-03-02 01:00:00+00:00,0.477,108502,0.12765957446808507,0.0072128103968438495,0.3854285714285714,94656.28571428571
Revolution Case,2024-03-03 01:00:00+00:00,0.488,86628,0.023060796645702375,-0.20159997050745604,0.4055714285714286,95531.14285714286
Revolution Case,2024-03-04 01:00:00+00:00,0.481,70505,-0.014344262295082011,-0.18611765249111145,0.42357142857142854,96805.85714285714
Revolution Case,2024-03-05 01:00:00+00:00,0.457,73155,-0.04989604989604979,0.03758598680944614,0.43571428571428567,96735.0
Revolution Case,2024-03-06 01:00:00+00:00,0.405,113236,-0.11378555798687084,0.5478914633312828,0.44442857142857145,96221.85714285714
Revolution Case,2024-03-07 01:00:00+00:00,0.406,93034,0.0024691358024691024,-0.17840616058497294,0.44814285714285707,93255.0
Revolution Case,2024-03-08 01:00:00+00:00,0.419,89495,0.03201970443349733,-0.03803985639658625,0.44757142857142856,90650.71428571429
Revolution Case,2024-03-09 01:00:00+00:00,0.425,87577,0.014319809069212486,-0.021431364880719617,0.4401428571428571,87661.42857142857
Revolution Case,2024-03-10 01:00:00+00:00,0.413,74454,-0.028235294117647136,-0.1498452790116126,0.4294285714285714,85922.28571428571
Revolution Case,2024-03-11 01:00:00+00:00,0.404,65110,-0.021791767554479313,-0.12550030891557207,0.4184285714285714,85151.57142857143
Revolution Case,2024-03-12 01:00:00+00:00,0.405,65893,0.0024752475247524774,0.012025802488097037,0.41100000000000003,84114.14285714286
Revolution Case,2024-03-13 01:00:00+00:00,0.378,117346,-0.06666666666666676,0.7808568436707997,0.40714285714285714,84701.28571428571
Revolution Case,2024-03-14 01:00:00+00:00,0.379,121070,0.002645502645502562,0.03173521040342231,0.4032857142857143,88706.42857142857
Revolution Case,2024-03-15 01:00:00+00:00,0.385,105331,0.0158311345646438,-0.12999917403155203,0.39842857142857147,90968.71428571429
Revolution Case,2024-03-16 01:00:00+00:00,0.403,106812,0.04675324675324677,0.014060438047678314,0.3952857142857143,93716.57142857143
Revolution Case,2024-03-17 01:00:00+00:00,0.414,89313,0.027295285359801413,-0.16382990675205034,0.39542857142857146,95839.28571428571
Revolution Case,2024-03-18 01:00:00+00:00,0.414,71402,0.0,-0.20054191439096214,0.39685714285714285,96738.14285714286
Revolution Case,2024-03-19 01:00:00+00:00,0.422,69925,0.019323671497584627,-0.02068569507856921,0.3992857142857143,97314.14285714286
Revolution Case,2024-03-20 01:00:00+00:00,0.402,117215,-0.04739336492890989,0.676296031462281,0.4027142857142857,97295.42857142857
Revolution Case,2024-03-21 01:00:00+00:00,0.401,109391,-0.0024875621890547706,-0.0667491362027044,0.4058571428571428,95627.0
Revolution Case,2024-03-22 01:00:00+00:00,0.432,84252,0.07730673316708225,-0.2298086679891399,0.41257142857142853,92615.71428571429
Revolution Case,2024-03-23 01:00:00+00:00,0.435,87178,0.00694444444444442,0.03472914589564646,0.41714285714285715,89810.85714285714
Revolution Case,2024-03-24 01:00:00+00:00,0.436,77495,0.0022988505747125743,-0.11107160063318722,0.42028571428571426,88122.57142857143
Revolution Case,2024-03-25 01:00:00+00:00,0.443,64675,0.016055045871559592,-0.1654300277437254,0.42442857142857143,87161.57142857143
Revolution Case,2024-03-26 01:00:00+00:00,0.445,67049,0.004514672686230181,0.03670660997294162,0.42771428571428577,86750.71428571429
Revolution Case,2024-03-27 01:00:00+00:00,0.414,117395,-0.06966292134831464,0.7508836820832525,0.4294285714285714,86776.42857142857
Revolution Case,2024-03-28 01:00:00+00:00,0.421,92036,0.01690821256038655,-0.2160143106605903,0.43228571428571433,84297.14285714286
Revolution Case,2024-03-29 01:00:00+00:00,0.433,91830,0.028503562945368266,-0.0022382545960276667,0.43242857142857144,85379.71428571429
Revolution Case,2024-03-30 01:00:00+00:00,0.437,83245,0.009237875288683695,-0.0934879668953501,0.4327142857142857,84817.85714285714
Revolution Case,2024-03-31 01:00:00+00:00,0.438,75491,0.0022883295194509046,-0.09314673553967201,0.433,84531.57142857143
Revolution Case,2024-04-01 01:00:00+00:00,0.437,66317,-0.0022831050228310223,-0.12152442012955189,0.4321428571428571,84766.14285714286
Revolution Case,2024-04-02 01:00:00+00:00,0.42,65575,-0.0389016018306636,-0.01118868465099443,0.42857142857142855,84555.57142857143
Revolution Case,2024-04-03 01:00:00+00:00,0.4,115705,-0.04761904761904756,0.7644681662218833,0.4265714285714286,84314.14285714286
Revolution Case,2024-04-04 01:00:00+00:00,0.407,93502,0.01749999999999985,-0.19189317661293803,0.42457142857142854,84523.57142857143
Revolution Case,2024-04-05 01:00:00+00:00,0.42,84235,0.03194103194103204,-0.09911017946140188,0.4227142857142857,83438.57142857143
Revolution Case,2024-04-06 01:00:00+00:00,0.421,84284,0.0023809523809523725,0.0005817059417105863,0.42042857142857143,83587.0
Revolution Case,2024-04-07 01:00:00+00:00,0.417,81275,-0.009501187648456089,-0.035700726116463355,0.41742857142857137,84413.28571428571
Revolution Case,2024-04-08 01:00:00+00:00,0.411,65877,-0.014388489208633115,-0.18945555213780374,0.4137142857142857,84350.42857142857
Revolution Case,2024-04-09 01:00:00+00:00,0.399,69005,-0.029197080291970656,0.047482429375958146,0.4107142857142857,84840.42857142857
Revolution Case,2024-04-10 01:00:00+00:00,0.373,102854,-0.06516290726817053,0.49052967176291573,0.40685714285714286,83004.57142857143
Revolution Case,2024-04-11 01:00:00+00:00,0.378,83442,0.013404825737265424,-0.18873354463608605,0.4027142857142857,81567.42857142857
Revolution Case,2024-04-12 01:00:00+00:00,0.384,82573,0.015873015873015817,-0.010414419596845748,0.3975714285714286,81330.0
Revolution Case,2024-04-13 01:00:00+00:00,0.393,85628,0.0234375,0.03699756579027036,0.39357142857142857,81522.0
Revolution Case,2024-04-14 01:00:00+00:00,0.399,79795,0.01526717557251911,-0.06812024104264958,0.391,81310.57142857143
Revolution Case,2024-04-15 01:00:00+00:00,0.407,72745,0.020050125313282985,-0.08835140046368817,0.39042857142857146,82291.71428571429
Revolution Case,2024-04-16 01:00:00+00:00,0.402,62613,-0.012285012285012109,-0.13928105024400306,0.3908571428571429,81378.57142857143
Revolution Case,2024-04-17 01:00:00+00:00,0.376,104861,-0.06467661691542292,0.6747480555156278,0.3912857142857143,81665.28571428571
Revolution Case,2024-04-18 01:00:00+00:00,0.378,87119,0.005319148936170137,-0.1691954110679852,0.3912857142857143,82190.57142857143
Revolution Case,2024-04-19 01:00:00+00:00,0.385,84546,0.0185185185185186,-0.029534315132175526,0.39142857142857146,82472.42857142857
Revolution Case,2024-04-20 01:00:00+00:00,0.388,85564,0.007792207792207906,0.012040782532585892,0.39071428571428574,82463.28571428571
Revolution Case,2024-04-21 01:00:00+00:00,0.383,79352,-0.012886597938144395,-0.07260062643167686,0.38842857142857146,82400.0
Revolution Case,2024-04-22 01:00:00+00:00,0.378,63500,-0.013054830287206332,-0.1997681217864704,0.38428571428571434,81079.28571428571
Revolution Case,2024-04-23 01:00:00+00:00,0.377,67847,-0.002645502645502673,0.06845669291338585,0.3807142857142857,81827.0
Revolution Case,2024-04-24 01:00:00+00:00,0.365,114403,-0.03183023872679047,0.686190988547762,0.3791428571428571,83190.14285714286
Revolution Case,2024-04-25 01:00:00+00:00,0.364,95511,-0.002739726027397249,-0.16513552966268363,0.37714285714285717,84389.0
Revolution Case,2024-04-26 01:00:00+00:00,0.341,110863,-0.06318681318681307,0.16073541267497982,0.37085714285714283,88148.57142857143
Revolution Case,2024-04-27 01:00:00+00:00,0.341,96024,0.0,-0.1338498867972182,0.36414285714285716,89642.85714285714
Revolution Case,2024-04-28 01:00:00+00:00,0.353,90916,0.035190615835777095,-0.05319503457468966,0.3598571428571429,91294.85714285714
Revolution Case,2024-04-29 01:00:00+00:00,0.353,70805,0.0,-0.22120418848167545,0.35628571428571426,92338.42857142857
Revolution Case,2024-04-30 01:00:00+00:00,0.355,76902,0.0056657223796034994,0.08610973801285216,0.35314285714285715,93632.0
Revolution Case,2024-05-01 01:00:00+00:00,0.328,122824,-0.07605633802816891,0.5971496189956047,0.34785714285714286,94835.0
Revolution Case,2024-05-02 01:00:00+00:00,0.336,93871,0.024390243902439046,-0.23572754510519112,0.34385714285714286,94600.71428571429
Revolution Case,2024-05-03 01:00:00+00:00,0.346,85335,0.029761904761904656,-0.0909333020847759,0.3445714285714286,90953.85714285714
Revolution Case,2024-05-04 01:00:00+00:00,0.345,81735,-0.0028901734104046506,-0.04218667604148352,0.34514285714285714,88912.57142857143
Revolution Case,2024-05-05 01:00:00+00:00,0.349,84013,0.011594202898550732,0.02787055728879917,0.3445714285714286,87926.42857142857
Revolution Case,2024-05-06 01:00:00+00:00,0.35,73006,0.002865329512893977,-0.1310154380869627,0.34414285714285714,88240.85714285714
Revolution Case,2024-05-07 01:00:00+00:00,0.345,72445,-0.014285714285714346,-0.007684299920554527,0.3427142857142857,87604.14285714286
Revolution Case,2024-05-08 01:00:00+00:00,0.33,114820,-0.04347826086956508,0.5849264959624543,0.343,86460.71428571429
Revolution Case,2024-05-09 01:00:00+00:00,0.334,98744,0.0121212121212122,-0.14001045114091626,0.3427142857142857,87156.85714285714
Revolution Case,2024-05-10 01:00:00+00:00,0.34,82808,0.017964071856287456,-0.1613870209835534,0.3418571428571428,86795.85714285714
Revolution Case,2024-05-11 01:00:00+00:00,0.352,86410,0.0352941176470587,0.0434982127330692,0.34285714285714286,87463.71428571429
Revolution Case,2024-05-12 01:00:00+00:00,0.359,79897,0.019886363636363757,-0.07537322069204955,0.3442857142857143,86875.71428571429
Revolution Case,2024-05-13 01:00:00+00:00,0.365,69618,0.01671309192200554,-0.1286531409189331,0.3464285714285715,86391.71428571429
Revolution Case,2024-05-14 01:00:00+00:00,0.37,78441,0.013698630136986356,0.12673446522451082,0.35,87248.28571428571
Revolution Case,2024-05-15 01:00:00+00:00,0.348,105983,-0.05945945945945952,0.35111740033910843,0.3525714285714286,85985.85714285714
Revolution Case,2024-05-16 01:00:00+00:00,0.343,88921,-0.014367816091953922,-0.16098808299444245,0.3538571428571429,84582.57142857143
Revolution Case,2024-05-17 01:00:00+00:00,0.341,88849,-0.005830903790087438,-0.0008097074931681103,0.354,85445.57142857143
Revolution Case,2024-05-18 01:00:00+00:00,0.331,83160,-0.029325513196480912,-0.06402998345507549,0.351,84981.28571428571
Revolution Case,2024-05-19 01:00:00+00:00,0.318,79749,-0.0392749244712991,-0.04101731601731606,0.34514285714285714,84960.14285714286
Revolution Case,2024-05-20 01:00:00+00:00,0.291,86290,-0.08490566037735858,0.08201983723933837,0.3345714285714285,87341.85714285714
Revolution Case,2024-05-21 01:00:00+00:00,0.25,116952,-0.14089347079037795,0.3553366554641326,0.31742857142857145,92843.42857142857
Revolution Case,2024-05-22 01:00:00+00:00,0.213,106732,-0.14800000000000002,-0.08738627813119915,0.29814285714285715,92950.42857142857
Revolution Case,2024-05-23 01:00:00+00:00,0.224,95649,0.05164319248826299,-0.10383952329198365,0.2811428571428572,93911.57142857143
Revolution Case,2024-05-24 01:00:00+00:00,0.257,122852,0.1473214285714286,0.28440443705632057,0.26914285714285713,98769.14285714286
Revolution Case,2024-05-25 01:00:00+00:00,0.292,107027,0.13618677042801552,-0.12881353172923515,0.26357142857142857,102178.71428571429
Revolution Case,2024-05-26 01:00:00+00:00,0.294,90181,0.006849315068493178,-0.1573995346968522,0.2601428571428571,103669.0
Revolution Case,2024-05-27 01:00:00+00:00,0.267,85724,-0.09183673469387743,-0.049422827424845606,0.25671428571428573,103588.14285714286
Revolution Case,2024-05-28 01:00:00+00:00,0.254,75811,-0.048689138576779034,-0.11563856096309089,0.2572857142857143,97710.85714285714
Revolution Case,2024-05-29 01:00:00+00:00,0.24,108062,-0.055118110236220486,0.4254131986123386,0.2611428571428571,97900.85714285714
Revolution Case,2024-05-30 01:00:00+00:00,0.297,127508,0.23750000000000004,0.1799522496344692,0.2715714285714285,102452.14285714286
Revolution Case,2024-05-31 01:00:00+00:00,0.31,92650,0.043771043771043905,-0.2733789252439063,0.27914285714285714,98137.57142857143
Revolution Case,2024-06-01 01:00:00+00:00,0.33,94464,0.06451612903225823,0.019579060982191088,0.2845714285714286,96342.85714285714
Revolution Case,2024-06-02 01:00:00+00:00,0.335,78098,0.015151515151515138,-0.17325118563685638,0.2904285714285714,94616.71428571429
Revolution Case,2024-06-03 01:00:00+00:00,0.352,75620,0.05074626865671639,-0.031729365668775156,0.30257142857142855,93173.28571428571
Revolution Case,2024-06-04 01:00:00+00:00,0.356,81460,0.011363636363636465,0.07722824649563598,0.31714285714285717,93980.28571428571
Revolution Case,2024-06-05 01:00:00+00:00,0.332,109955,-0.0674157303370786,0.3498035845813896,0.33028571428571435,94250.71428571429
Revolution Case,2024-06-06 01:00:00+00:00,0.323,92211,-0.027108433734939763,-0.16137510799872679,0.334,89208.28571428571
Revolution Case,2024-06-07 01:00:00+00:00,0.334,89431,0.034055727554179516,-0.030148246955352453,0.33742857142857147,88748.42857142857
Revolution Case,2024-06-08 01:00:00+00:00,0.319,91113,-0.04491017964071864,0.018807795954423057,0.33585714285714285,88269.71428571429
Revolution Case,2024-06-09 01:00:00+00:00,0.321,83906,0.006269592476489061,-0.07909957964286107,0.3338571428571428,89099.42857142857
Revolution Case,2024-06-10 01:00:00+00:00,0.323,72396,0.006230529595015577,-0.1371773174743165,0.3297142857142857,88638.85714285714
Revolution Case,2024-06-11 01:00:00+00:00,0.319,69159,-0.012383900928792602,-0.04471241505055523,0.3244285714285714,86881.57142857143
Revolution Case,2024-06-12 01:00:00+00:00,0.299,99408,-0.06269592476489039,0.4373834208129095,0.31971428571428573,85374.85714285714
Revolution Case,2024-06-13 01:00:00+00:00,0.293,84699,-0.02006688963210701,-0.14796595847416705,0.31542857142857145,84301.71428571429
Revolution Case,2024-06-14 01:00:00+00:00,0.302,84543,0.030716723549488067,-0.001841816314242184,0.3108571428571429,83603.42857142857
Revolution Case,2024-06-15 01:00:00+00:00,0.311,82848,0.0298013245033113,-0.020048969163620867,0.3097142857142857,82422.71428571429
Revolution Case,2024-06-16 01:00:00+00:00,0.313,76093,0.006430868167202508,-0.08153485901892621,0.30857142857142855,81306.57142857143
Revolution Case,2024-06-17 01:00:00+00:00,0.313,71272,0.0,-0.06335668195497612,0.3071428571428571,81146.0
Revolution Case,2024-06-18 01:00:00+00:00,0.313,75424,0.0,0.05825569648669893,0.30628571428571433,82041.0
Revolution Case,2024-06-19 01:00:00+00:00,0.302,112083,-0.03514376996805113,0.4860389266016123,0.3067142857142858,83851.71428571429
Revolution Case,2024-06-20 01:00:00+00:00,0.297,88928,-0.01655629139072845,-0.20658797498282522,0.3072857142857143,84455.85714285714
Revolution Case,2024-06-21 01:00:00+00:00,0.302,79796,0.01683501683501687,-0.10268981648074849,0.3072857142857143,83777.71428571429
Revolution Case,2024-06-22 01:00:00+00:00,0.301,73507,-0.0033112582781457123,-0.07881347435961705,0.3058571428571429,82443.28571428571
Revolution Case,2024-06-23 01:00:00+00:00,0.304,74800,0.009966777408637828,0.017590161481219502,0.30457142857142855,82258.57142857143
Revolution Case,2024-06-24 01:00:00+00:00,0.304,68505,0.0,-0.08415775401069514,0.30328571428571427,81863.28571428571
Revolution Case,2024-06-25 01:00:00+00:00,0.309,62772,0.016447368421052655,-0.0836873220932779,0.30271428571428566,80055.85714285714
Revolution Case,2024-06-26 01:00:00+00:00,0.294,104091,-0.04854368932038844,0.6582393423819537,0.30157142857142855,78914.14285714286
Revolution Case,2024-06-27 01:00:00+00:00,0.292,101194,-0.006802721088435382,-0.027831416741120774,0.3008571428571428,80666.42857142857
Revolution Case,2024-06-28 01:00:00+00:00,0.289,107415,-0.010273972602739767,0.061475976836571355,0.299,84612.0
Revolution Case,2024-06-29 01:00:00+00:00,0.295,96411,0.02076124567474058,-0.10244379276637339,0.2981428571428571,87884.0
Revolution Case,2024-06-30 01:00:00+00:00,0.292,82572,-0.01016949152542379,-0.14354171204530608,0.2964285714285714,88994.28571428571
Revolution Case,2024-07-01 01:00:00+00:00,0.293,72980,0.003424657534246478,-0.11616528605338372,0.2948571428571429,89633.57142857143
Revolution Case,2024-07-02 01:00:00+00:00,0.293,72599,0.0,-0.005220608385859138,0.2925714285714286,91037.42857142857
Revolution Case,2024-07-03 01:00:00+00:00,0.283,113453,-0.03412969283276457,0.5627350238984008,0.291,92374.85714285714
Revolution Case,2024-07-04 01:00:00+00:00,0.283,90590,0.0,-0.20151957198134907,0.2897142857142857,90860.0
Revolution Case,2024-07-05 01:00:00+00:00,0.291,81059,0.028268551236749095,-0.10521028811127053,0.29,87094.85714285714
Revolution Case,2024-07-06 01:00:00+00:00,0.293,77642,0.0068728522336769515,-0.042154480070072387,0.2897142857142857,84413.57142857143
Revolution Case,2024-07-07 01:00:00+00:00,0.291,75290,-0.0068259385665528916,-0.030292882718116476,0.28957142857142854,83373.28571428571
Revolution Case,2024-07-08 01:00:00+00:00,0.289,65465,-0.0068728522336769515,-0.13049541771815643,0.289,82299.71428571429
Revolution Case,2024-07-09 01:00:00+00:00,0.292,65886,0.01038062283737018,0.006430917284044879,0.2888571428571428,81340.71428571429
Revolution Case,2024-07-10 01:00:00+00:00,0.275,104845,-0.05821917808219168,0.5913092310961356,0.28771428571428576,80111.0
Revolution Case,2024-07-11 01:00:00+00:00,0.271,89127,-0.014545454545454528,-0.14991654346893035,0.286,79902.0
Revolution Case,2024-07-12 01:00:00+00:00,0.282,71253,0.040590405904058935,-0.2005452893062708,0.2847142857142857,78501.14285714286
Revolution Case,2024-07-13 01:00:00+00:00,0.287,80426,0.01773049645390068,0.12873843908326665,0.28385714285714286,78898.85714285714
Revolution Case,2024-07-14 01:00:00+00:00,0.289,70450,0.006968641114982521,-0.12403948971725565,0.2835714285714286,78207.42857142857
Revolution Case,2024-07-15 01:00:00+00:00,0.295,60567,0.02076124567474058,-0.14028388928317959,0.2844285714285714,77507.71428571429
Revolution Case,2024-07-16 01:00:00+00:00,0.292,60788,-0.01016949152542379,0.0036488516849109143,0.2844285714285714,76779.42857142857
Revolution Case,2024-07-17 01:00:00+00:00,0.281,95076,-0.037671232876712146,0.5640586957952227,0.28528571428571425,75383.85714285714
Revolution Case,2024-07-18 01:00:00+00:00,0.281,74833,0.0,-0.21291387942277762,0.28671428571428575,73341.85714285714
Revolution Case,2024-07-19 01:00:00+00:00,0.288,75851,0.02491103202846956,0.013603624069594922,0.28757142857142853,73998.71428571429
Revolution Case,2024-07-20 01:00:00+00:00,0.289,75286,0.003472222222222321,-0.007448814122424263,0.28785714285714287,73264.42857142857
Revolution Case,2024-07-21 01:00:00+00:00,0.291,75037,0.006920415224913601,-0.0033073878277501967,0.28814285714285715,73919.71428571429
Revolution Case,2024-07-22 01:00:00+00:00,0.291,65630,0.0,-0.12536482002212246,0.28757142857142853,74643.0
Revolution Case,2024-07-23 01:00:00+00:00,0.288,55728,-0.010309278350515427,-0.1508761237239068,0.287,73920.14285714286
Revolution Case,2024-07-24 01:00:00+00:00,0.271,93086,-0.05902777777777768,0.6703631926500144,0.2855714285714286,73635.85714285714
Revolution Case,2024-07-25 01:00:00+00:00,0.274,80876,0.011070110701107083,-0.13116902649163142,0.2845714285714286,74499.14285714286
Revolution Case,2024-07-26 01:00:00+00:00,0.281,75561,0.025547445255474477,-0.06571788911419951,0.2835714285714286,74457.71428571429
Revolution Case,2024-07-27 01:00:00+00:00,0.286,84566,0.017793594306049654,0.11917523590211876,0.28314285714285714,75783.42857142857
Revolution Case,2024-07-28 01:00:00+00:00,0.286,75299,0.0,-0.10958304756048531,0.2824285714285714,75820.85714285714
Revolution Case,2024-07-29 01:00:00+00:00,0.289,70900,0.010489510489510412,-0.058420430550206515,0.28214285714285714,76573.71428571429
Revolution Case,2024-07-30 01:00:00+00:00,0.286,71137,-0.01038062283737029,0.0033427362482369993,0.28185714285714286,78775.0
Revolution Case,2024-07-31 01:00:00+00:00,0.277,101681,-0.03146853146853135,0.42936868296385855,0.28271428571428575,80002.85714285714
Revolution Case,2024-08-01 01:00:00+00:00,0.285,93609,0.028880866425992524,-0.07938552925325282,0.2842857142857143,81821.85714285714
Revolution Case,2024-08-02 01:00:00+00:00,0.291,91932,0.021052631578947434,-0.017914944075890116,0.2857142857142857,84160.57142857143
Revolution Case,2024-08-03 01:00:00+00:00,0.299,88411,0.027491408934708028,-0.038300047861462794,0.28757142857142853,84709.85714285714
Revolution Case,2024-08-04 01:00:00+00:00,0.302,92865,0.010033444816053505,0.05037834658583207,0.28985714285714287,87219.28571428571
Revolution Case,2024-08-05 01:00:00+00:00,0.305,67207,0.009933774834437026,-0.2762935443923976,0.29214285714285715,86691.71428571429
Revolution Case,2024-08-06 01:00:00+00:00,0.308,74886,0.009836065573770592,0.11425893136131648,0.29528571428571426,87227.28571428571
Revolution Case,2024-08-07 01:00:00+00:00,0.293,98247,-0.04870129870129869,0.31195417033891526,0.29757142857142854,86736.71428571429
Revolution Case,2024-08-08 01:00:00+00:00,0.29,84269,-0.010238907849829393,-0.1422740643480208,0.2982857142857143,85402.42857142857
Revolution Case,2024-08-09 01:00:00+00:00,0.296,89244,0.020689655172413834,0.05903713109209785,0.299,85018.42857142857
Revolution Case,2024-08-10 01:00:00+00:00,0.293,75100,-0.010135135135135198,-0.15848684505400923,0.2981428571428571,83116.85714285714
Revolution Case,2024-08-11 01:00:00+00:00,0.294,75508,0.0034129692832765013,0.005432756324900145,0.297,80637.28571428571
Revolution Case,2024-08-12 01:00:00+00:00,0.3,69756,0.020408163265306145,-0.07617735869046993,0.29628571428571426,81001.42857142857
Revolution Case,2024-08-13 01:00:00+00:00,0.295,77857,-0.01666666666666672,0.11613337920752342,0.29442857142857143,81425.85714285714
Revolution Case,2024-08-14 01:00:00+00:00,0.285,110768,-0.03389830508474578,0.42271086735938956,0.29328571428571426,83214.57142857143
Revolution Case,2024-08-15 01:00:00+00:00,0.287,93212,0.007017543859649145,-0.15849342770475228,0.2928571428571428,84492.14285714286
Revolution Case,2024-08-16 01:00:00+00:00,0.292,85208,0.017421602787456525,-0.08586877226108225,0.29228571428571426,83915.57142857143
Revolution Case,2024-08-17 01:00:00+00:00,0.295,87737,0.010273972602739656,0.029680311707820817,0.29257142857142854,85720.85714285714
Revolution Case,2024-08-18 01:00:00+00:00,0.296,82996,0.003389830508474523,-0.054036495435221155,0.2928571428571428,86790.57142857143
Revolution Case,2024-08-19 01:00:00+00:00,0.292,83448,-0.013513513513513487,0.005446045592558679,0.2917142857142857,88746.57142857143
Revolution Case,2024-08-20 01:00:00+00:00,0.29,81562,-0.006849315068493178,-0.022600901160003795,0.291,89275.85714285714
Revolution Case,2024-08-21 01:00:00+00:00,0.283,123243,-0.024137931034482807,0.5110345504033742,0.29071428571428565,91058.0
Revolution Case,2024-08-22 01:00:00+00:00,0.279,87948,-0.014134275618374326,-0.2863854336554612,0.28957142857142854,90306.0
Revolution Case,2024-08-23 01:00:00+00:00,0.284,90299,0.017921146953404854,0.02673170509846723,0.2884285714285714,91033.28571428571
Revolution Case,2024-08-24 01:00:00+00:00,0.291,82205,0.02464788732394374,-0.08963554413670138,0.2878571428571428,90243.0
Revolution Case,2024-08-25 01:00:00+00:00,0.291,82479,0.0,0.0033331305881636464,0.2871428571428571,90169.14285714286
Revolution Case,2024-08-26 01:00:00+00:00,0.294,67312,0.010309278350515427,-0.18388923241067423,0.2874285714285714,87864.0
Revolution Case,2024-08-27 01:00:00+00:00,0.296,66450,0.006802721088435382,-0.012806037556453487,0.28828571428571426,85705.14285714286
Revolution Case,2024-08-28 01:00:00+00:00,0.281,98034,-0.05067567567567555,0.47530474040632065,0.288,82103.85714285714
Revolution Case,2024-08-29 01:00:00+00:00,0.285,83526,0.01423487544483959,-0.14798947303996568,0.2888571428571428,81472.14285714286
Revolution Case,2024-08-30 01:00:00+00:00,0.295,83749,0.03508771929824572,0.002669827359145671,0.2904285714285714,80536.42857142857
Revolution Case,2024-08-31 01:00:00+00:00,0.298,80920,0.01016949152542379,-0.033779507815018706,0.2914285714285714,80352.85714285714
Revolution Case,2024-09-01 01:00:00+00:00,0.299,78028,0.003355704697986628,-0.035739001482946064,0.2925714285714286,79717.0
Revolution Case,2024-09-02 01:00:00+00:00,0.308,65733,0.030100334448160515,-0.1575716409494028,0.29457142857142854,79491.42857142857
Revolution Case,2024-09-03 01:00:00+00:00,0.313,78472,0.016233766233766156,0.1937991571965374,0.29700000000000004,81208.85714285714
Revolution Case,2024-09-04 01:00:00+00:00,0.288,92938,-0.07987220447284349,0.18434600876745844,0.298,80480.85714285714
Revolution Case,2024-09-05 01:00:00+00:00,0.296,84802,0.0277777777777779,-0.08754223245604598,0.29957142857142854,80663.14285714286
Revolution Case,2024-09-06 01:00:00+00:00,0.301,78450,0.016891891891891886,-0.07490389377609019,0.30042857142857143,79906.14285714286
Revolution Case,2024-09-07 01:00:00+00:00,0.308,86565,0.023255813953488413,0.10344168260038233,0.3018571428571429,80712.57142857143
Revolution Case,2024-09-08 01:00:00+00:00,0.313,81531,0.016233766233766156,-0.05815283313117314,0.3038571428571429,81213.0
Revolution Case,2024-09-09 01:00:00+00:00,0.319,65744,0.019169329073482455,-0.19363187008622484,0.30542857142857144,81214.57142857143
Revolution Case,2024-09-10 01:00:00+00:00,0.313,59096,-0.018808777429467072,-0.10111949379411045,0.30542857142857144,78446.57142857143
Revolution Case,2024-09-11 01:00:00+00:00,0.298,104674,-0.04792332268370614,0.7712535535400027,0.3068571428571429,80123.14285714286
Revolution Case,2024-09-12 01:00:00+00:00,0.303,89224,0.016778523489932917,-0.14760112348816323,0.30785714285714283,80754.85714285714
Revolution Case,2024-09-13 01:00:00+00:00,0.314,90874,0.03630363036303641,0.018492782211064318,0.3097142857142857,82529.71428571429
Revolution Case,2024-09-14 01:00:00+00:00,0.325,96280,0.035031847133758065,0.05948896273961757,0.31214285714285717,83917.57142857143
Revolution Case,2024-09-15 01:00:00+00:00,0.335,84881,0.030769230769230882,-0.11839426672206066,0.3152857142857143,84396.14285714286
Revolution Case,2024-09-16 01:00:00+00:00,0.341,64317,0.017910447761193993,-0.2422685877876085,0.31842857142857145,84192.28571428571
Revolution Case,2024-09-17 01:00:00+00:00,0.347,69671,0.017595307917888325,0.0832439323973444,0.3232857142857143,85703.0
Revolution Case,2024-09-18 01:00:00+00:00,0.333,105940,-0.040345821325648346,0.5205752752221153,0.3282857142857143,85883.85714285714
Revolution Case,2024-09-19 01:00:00+00:00,0.334,86436,0.0030030030030030463,-0.1841042099301491,0.33271428571428574,85485.57142857143
Revolution Case,2024-09-20 01:00:00+00:00,0.339,92259,0.014970059880239583,0.06736776343190343,0.3362857142857143,85683.42857142857
Revolution Case,2024-09-21 01:00:00+00:00,0.334,84212,-0.014749262536873142,-0.08722184285543955,0.33757142857142863,83959.42857142857
Revolution Case,2024-09-22 01:00:00+00:00,0.338,76286,0.011976047904191711,-0.0941196029069491,0.3380000000000001,82731.57142857143
Revolution Case,2024-09-23 01:00:00+00:00,0.348,72471,0.029585798816567976,-0.05000917599559551,0.339,83896.42857142857
Revolution Case,2024-09-24 01:00:00+00:00,0.352,65868,0.011494252873563315,-0.0911123069917622,0.33971428571428575,83353.14285714286
Revolution Case,2024-09-25 01:00:00+00:00,0.343,102603,-0.025568181818181657,0.5577063217343778,0.34114285714285714,82876.42857142857
Revolution Case,2024-09-26 01:00:00+00:00,0.351,87725,0.023323615160349753,-0.14500550666159862,0.3435714285714285,83060.57142857143
Revolution Case,2024-09-27 01:00:00+00:00,0.359,81093,0.02279202279202286,-0.07559988600740952,0.3464285714285714,81465.42857142857
Revolution Case,2024-09-28 01:00:00+00:00,0.371,91750,0.03342618384401108,0.13141701503212366,0.3517142857142857,82542.28571428571
Revolution Case,2024-09-29 01:00:00+00:00,0.388,82091,0.04582210242587603,-0.10527520435967297,0.3588571428571428,83371.57142857143
Revolution Case,2024-09-30 01:00:00+00:00,0.4,69051,0.030927835051546504,-0.15884810758792067,0.36628571428571427,82883.0
Revolution Case,2024-10-01 01:00:00+00:00,0.412,73126,0.029999999999999805,0.05901435171105418,0.3748571428571429,83919.85714285714
Revolution Case,2024-10-02 01:00:00+00:00,0.395,108273,-0.04126213592232997,0.4806361622405164,0.3822857142857143,84729.85714285714
Revolution Case,2024-10-03 01:00:00+00:00,0.313,148785,-0.20759493670886076,0.37416530436951034,0.37685714285714284,93452.71428571429
Revolution Case,2024-10-04 01:00:00+00:00,0.323,94732,0.03194888178913735,-0.36329603118593945,0.3717142857142858,95401.14285714286
Revolution Case,2024-10-05 01:00:00+00:00,0.35,86761,0.0835913312693497,-0.08414263395684674,0.3687142857142857,94688.42857142857
Revolution Case,2024-10-06 01:00:00+00:00,0.373,77368,0.06571428571428584,-0.10826292919629787,0.3665714285714286,94013.71428571429
Revolution Case,2024-10-07 01:00:00+00:00,0.393,66517,0.0536193029490617,-0.14025178368317648,0.36557142857142855,93651.71428571429
Revolution Case,2024-10-08 01:00:00+00:00,0.397,58786,0.010178117048346147,-0.11622592720657876,0.36342857142857143,91603.14285714286
Revolution Case,2024-10-09 01:00:00+00:00,0.362,102652,-0.08816120906801017,0.7461980743714489,0.3587142857142857,90800.14285714286
Revolution Case,2024-10-10 01:00:00+00:00,0.365,92313,0.008287292817679592,-0.10071893387367026,0.36614285714285716,82732.71428571429
Revolution Case,2024-10-11 01:00:00+00:00,0.375,90464,0.027397260273972712,-0.02002968162663976,0.3735714285714286,82123.0
Revolution Case,2024-10-12 01:00:00+00:00,0.373,83270,-0.005333333333333301,-0.079523346303502,0.37685714285714284,81624.28571428571
Revolution Case,2024-10-13 01:00:00+00:00,0.374,74568,0.002680965147453085,-0.10450342260117684,0.37699999999999995,81224.28571428571
Revolution Case,2024-10-14 01:00:00+00:00,0.387,66085,0.03475935828877019,-0.11376193541465507,0.37614285714285717,81162.57142857143
Revolution Case,2024-10-15 01:00:00+00:00,0.398,58804,0.028423772609819098,-0.11017628811379288,0.3762857142857143,81165.14285714286
Revolution Case,2024-10-16 01:00:00+00:00,0.37,98086,-0.07035175879396993,0.6680157812393714,0.3774285714285715,80512.85714285714
Revolution Case,2024-10-17 01:00:00+00:00,0.371,91033,0.002702702702702675,-0.07190628632016804,0.3782857142857143,80330.0
Revolution Case,2024-10-18 01:00:00+00:00,0.389,85556,0.04851752021563338,-0.060164995111662845,0.3802857142857143,79628.85714285714
Revolution Case,2024-10-19 01:00:00+00:00,0.399,81824,0.02570694087403602,-0.043620552620505904,0.38399999999999995,79422.28571428571
Revolution Case,2024-10-20 01:00:00+00:00,0.403,73680,0.010025062656641603,-0.09953070003910836,0.3881428571428572,79295.42857142857
Revolution Case,2024-10-21 01:00:00+00:00,0.416,64416,0.032258064516129004,-0.12573289902280127,0.3922857142857143,79057.0
Revolution Case,2024-10-22 01:00:00+00:00,0.428,62609,0.028846153846153966,-0.028052036761053167,0.3965714285714285,79600.57142857143
Revolution Case,2024-10-23 01:00:00+00:00,0.402,99721,-0.06074766355140182,0.5927582296474947,0.40114285714285713,79834.14285714286
Revolution Case,2024-10-24 01:00:00+00:00,0.407,89616,0.012437810945273409,-0.10133271828401236,0.40628571428571425,79631.71428571429
Revolution Case,2024-10-25 01:00:00+00:00,0.426,86067,0.04668304668304679,-0.03960230316015001,0.4115714285714286,79704.71428571429
Revolution Case,2024-10-26 01:00:00+00:00,0.438,83057,0.028169014084507005,-0.03497275378484199,0.41714285714285715,79880.85714285714
Revolution Case,2024-10-27 01:00:00+00:00,0.445,79226,0.015981735159817267,-0.04612495033531194,0.42314285714285715,80673.14285714286
Revolution Case,2024-10-28 01:00:00+00:00,0.462,68858,0.038202247191011285,-0.13086612980587176,0.4297142857142857,81307.71428571429
Revolution Case,2024-10-29 01:00:00+00:00,0.469,65276,0.015151515151515138,-0.05202009933486307,0.4355714285714286,81688.71428571429
Revolution Case,2024-10-30 01:00:00+00:00,0.471,111019,0.004264392324093924,0.7007629143942644,0.4454285714285714,83302.71428571429
Revolution Case,2024-10-31 01:00:00+00:00,0.473,87720,0.00424628450106157,-0.20986497806681736,0.4548571428571429,83031.85714285714
Revolution Case,2024-11-01 01:00:00+00:00,0.485,82670,0.025369978858351017,-0.05756953944368448,0.46328571428571425,82546.57142857143
Revolution Case,2024-11-02 01:00:00+00:00,0.497,81488,0.024742268041237025,-0.014297810572154401,0.4717142857142857,82322.42857142857
Revolution Case,2024-11-03 01:00:00+00:00,0.505,73033,0.016096579476861272,-0.10375760848223048,0.4802857142857143,81437.71428571429
Revolution Case,2024-11-04 01:00:00+00:00,0.508,57702,0.005940594059405946,-0.20991880382840633,0.48685714285714293,79844.0
Revolution Case,2024-11-05 01:00:00+00:00,0.516,53941,0.015748031496062964,-0.06517971647429899,0.4935714285714286,78224.71428571429
Revolution Case,2024-11-06 01:00:00+00:00,0.478,89475,-0.0736434108527132,0.658756789825921,0.4945714285714286,75147.0
Revolution Case,2024-11-07 01:00:00+00:00,0.469,79352,-0.01882845188284521,-0.11313774797429454,0.49399999999999994,73951.57142857143
Revolution Case,2024-11-08 01:00:00+00:00,0.468,73984,-0.00213219616204674,-0.06764794838189336,0.49157142857142855,72710.71428571429
Revolution Case,2024-11-09 01:00:00+00:00,0.479,75083,0.02350427350427342,0.014854563148788857,0.489,71795.71428571429
Revolution Case,2024-11-10 01:00:00+00:00,0.48,66974,0.0020876826722338038,-0.10800047946938718,0.48542857142857143,70930.14285714286
Revolution Case,2024-11-11 01:00:00+00:00,0.489,55740,0.018750000000000044,-0.16773673365783737,0.48271428571428565,70649.85714285714
Revolution Case,2024-11-12 01:00:00+00:00,0.493,53475,0.008179959100204526,-0.040635091496232456,0.4794285714285714,70583.28571428571
Revolution Case,2024-11-13 01:00:00+00:00,0.472,92455,-0.04259634888438135,0.7289387564282375,0.4785714285714286,71009.0
Revolution Case,2024-11-14 01:00:00+00:00,0.462,83350,-0.021186440677966045,-0.09848034178789677,0.4775714285714286,71580.14285714286
Revolution Case,2024-11-15 01:00:00+00:00,0.466,75925,0.008658008658008587,-0.08908218356328734,0.4772857142857143,71857.42857142857
Revolution Case,2024-11-16 01:00:00+00:00,0.466,75374,0.0,-0.007257161672703294,0.4754285714285715,71899.0
Revolution Case,2024-11-17 01:00:00+00:00,0.472,71081,0.012875536480686511,-0.05695597951548281,0.4742857142857143,72485.71428571429
Revolution Case,2024-11-18 01:00:00+00:00,0.476,61393,0.008474576271186418,-0.13629521250404464,0.4724285714285715,73293.28571428571
Revolution Case,2024-11-19 01:00:00+00:00,0.486,63701,0.021008403361344463,0.037593862492466545,0.4714285714285714,74754.14285714286
Revolution Case,2024-11-20 01:00:00+00:00,0.473,111908,-0.026748971193415683,0.7567699094205742,0.47157142857142853,77533.14285714286
Revolution Case,2024-11-21 01:00:00+00:00,0.478,88196,0.010570824524313016,-0.21188833684812525,0.47385714285714287,78225.42857142857
Revolution Case,2024-11-22 01:00:00+00:00,0.488,81101,0.02092050209205021,-0.08044582520749244,0.477,78964.85714285714
Revolution Case,2024-11-23 01:00:00+00:00,0.491,76967,0.006147540983606481,-0.05097347751569026,0.48057142857142854,79192.42857142857
Revolution Case,2024-11-24 01:00:00+00:00,0.496,72029,0.010183299389002087,-0.06415736614393186,0.484,79327.85714285714
Revolution Case,2024-11-25 01:00:00+00:00,0.505,57764,0.01814516129032251,-0.19804523178164346,0.4881428571428571,78809.42857142857
Revolution Case,2024-11-26 01:00:00+00:00,0.515,55941,0.01980198019801982,-0.03155944879163497,0.49228571428571427,77700.85714285714
Revolution Case,2024-11-27 01:00:00+00:00,0.486,113153,-0.05631067961165048,1.0227203660999984,0.49414285714285716,77878.71428571429
Revolution Case,2024-11-28 01:00:00+00:00,0.456,140900,-0.061728395061728336,0.24521665355757238,0.491,85407.85714285714
Revolution Case,2024-11-29 01:00:00+00:00,0.465,104420,0.019736842105263275,-0.2589070262597587,0.48771428571428566,88739.14285714286
Revolution Case,2024-11-30 01:00:00+00:00,0.456,88754,-0.01935483870967747,-0.15002873012832796,0.48271428571428576,90423.0
Revolution Case,2024-12-01 01:00:00+00:00,0.466,79747,0.021929824561403466,-0.10148275007323615,0.47842857142857137,91525.57142857143
Revolution Case,2024-12-02 01:00:00+00:00,0.483,63999,0.03648068669527893,-0.19747451314783004,0.47528571428571426,92416.28571428571
Revolution Case,2024-12-03 01:00:00+00:00,0.495,63034,0.024844720496894457,-0.015078360599384388,0.4724285714285715,93429.57142857143
Revolution Case,2024-12-04 01:00:00+00:00,0.477,106382,-0.036363636363636376,0.6876923565060127,0.47114285714285714,92462.28571428571
Revolution Case,2024-12-05 01:00:00+00:00,0.486,82851,0.018867924528301883,-0.22119343497960187,0.4754285714285715,84169.57142857143
Revolution Case,2024-12-06 01:00:00+00:00,0.495,74190,0.0185185185185186,-0.10453706050620992,0.4797142857142857,79851.0
Revolution Case,2024-12-07 01:00:00+00:00,0.496,77153,0.002020202020202033,0.03993799703464074,0.4854285714285714,78193.71428571429
Revolution Case,2024-12-08 01:00:00+00:00,0.495,67728,-0.0020161290322581182,-0.12215986416600777,0.4895714285714286,76476.71428571429
Revolution Case,2024-12-09 01:00:00+00:00,0.509,58445,0.028282828282828243,-0.13706295771320576,0.49328571428571427,75683.28571428571
Revolution Case,2024-12-10 01:00:00+00:00,0.514,60160,0.00982318271119853,0.02934382753015652,0.496,75272.71428571429
Revolution Case,2024-12-11 01:00:00+00:00,0.473,94901,-0.0797665369649806,0.5774767287234042,0.49542857142857144,73632.57142857143
Revolution Case,2024-12-12 01:00:00+00:00,0.468,78984,-0.010570824524312794,-0.16772215255898248,0.4928571428571429,73080.14285714286
Revolution Case,2024-12-13 01:00:00+00:00,0.484,79762,0.03418803418803407,0.0098500962220196,0.49128571428571427,73876.14285714286
Revolution Case,2024-12-14 01:00:00+00:00,0.481,79047,-0.006198347107438051,-0.0089641684009929,0.48914285714285716,74146.71428571429
Revolution Case,2024-12-15 01:00:00+00:00,0.479,74562,-0.004158004158004158,-0.05673839614406617,0.4868571428571428,75123.0
Revolution Case,2024-12-16 01:00:00+00:00,0.482,65907,0.006263048016701411,-0.11607789490625253,0.48300000000000004,76189.0
Revolution Case,2024-12-17 01:00:00+00:00,0.48,66213,-0.004149377593360981,0.004642905912877193,0.47814285714285715,77053.71428571429
Revolution Case,2024-12-18 01:00:00+00:00,0.455,104947,-0.05208333333333326,0.5849908628215004,0.47557142857142853,78488.85714285714
Revolution Case,2024-12-19 01:00:00+00:00,0.449,101319,-0.013186813186813251,-0.03456983048586426,0.47285714285714286,81679.57142857143
Revolution Case,2024-12-20 01:00:00+00:00,0.459,99290,0.022271714922049046,-0.020025858920834194,0.4692857142857143,84469.28571428571
Revolution Case,2024-12-21 01:00:00+00:00,0.458,89908,-0.002178649237472796,-0.09449088528552729,0.466,86020.85714285714
Revolution Case,2024-12-22 01:00:00+00:00,0.471,90149,0.028384279475982543,0.0026805178627040682,0.46485714285714286,88247.57142857143
Revolution Case,2024-12-23 01:00:00+00:00,0.475,75395,0.00849256900212314,-0.1636623811689536,0.46385714285714286,89603.0
Revolution Case,2024-12-24 01:00:00+00:00,0.488,71377,0.02736842105263171,-0.05329265866436761,0.46499999999999997,90340.71428571429
Revolution Case,2024-12-25 01:00:00+00:00,0.478,120159,-0.020491803278688492,0.6834414447230901,0.46828571428571425,92513.85714285714
Revolution Case,2024-12-26 01:00:00+00:00,0.474,100750,-0.008368200836820106,-0.16152764254030072,0.47185714285714286,92432.57142857143
Revolution Case,2024-12-27 01:00:00+00:00,0.475,89463,0.0021097046413502962,-0.11202977667493796,0.47414285714285714,91028.71428571429
Revolution Case,2024-12-28 01:00:00+00:00,0.48,84558,0.010526315789473717,-0.054827135240266944,0.4772857142857143,90264.42857142857
Revolution Case,2024-12-29 01:00:00+00:00,0.485,77144,0.01041666666666674,-0.08767946261737503,0.47928571428571426,88406.57142857143
Revolution Case,2024-12-30 01:00:00+00:00,0.491,72380,0.012371134020618513,-0.06175464067198999,0.4815714285714286,87975.85714285714
Revolution Case,2024-12-31 01:00:00+00:00,0.513,74711,0.044806517311609007,0.03220502901353961,0.48514285714285715,88452.14285714286
Revolution Case,2025-01-01 01:00:00+00:00,0.493,116835,-0.03898635477582846,0.5638259426322765,0.48728571428571427,87977.28571428571
Revolution Case,2025-01-02 01:00:00+00:00,0.478,95823,-0.030425963488843855,-0.17984336885351138,0.4878571428571429,87273.42857142857
Revolution Case,2025-01-03 01:00:00+00:00,0.494,86239,0.03347280334728042,-0.10001774104338201,0.49057142857142855,86812.85714285714
Revolution Case,2025-01-04 01:00:00+00:00,0.517,94845,0.046558704453441235,0.09979243729635079,0.4958571428571429,88282.42857142857
Revolution Case,2025-01-05 01:00:00+00:00,0.539,99931,0.042553191489361764,0.05362433444040282,0.5035714285714286,91537.71428571429
Revolution Case,2025-01-06 01:00:00+00:00,0.569,96862,0.055658627087198376,-0.030711190721597892,0.5147142857142857,95035.14285714286
Revolution Case,2025-01-07 01:00:00+00:00,0.63,82255,0.10720562390158173,-0.15080217216245795,0.5314285714285714,96112.85714285714
Revolution Case,2025-01-08 01:00:00+00:00,0.593,112507,-0.058730158730158744,0.36778311348854165,0.5457142857142857,95494.57142857143
Revolution Case,2025-01-09 01:00:00+00:00,0.594,97597,0.001686340640809414,-0.13252508732789958,0.5622857142857143,95748.0
Revolution Case,2025-01-10 01:00:00+00:00,0.638,94399,0.07407407407407418,-0.03276740063731465,0.5828571428571429,96913.71428571429
Revolution Case,2025-01-11 01:00:00+00:00,0.647,83241,0.014106583072100332,-0.11820040466530368,0.6014285714285714,95256.0
Revolution Case,2025-01-12 01:00:00+00:00,0.648,72009,0.0015455950540959051,-0.1349335063250081,0.617,91267.14285714286
Revolution Case,2025-01-13 01:00:00+00:00,0.665,56756,0.026234567901234573,-0.21182074462914358,0.6307142857142857,85537.71428571429
Revolution Case,2025-01-14 01:00:00+00:00,0.66,62070,-0.007518796992481258,0.09362886743251808,0.635,82654.14285714286
Revolution Case,2025-01-15 01:00:00+00:00,0.596,123983,-0.09696969696969704,0.9974705977122604,0.6354285714285715,84293.57142857143
Revolution Case,2025-01-16 01:00:00+00:00,0.561,96223,-0.05872483221476499,-0.22390166393779798,0.6307142857142857,84097.28571428571
Revolution Case,2025-01-17 01:00:00+00:00,0.578,90570,0.030303030303030054,-0.058748947756773306,0.6221428571428572,83550.28571428571
Revolution Case,2025-01-18 01:00:00+00:00,0.606,94234,0.04844290657439454,0.04045489676493319,0.6162857142857143,85120.71428571429
Revolution Case,2025-01-19 01:00:00+00:00,0.604,78435,-0.0033003300330033403,-0.16765710889912344,0.6100000000000001,86038.71428571429
Revolution Case,2025-01-20 01:00:00+00:00,0.598,65212,-0.009933774834437137,-0.16858545292280236,0.6004285714285714,87246.71428571429
Revolution Case,2025-01-21 01:00:00+00:00,0.603,60147,0.008361204013378032,-0.07766975403300003,0.5922857142857143,86972.0
Revolution Case,2025-01-22 01:00:00+00:00,0.582,119342,-0.03482587064676623,0.9841721116597668,0.5902857142857142,86309.0
Revolution Case,2025-01-23 01:00:00+00:00,0.587,97540,0.00859106529209619,-0.1826850563925525,0.594,86497.14285714286
Revolution Case,2025-01-24 01:00:00+00:00,0.599,89222,0.020442930153321992,-0.08527783473446793,0.5970000000000001,86304.57142857143
Revolution Case,2025-01-25 01:00:00+00:00,0.603,86493,0.006677796327211993,-0.03058662661675371,0.5965714285714286,85198.71428571429
Revolution Case,2025-01-26 01:00:00+00:00,0.612,77772,0.014925373134328401,-0.10082896881828585,0.5977142857142858,85104.0
Revolution Case,2025-01-27 01:00:00+00:00,0.622,68431,0.016339869281045694,-0.120107493699532,0.6011428571428572,85563.85714285714
Revolution Case,2025-01-28 01:00:00+00:00,0.639,79197,0.027331189710610992,0.15732635793719218,0.6062857142857142,88285.28571428571
Revolution Case,2025-01-29 01:00:00+00:00,0.611,135814,-0.0438184663536777,0.714888190209225,0.6104285714285714,90638.42857142857
Revolution Case,2025-01-30 01:00:00+00:00,0.602,102171,-0.014729950900163713,-0.24771378502952568,0.6125714285714287,91300.0
Revolution Case,2025-01-31 01:00:00+00:00,0.626,91737,0.039867109634551534,-0.10212291158939424,0.6164285714285714,91659.28571428571
Revolution Case,2025-02-01 01:00:00+00:00,0.642,87382,0.025559105431310014,-0.04747266642685066,0.622,91786.28571428571
Revolution Case,2025-02-02 01:00:00+00:00,0.645,79680,0.004672897196261738,-0.08814172255155528,0.6267142857142857,92058.85714285714
Revolution Case,2025-02-03 01:00:00+00:00,0.647,61092,0.0031007751937983663,-0.23328313253012045,0.6302857142857142,91010.42857142857
Revolution Case,2025-02-04 01:00:00+00:00,0.653,65977,0.009273570324574987,0.07996136973744505,0.6322857142857143,89121.85714285714
Revolution Case,2025-02-05 01:00:00+00:00,0.626,129331,-0.04134762633996936,0.9602437212968156,0.6344285714285715,88195.71428571429
Revolution Case,2025-02-06 01:00:00+00:00,0.629,105901,0.004792332268370503,-0.18116306222019474,0.6382857142857142,88728.57142857143
Revolution Case,2025-02-07 01:00:00+00:00,0.653,95949,0.038155802861685295,-0.09397456114673142,0.6421428571428571,89330.28571428571
Revolution Case,2025-02-08 01:00:00+00:00,0.666,91398,0.019908116385911168,-0.047431447956727046,0.6455714285714286,89904.0
Revolution Case,2025-02-09 01:00:00+00:00,0.654,73915,-0.018018018018018056,-0.19128427317884422,0.6468571428571429,89080.42857142857
Revolution Case,2025-02-10 01:00:00+00:00,0.662,64493,0.012232415902140747,-0.12747074342149767,0.649,89566.28571428571
Revolution Case,2025-02-11 01:00:00+00:00,0.662,63140,0.0,-0.020979020979020935,0.6502857142857144,89161.0
Revolution Case,2025-02-12 01:00:00+00:00,0.626,127972,-0.05438066465256797,1.0267975926512514,0.6502857142857144,88966.85714285714
Revolution Case,2025-02-13 01:00:00+00:00,0.62,99084,-0.009584664536741228,-0.22573687994248737,0.649,87993.0
Revolution Case,2025-02-14 01:00:00+00:00,0.632,84444,0.019354838709677358,-0.14775342133946956,0.646,86349.42857142857
Revolution Case,2025-02-15 01:00:00+00:00,0.64,85461,0.012658227848101333,0.012043484439391738,0.6422857142857142,85501.28571428571
Revolution Case,2025-02-16 01:00:00+00:00,0.646,78376,0.009374999999999911,-0.08290331262213169,0.6411428571428571,86138.57142857143
Revolution Case,2025-02-17 01:00:00+00:00,0.673,71262,0.04179566563467496,-0.09076758191283041,0.6427142857142858,87105.57142857143
Revolution Case,2025-02-18 01:00:00+00:00,0.677,69442,0.005943536404160454,-0.025539558249838668,0.6448571428571429,88005.85714285714
Revolution Case,2025-02-19 01:00:00+00:00,0.655,135704,-0.03249630723781394,0.9542063880648599,0.649,89110.42857142857
Revolution Case,2025-02-20 01:00:00+00:00,0.662,104796,0.010687022900763399,-0.22776041973707484,0.655,89926.42857142857
Revolution Case,2025-02-21 01:00:00+00:00,0.689,102479,0.04078549848942581,-0.02210962250467574,0.6631428571428571,92502.85714285714
Revolution Case,2025-02-22 01:00:00+00:00,0.698,98493,0.013062409288824295,-0.038895773768284236,0.6714285714285715,94364.57142857143
Revolution Case,2025-02-23 01:00:00+00:00,0.695,86083,-0.004297994269340966,-0.12599880194531587,0.6784285714285715,95465.57142857143
Revolution Case,2025-02-24 01:00:00+00:00,0.707,66692,0.01726618705035965,-0.2252593427273678,0.6832857142857144,94812.71428571429
Revolution Case,2025-02-25 01:00:00+00:00,0.699,62665,-0.011315417256011373,-0.060382054819168696,0.6864285714285714,93844.57142857143
Revolution Case,2025-02-26 01:00:00+00:00,0.672,135846,-0.03862660944205998,1.1678129737493017,0.6888571428571427,93864.85714285714
Revolution Case,2025-02-27 01:00:00+00:00,0.658,96977,-0.02083333333333337,-0.2861254656007538,0.6882857142857143,92747.85714285714
Revolution Case,2025-02-28 01:00:00+00:00,0.672,89006,0.02127659574468077,-0.08219474720810094,0.6858571428571428,90823.14285714286
Revolution Case,2025-03-01 01:00:00+00:00,0.665,86020,-0.01041666666666663,-0.03354830011459897,0.6811428571428573,89041.28571428571
Revolution Case,2025-03-02 01:00:00+00:00,0.663,79102,-0.003007518796992459,-0.08042315740525463,0.6765714285714285,88044.0
Revolution Case,2025-03-03 01:00:00+00:00,0.674,67755,0.016591251885369473,-0.14344770043740995,0.6718571428571429,88195.85714285714
Revolution Case,2025-03-04 01:00:00+00:00,0.672,62177,-0.0029673590504450953,-0.08232602759943919,0.668,88126.14285714286
Revolution Case,2025-03-05 01:00:00+00:00,0.64,128467,-0.04761904761904767,1.066149862489345,0.6634285714285715,87072.0
Revolution Case,2025-03-06 01:00:00+00:00,0.641,104914,0.0015624999999999112,-0.1833389119384745,0.6610000000000001,88205.85714285714
Revolution Case,2025-03-07 01:00:00+00:00,0.643,89086,0.0031201248049921304,-0.15086642392816974,0.6568571428571428,88217.28571428571
Revolution Case,2025-03-08 01:00:00+00:00,0.651,90329,0.012441679626749691,0.013952809644613096,0.6548571428571429,88832.85714285714
Revolution Case,2025-03-09 01:00:00+00:00,0.653,80193,0.003072196620583778,-0.11221202493108529,0.6534285714285714,88988.71428571429
Revolution Case,2025-03-10 01:00:00+00:00,0.664,69519,0.016845329249617125,-0.13310388687291907,0.652,89240.71428571429
Revolution Case,2025-03-11 01:00:00+00:00,0.668,71267,0.006024096385542244,0.025144205181317325,0.6514285714285715,90539.28571428571
Revolution Case,2025-03-12 01:00:00+00:00,0.625,125578,-0.06437125748503003,0.7620778200289053,0.6492857142857142,90126.57142857143
Revolution Case,2025-03-13 01:00:00+00:00,0.606,104439,-0.030399999999999983,-0.16833362531653628,0.6442857142857142,90058.71428571429
Revolution Case,2025-03-14 01:00:00+00:00,0.591,108401,-0.024752475247524774,0.037936020069131215,0.6368571428571429,92818.0
Revolution Case,2025-03-15 01:00:00+00:00,0.574,103214,-0.02876480541455162,-0.04785011208383683,0.6258571428571429,94658.71428571429
Revolution Case,2025-03-16 01:00:00+00:00,0.577,90253,0.005226480836237002,-0.12557405003197242,0.615,96095.85714285714
Revolution Case,2025-03-17 01:00:00+00:00,0.607,69422,0.051993067590987874,-0.23080673218618775,0.6068571428571429,96082.0
Revolution Case,2025-03-18 01:00:00+00:00,0.608,69719,0.0016474464579900872,0.004278182708651546,0.5982857142857142,95860.85714285714
Revolution Case,2025-03-19 01:00:00+00:00,0.558,128072,-0.08223684210526305,0.8369741390438761,0.5887142857142856,96217.14285714286
Revolution Case,2025-03-20 01:00:00+00:00,0.541,92731,-0.03046594982078854,-0.2759463426822413,0.5794285714285714,94544.57142857143
Revolution Case,2025-03-21 01:00:00+00:00,0.56,79875,0.03512014787430684,-0.13863756456848308,0.575,90469.42857142857
Revolution Case,2025-03-22 01:00:00+00:00,0.557,83452,-0.005357142857142838,0.04478247261345847,0.5725714285714286,87646.28571428571
Revolution Case,2025-03-23 01:00:00+00:00,0.568,80331,0.019748653500897495,-0.037398744188275934,0.5712857142857143,86228.85714285714
Revolution Case,2025-03-24 01:00:00+00:00,0.57,64287,0.0035211267605634866,-0.19972364342532767,0.5660000000000001,85495.28571428571
Revolution Case,2025-03-25 01:00:00+00:00,0.58,71882,0.01754385964912286,0.11814208160281248,0.562,85804.28571428571
Revolution Case,2025-03-26 01:00:00+00:00,0.54,112165,-0.06896551724137923,0.5604045519045102,0.5594285714285715,83531.85714285714
Revolution Case,2025-03-27 01:00:00+00:00,0.552,95024,0.022222222222222143,-0.1528195069763295,0.561,83859.42857142857
Revolution Case,2025-03-28 01:00:00+00:00,0.573,84591,0.0380434782608694,-0.10979331537295844,0.5628571428571428,84533.14285714286
Revolution Case,2025-03-29 01:00:00+00:00,0.595,85985,0.03839441535776622,0.016479294487593332,0.5682857142857143,84895.0
Revolution Case,2025-03-30 01:00:00+00:00,0.595,74627,0.0,-0.13209280688492175,0.5721428571428572,84080.14285714286
Revolution Case,2025-03-31 01:00:00+00:00,0.597,66355,0.003361344537815114,-0.11084460047971911,0.576,84375.57142857143
Revolution Case,2025-04-01 01:00:00+00:00,0.56,91272,-0.061976549413735205,0.37551051164192595,0.5731428571428571,87145.57142857143
Revolution Case,2025-04-02 01:00:00+00:00,0.545,145217,-0.0267857142857143,0.5910355859409238,0.5738571428571427,91867.28571428571
Revolution Case,2025-04-03 01:00:00+00:00,0.567,89478,0.04036697247706411,-0.3838324714048631,0.576,91075.0
Revolution Case,2025-04-04 01:00:00+00:00,0.589,83684,0.03880070546737224,-0.0647533471914884,0.5782857142857143,90945.42857142857
Revolution Case,2025-04-05 01:00:00+00:00,0.591,80340,0.00339558573853993,-0.0399598489555949,0.5777142857142857,90139.0
Revolution Case,2025-04-06 01:00:00+00:00,0.586,70600,-0.008460236886632888,-0.12123475230271352,0.5764285714285714,89563.71428571429
Revolution Case,2025-04-07 01:00:00+00:00,0.595,58685,0.015358361774744145,-0.16876770538243624,0.5761428571428571,88468.0
Revolution Case,2025-04-08 01:00:00+00:00,0.594,59616,-0.001680672268907557,0.015864360569140423,0.5810000000000001,83945.71428571429
Revolution Case,2025-04-09 01:00:00+00:00,0.573,117060,-0.03535353535353536,0.9635668276972624,0.585,79923.28571428571
Revolution Case,2025-04-10 01:00:00+00:00,0.575,90591,0.003490401396160525,-0.22611481291645308,0.5861428571428571,80082.28571428571
Revolution Case,2025-04-11 01:00:00+00:00,0.58,80600,0.008695652173912993,-0.11028689384155155,0.5848571428571429,79641.71428571429
Revolution Case,2025-04-12 01:00:00+00:00,0.587,77732,0.012068965517241459,-0.03558312655086848,0.5842857142857143,79269.14285714286
Revolution Case,2025-04-13 01:00:00+00:00,0.585,69706,-0.0034071550255536653,-0.10325219986620693,0.5841428571428571,79141.42857142857
Revolution Case,2025-04-14 01:00:00+00:00,0.584,49540,-0.0017094017094017033,-0.28930077755143024,0.5825714285714285,77835.0
Revolution Case,2025-04-15 01:00:00+00:00,0.586,55995,0.003424657534246478,0.1302987484860718,0.5814285714285713,77317.71428571429
Revolution Case,2025-04-16 01:00:00+00:00,0.552,108598,-0.05802047781569952,0.9394231627823912,0.5784285714285714,76108.85714285714
Revolution Case,2025-04-17 01:00:00+00:00,0.553,86010,0.0018115942028984477,-0.20799646402327854,0.5752857142857142,75454.42857142857
Revolution Case,2025-04-18 01:00:00+00:00,0.568,82088,0.02712477396021673,-0.04559934891291706,0.5735714285714285,75667.0
Revolution Case,2025-04-19 01:00:00+00:00,0.563,66054,-0.008802816901408494,-0.19532696618263323,0.5701428571428571,73998.71428571429
Revolution Case,2025-04-20 01:00:00+00:00,0.558,60777,-0.00888099467140302,-0.07988918157870828,0.5662857142857143,72723.14285714286
Revolution Case,2025-04-21 01:00:00+00:00,0.56,54615,0.0035842293906809264,-0.1013870378597167,0.5628571428571428,73448.14285714286
Revolution Case,2025-04-22 01:00:00+00:00,0.567,52807,0.012499999999999734,-0.03310445848210197,0.5601428571428572,72992.71428571429
Revolution Case,2025-04-23 01:00:00+00:00,0.534,103821,-0.05820105820105803,0.9660461681216506,0.5575714285714286,72310.28571428571
Revolution Case,2025-04-24 01:00:00+00:00,0.534,78275,0.0,-0.24605811926296217,0.5548571428571428,71205.28571428571
Revolution Case,2025-04-25 01:00:00+00:00,0.54,77119,0.011235955056179803,-0.014768444586394147,0.5508571428571428,70495.42857142857
Revolution Case,2025-04-26 01:00:00+00:00,0.552,73972,0.022222222222222143,-0.04080706440695547,0.5492857142857143,71626.57142857143
Revolution Case,2025-04-27 01:00:00+00:00,0.555,59032,0.005434782608695565,-0.20196831233439683,0.5488571428571428,71377.28571428571
Revolution Case,2025-04-28 01:00:00+00:00,0.563,53648,0.014414414414414267,-0.09120477029407781,0.5492857142857143,71239.14285714286
Revolution Case,2025-04-29 01:00:00+00:00,0.568,57978,0.008880994671403242,0.08071130331046827,0.5494285714285715,71977.85714285714
Revolution Case,2025-04-30 01:00:00+00:00,0.562,114467,-0.010563380281689905,0.9743178446997136,0.5534285714285715,73498.71428571429
Revolution Case,2025-05-01 01:00:00+00:00,0.577,99803,0.02669039145907459,-0.12810679060340535,0.5595714285714286,76574.14285714286
Revolution Case,2025-05-02 01:00:00+00:00,0.598,90444,0.036395147313691645,-0.0937747362303738,0.5678571428571428,78477.71428571429
Revolution Case,2025-05-03 01:00:00+00:00,0.606,81379,0.013377926421404673,-0.10022776524700372,0.5755714285714285,79535.85714285714
Revolution Case,2025-05-04 01:00:00+00:00,0.624,90158,0.02970297029702973,0.10787795377185772,0.5854285714285714,83982.42857142857
Revolution Case,2025-05-05 01:00:00+00:00,0.632,65514,0.012820512820512775,-0.2733423545331529,0.5952857142857143,85677.57142857143
Revolution Case,2025-05-06 01:00:00+00:00,0.645,68000,0.020569620253164667,0.0379460878590836,0.6062857142857142,87109.28571428571
Revolution Case,2025-05-07 01:00:00+00:00,0.631,124771,-0.02170542635658912,0.8348676470588234,0.6161428571428571,88581.28571428571
Revolution Case,2025-05-08 01:00:00+00:00,0.637,101431,0.009508716323296307,-0.18706269886431948,0.6247142857142858,88813.85714285714
Revolution Case,2025-05-09 01:00:00+00:00,0.653,82997,0.02511773940345363,-0.18173931046721414,0.6325714285714286,87750.0
Revolution Case,2025-05-10 01:00:00+00:00,0.666,84903,0.019908116385911168,0.022964685470559187,0.6411428571428572,88253.42857142857
Revolution Case,2025-05-11 01:00:00+00:00,0.657,66338,-0.013513513513513487,-0.2186612958317138,0.6458571428571428,84850.57142857143
Revolution Case,2025-05-12 01:00:00+00:00,0.659,54785,0.003044140030441511,-0.1741535771352769,0.6497142857142857,83317.85714285714
Revolution Case,2025-05-13 01:00:00+00:00,0.645,59972,-0.02124430955993928,0.0946792005110888,0.6497142857142857,82171.0
Revolution Case,2025-05-14 01:00:00+00:00,0.615,105232,-0.04651162790697683,0.754685519909291,0.6474285714285715,79379.71428571429
Revolution Case,2025-05-15 01:00:00+00:00,0.599,77155,-0.026016260162601612,-0.2668104759008667,0.642,75911.71428571429
Revolution Case,2025-05-16 01:00:00+00:00,0.608,71921,0.015025041736226985,-0.067837470027866,0.6355714285714286,74329.42857142857
Revolution Case,2025-05-17 01:00:00+00:00,0.623,73746,0.024671052631578982,0.025375064306669914,0.6294285714285713,72735.57142857143
Revolution Case,2025-05-18 01:00:00+00:00,0.635,67068,0.019261637239165408,-0.09055406394923116,0.6262857142857142,72839.85714285714
Revolution Case,2025-05-19 01:00:00+00:00,0.654,60174,0.02992125984251981,-0.10279119699409556,0.6255714285714286,73609.71428571429
Revolution Case,2025-05-20 01:00:00+00:00,0.643,59124,-0.016819571865443472,-0.017449396749426693,0.6252857142857142,73488.57142857143
Revolution Case,2025-05-21 01:00:00+00:00,0.621,105872,-0.034214618973561484,0.7906772207563764,0.6261428571428571,73580.0
Revolution Case,2025-05-22 01:00:00+00:00,0.619,81924,-0.0032206119162641045,-0.22619767266132684,0.6290000000000001,74261.28571428571
Revolution Case,2025-05-23 01:00:00+00:00,0.607,105987,-0.01938610662358642,0.29372345100336905,0.6288571428571429,79127.85714285714
Revolution Case,2025-05-24 01:00:00+00:00,0.61,82450,0.0049423393739702615,-0.22207440535159972,0.627,80371.28571428571
Revolution Case,2025-05-25 01:00:00+00:00,0.614,72502,0.006557377049180246,-0.12065494238932684,0.624,81147.57142857143
Revolution Case,2025-05-26 01:00:00+00:00,0.626,64128,0.019543973941368087,-0.11550026206173625,0.62,81712.42857142857
Revolution Case,2025-05-27 01:00:00+00:00,0.619,65514,-0.011182108626198062,0.021613023952095745,0.6165714285714285,82625.28571428571
Revolution Case,2025-05-28 01:00:00+00:00,0.607,110484,-0.01938610662358642,0.6864181701621028,0.6145714285714285,83284.14285714286
Revolution Case,2025-05-29 01:00:00+00:00,0.61,90745,0.0049423393739702615,-0.17865935339053618,0.6132857142857143,84544.28571428571
Revolution Case,2025-05-30 01:00:00+00:00,0.622,80662,0.01967213114754096,-0.11111355997575623,0.6154285714285714,80926.42857142857
Revolution Case,2025-05-31 01:00:00+00:00,0.627,75180,0.008038585209003246,-0.06796260940715582,0.6178571428571429,79887.85714285714
Revolution Case,2025-06-01 01:00:00+00:00,0.636,77214,0.014354066985645897,0.027055067837190805,0.6209999999999999,80561.0
Revolution Case,2025-06-02 01:00:00+00:00,0.635,63747,-0.0015723270440252124,-0.174411376175305,0.6222857142857142,80506.57142857143
Revolution Case,2025-06-03 01:00:00+00:00,0.642,61068,0.011023622047244164,-0.042025507082686264,0.6255714285714286,79871.42857142857
Revolution Case,2025-06-04 01:00:00+00:00,0.623,105621,-0.029595015576324046,0.7295637649832973,0.6278571428571429,79176.71428571429
Revolution Case,2025-06-05 01:00:00+00:00,0.626,81897,0.0048154093097914075,-0.2246144232681001,0.6301428571428571,77912.71428571429
Revolution Case,2025-06-06 01:00:00+00:00,0.634,74396,0.012779552715654896,-0.09159065655640619,0.6318571428571429,77017.57142857143
Revolution Case,2025-06-07 01:00:00+00:00,0.638,75131,0.006309148264984188,0.009879563417388049,0.6334285714285715,77010.57142857143
Revolution Case,2025-06-08 01:00:00+00:00,0.648,65007,0.01567398119122254,-0.1347513010608138,0.6351428571428571,75266.71428571429
Revolution Case,2025-06-09 01:00:00+00:00,0.66,66186,0.0185185185185186,0.018136508376020988,0.6387142857142857,75615.14285714286
Revolution Case,2025-06-10 01:00:00+00:00,0.657,60127,-0.004545454545454519,-0.09154503973650019,0.6408571428571428,75480.71428571429
Revolution Case,2025-06-11 01:00:00+00:00,0.613,97893,-0.06697108066971091,0.6281038468574849,0.6394285714285715,74376.71428571429
Revolution Case,2025-06-12 01:00:00+00:00,0.613,77882,0.0,-0.2044170676146405,0.6375714285714286,73803.14285714286
Revolution Case,2025-06-13 01:00:00+00:00,0.629,67904,0.02610114192495927,-0.12811689478955346,0.6368571428571429,72875.71428571429
Revolution Case,2025-06-14 01:00:00+00:00,0.643,68417,0.022257551669316422,0.007554783223374217,0.6375714285714286,71916.57142857143
Revolution Case,2025-06-15 01:00:00+00:00,0.641,60064,-0.0031104199066873672,-0.1220895391496265,0.6365714285714285,71210.42857142857
Revolution Case,2025-06-16 01:00:00+00:00,0.636,54612,-0.007800312012480548,-0.09076984549813527,0.6331428571428571,69557.0
Revolution Case,2025-06-17 01:00:00+00:00,0.627,56442,-0.014150943396226467,0.03350911887497254,0.6288571428571429,69030.57142857143
Revolution Case,2025-06-18 01:00:00+00:00,0.605,102052,-0.03508771929824561,0.8080861769604195,0.6277142857142858,69624.71428571429
Revolution Case,2025-06-19 01:00:00+00:00,0.613,85843,0.013223140495867813,-0.15883079214518092,0.6277142857142858,70762.0
Revolution Case,2025-06-20 01:00:00+00:00,0.614,74284,0.0016313213703098572,-0.13465279638409655,0.6255714285714287,71673.42857142857
Revolution Case,2025-06-21 01:00:00+00:00,0.617,73116,0.004885993485342022,-0.015723439771686998,0.6218571428571428,72344.71428571429
Revolution Case,2025-06-22 01:00:00+00:00,0.614,67347,-0.004862236628849326,-0.07890201870999503,0.618,73385.14285714286
Revolution Case,2025-06-23 01:00:00+00:00,0.612,56305,-0.0032573289902280145,-0.16395682064531458,0.6145714285714285,73627.0
Revolution Case,2025-06-24 01:00:00+00:00,0.607,58237,-0.008169934640522847,0.03431311606429266,0.6117142857142858,73883.42857142857
Revolution Case,2025-06-25 01:00:00+00:00,0.603,111740,-0.00658978583196046,0.9187114720881913,0.6114285714285714,75267.42857142857
Revolution Case,2025-06-26 01:00:00+00:00,0.614,101924,0.018242122719734688,-0.08784678718453554,0.6115714285714285,77564.71428571429
Revolution Case,2025-06-27 01:00:00+00:00,0.62,105159,0.009771986970684043,0.03173933519092653,0.6124285714285714,81975.42857142857
Revolution Case,2025-06-28 01:00:00+00:00,0.629,92379,0.014516129032258185,-0.12153025418651753,0.6141428571428572,84727.28571428571
Revolution Case,2025-06-29 01:00:00+00:00,0.633,84024,0.006359300476947549,-0.09044263306595657,0.6168571428571428,87109.71428571429
Revolution Case,2025-06-30 01:00:00+00:00,0.637,75154,0.006319115323854652,-0.10556507664476811,0.6204285714285714,89802.42857142857
Revolution Case,2025-07-01 01:00:00+00:00,0.67,80264,0.05180533751962324,0.06799371956249844,0.6294285714285713,92949.14285714286
Revolution Case,2025-07-02 01:00:00+00:00,0.661,123548,-0.013432835820895495,0.5392704076547394,0.6377142857142858,94636.0
Revolution Case,2025-07-03 01:00:00+00:00,0.672,107408,0.016641452344931862,-0.13063748502606276,0.646,95419.42857142857
Revolution Case,2025-07-04 01:00:00+00:00,0.695,97034,0.034226190476190244,-0.096584984358707,0.6567142857142857,94258.71428571429
Revolution Case,2025-07-05 01:00:00+00:00,0.697,83936,0.0028776978417266452,-0.13498361399097225,0.6664285714285715,93052.57142857143
Revolution Case,2025-07-06 01:00:00+00:00,0.708,81371,0.015781922525107683,-0.030558997331300075,0.6771428571428572,92673.57142857143
Revolution Case,2025-07-07 01:00:00+00:00,0.715,70860,0.009887005649717562,-0.12917378427203796,0.6882857142857143,92060.14285714286
Revolution Case,2025-07-08 01:00:00+00:00,0.729,79626,0.019580419580419672,0.1237087214225232,0.6967142857142857,91969.0
Revolution Case,2025-07-09 01:00:00+00:00,0.701,117169,-0.0384087791495199,0.4714917238088061,0.7024285714285714,91057.71428571429
Revolution Case,2025-07-10 01:00:00+00:00,0.712,95124,0.015691868758915817,-0.1881470354786675,0.7081428571428571,89302.85714285714
Revolution Case,2025-07-11 01:00:00+00:00,0.756,86120,0.061797752808988804,-0.09465539716580462,0.7168571428571429,87743.71428571429
Revolution Case,2025-07-12 01:00:00+00:00,0.789,87693,0.04365079365079372,0.018265211333023723,0.7300000000000001,88280.42857142857
Revolution Case,2025-07-13 01:00:00+00:00,0.805,75518,0.020278833967046994,-0.1388366232196413,0.7438571428571429,87444.28571428571
Revolution Case,2025-07-14 01:00:00+00:00,0.827,59251,0.027329192546583725,-0.2154055986652189,0.7598571428571429,85785.85714285714
Revolution Case,2025-07-15 01:00:00+00:00,0.853,71406,0.03143893591293834,0.20514421697524088,0.7775714285714285,84611.57142857143
Revolution Case,2025-07-16 01:00:00+00:00,0.821,116739,-0.03751465416178201,0.6348626165868414,0.7947142857142858,84550.14285714286
Revolution Case,2025-07-17 01:00:00+00:00,0.855,108933,0.04141291108404399,-0.06686711381800425,0.8151428571428571,86522.85714285714
Revolution Case,2025-07-18 01:00:00+00:00,0.914,87313,0.06900584795321651,-0.19847061955513945,0.8377142857142859,86693.28571428571
Revolution Case,2025-07-19 01:00:00+00:00,0.988,89482,0.08096280087527341,0.024841661608236976,0.8661428571428571,86948.85714285714
Revolution Case,2025-07-20 01:00:00+00:00,1.006,72658,0.018218623481781382,-0.18801546679779169,0.8948571428571429,86540.28571428571
Revolution Case,2025-07-21 01:00:00+00:00,0.978,69763,-0.027833001988071593,-0.03984420160202595,0.9164285714285715,88042.0
Revolution Case,2025-07-22 01:00:00+00:00,0.923,59128,-0.056237218813905865,-0.15244470564625945,0.9264285714285715,86288.0
Revolution Case,2025-07-23 01:00:00+00:00,0.829,99055,-0.10184182015167942,0.6752638343931809,0.9275714285714285,83761.71428571429
Revolution Case,2025-07-24 01:00:00+00:00,0.79,82811,-0.0470446320868515,-0.16398970269042457,0.9182857142857143,80030.0
Revolution Case,2025-07-25 01:00:00+00:00,0.811,79010,0.026582278481012578,-0.04589969931530835,0.9035714285714285,78843.85714285714
Revolution Case,2025-07-26 01:00:00+00:00,0.837,76708,0.0320591861898889,-0.029135552461713732,0.882,77019.0
Revolution Case,2025-07-27 01:00:00+00:00,0.836,76121,-0.0011947431302270495,-0.007652396099494196,0.8577142857142857,77513.71428571429
Revolution Case,2025-07-28 01:00:00+00:00,0.811,64964,-0.029904306220095545,-0.14656927786024876,0.8338571428571429,76828.14285714286
Revolution Case,2025-07-29 01:00:00+00:00,0.777,73728,-0.04192355117139335,0.13490548611538689,0.813,78913.85714285714
Revolution Case,2025-07-30 01:00:00+00:00,0.701,107079,-0.09781209781209788,0.45235188802083326,0.7947142857142858,80060.14285714286
Revolution Case,2025-07-31 01:00:00+00:00,0.7,91834,-0.0014265335235378318,-0.14237152009264187,0.7818571428571428,81349.14285714286
Revolution Case,2025-08-01 01:00:00+00:00,0.729,83260,0.04142857142857137,-0.09336411350915785,0.7701428571428571,81956.28571428571
Revolution Case,2025-08-02 01:00:00+00:00,0.756,80539,0.03703703703703698,-0.03268075906797985,0.7585714285714286,82503.57142857143
Revolution Case,2025-08-03 01:00:00+00:00,0.753,77135,-0.003968253968253954,-0.042265237959249524,0.7467142857142858,82648.42857142857
Revolution Case,2025-08-04 01:00:00+00:00,0.757,70160,0.005312084993359889,-0.09042587670966484,0.739,83390.71428571429
Revolution Case,2025-08-05 01:00:00+00:00,0.753,69468,-0.005284015852047519,-0.009863169897377455,0.7355714285714285,82782.14285714286
Revolution Case,2025-08-06 01:00:00+00:00,0.694,101636,-0.07835325365205847,0.46306212932573265,0.7345714285714285,82004.57142857143
Revolution Case,2025-08-07 01:00:00+00:00,0.694,81426,0.0,-0.19884686528395445,0.7337142857142858,80517.71428571429
Revolution Case,2025-08-08 01:00:00+00:00,0.723,84649,0.0417867435158501,0.03958195171075585,0.7328571428571429,80716.14285714286
Revolution Case,2025-08-09 01:00:00+00:00,0.735,85049,0.016597510373443924,0.0047253954565322775,0.7298571428571429,81360.42857142857
Revolution Case,2025-08-10 01:00:00+00:00,0.724,69834,-0.014965986394557818,-0.17889687121541697,0.7257142857142858,80317.42857142857
Revolution Case,2025-08-11 01:00:00+00:00,0.716,62184,-0.011049723756906049,-0.10954549359910648,0.7198571428571429,79178.0
Revolution Case,2025-08-12 01:00:00+00:00,0.712,70966,-0.005586592178770999,0.141226038852438,0.7140000000000001,79392.0
Revolution Case,2025-08-13 01:00:00+00:00,0.643,105399,-0.0969101123595505,0.48520418228447415,0.7067142857142857,79929.57142857143
Revolution Case,2025-08-14 01:00:00+00:00,0.649,85464,0.009331259720062324,-0.18913841687302535,0.7002857142857143,80506.42857142857
Revolution Case,2025-08-15 01:00:00+00:00,0.645,90116,-0.006163328197226536,0.054432275578021105,0.6891428571428572,81287.42857142857
Revolution Case,2025-08-16 01:00:00+00:00,0.655,81059,0.015503875968992276,-0.1005037951085268,0.6777142857142857,80717.42857142857
Revolution Case,2025-08-17 01:00:00+00:00,0.657,79464,0.003053435114503733,-0.01967702537657756,0.668142857142857,82093.14285714286
Revolution Case,2025-08-18 01:00:00+00:00,0.652,66420,-0.007610350076103556,-0.16414980368468746,0.6589999999999999,82698.28571428571
Revolution Case,2025-08-19 01:00:00+00:00,0.643,64715,-0.013803680981595123,-0.025669978922011394,0.6491428571428572,81805.28571428571
Revolution Case,2025-08-20 01:00:00+00:00,0.594,115974,-0.07620528771384139,0.7920729351773159,0.6421428571428571,83316.0
Revolution Case,2025-08-21 01:00:00+00:00,0.587,89686,-0.011784511784511786,-0.2266714953351613,0.6332857142857142,83919.14285714286
Revolution Case,2025-08-22 01:00:00+00:00,0.63,93324,0.07325383304940392,0.040563744620119024,0.6311428571428571,84377.42857142857
Revolution Case,2025-08-23 01:00:00+00:00,0.629,83402,-0.0015873015873015817,-0.10631777463460634,0.6274285714285714,84712.14285714286
Revolution Case,2025-08-24 01:00:00+00:00,0.618,76317,-0.01748807631160576,-0.08495000119901197,0.6218571428571428,84262.57142857143
Revolution Case,2025-08-25 01:00:00+00:00,0.618,66816,0.0,-0.12449388733833877,0.617,84319.14285714286
Revolution Case,2025-08-26 01:00:00+00:00,0.617,70603,-0.0016181229773463146,0.05667804118773945,0.6132857142857143,85160.28571428571
Revolution Case,2025-08-27 01:00:00+00:00,0.567,110359,-0.08103727714748787,0.5630922198773423,0.6094285714285714,84358.14285714286
Revolution Case,2025-08-28 01:00:00+00:00,0.571,88326,0.007054673721340388,-0.19964842015603623,0.6071428571428571,84163.85714285714
Revolution Case,2025-08-29 01:00:00+00:00,0.602,85028,0.05429071803852903,-0.03733894889387046,0.6031428571428572,82978.71428571429
Revolution Case,2025-08-30 01:00:00+00:00,0.608,82598,0.009966777408637828,-0.028578821094227824,0.6001428571428571,82863.85714285714
Revolution Case,2025-08-31 01:00:00+00:00,0.603,75100,-0.008223684210526327,-0.09077701639264868,0.598,82690.0
Revolution Case,2025-09-01 01:00:00+00:00,0.604,71493,0.0016583747927032544,-0.048029294274300915,0.596,83358.14285714286
Revolution Case,2025-09-02 01:00:00+00:00,0.614,71078,0.01655629139072845,-0.005804764102779303,0.5955714285714285,83426.0
Revolution Case,2025-09-03 01:00:00+00:00,0.582,106709,-0.05211726384364823,0.5012943526829681,0.5977142857142856,82904.57142857143
Revolution Case,2025-09-04 01:00:00+00:00,0.575,91517,-0.012027491408934665,-0.14236849750255365,0.5982857142857142,83360.42857142857
Revolution Case,2025-09-05 01:00:00+00:00,0.591,85283,0.027826086956521667,-0.06811849164636075,0.5967142857142856,83396.85714285714
Revolution Case,2025-09-06 01:00:00+00:00,0.595,85713,0.006768189509306355,0.0050420365137249235,0.5948571428571429,83841.85714285714
Revolution Case,2025-09-07 01:00:00+00:00,0.602,70948,0.0117647058823529,-0.17226091724709203,0.5947142857142858,83248.71428571429
Revolution Case,2025-09-08 01:00:00+00:00,0.602,65645,0.0,-0.07474488357670406,0.5944285714285714,82413.28571428571
Revolution Case,2025-09-09 01:00:00+00:00,0.591,65228,-0.0182724252491695,-0.0063523497600731504,0.5911428571428571,81577.57142857143
Revolution Case,2025-09-10 01:00:00+00:00,0.564,108418,-0.045685279187817285,0.66213895872938,0.5885714285714284,81821.71428571429
Revolution Case,2025-09-11 01:00:00+00:00,0.556,93525,-0.014184397163120366,-0.13736648895939785,0.5858571428571429,82108.57142857143
Revolution Case,2025-09-12 01:00:00+00:00,0.569,92861,0.02338129496402863,-0.00709970596097298,0.5827142857142856,83191.14285714286
Revolution Case,2025-09-13 01:00:00+00:00,0.589,95945,0.03514938488576447,0.03321092816144566,0.581857142857143,84652.85714285714
Revolution Case,2025-09-14 01:00:00+00:00,0.588,84932,-0.001697792869269965,-0.11478451195997708,0.5798571428571427,86650.57142857143
Revolution Case,2025-09-15 01:00:00+00:00,0.583,69628,-0.008503401360544172,-0.18019121179296382,0.5771428571428572,87219.57142857143
Revolution Case,2025-09-16 01:00:00+00:00,0.592,64672,0.015437392795883298,-0.07117826161888896,0.5772857142857143,87140.14285714286
Revolution Case,2025-09-17 01:00:00+00:00,0.546,140764,-0.07770270270270263,1.1765833745670462,0.5747142857142856,91761.0
Revolution Case,2025-09-18 01:00:00+00:00,0.567,108664,0.038461538461538325,-0.2280412605495723,0.5762857142857143,93923.71428571429
Revolution Case,2025-09-19 01:00:00+00:00,0.588,103275,0.03703703703703698,-0.04959324155193989,0.579,95411.42857142857
Revolution Case,2025-09-20 01:00:00+00:00,0.6,106631,0.020408163265306145,0.032495763737593775,0.5805714285714286,96938.0
Revolution Case,2025-09-21 01:00:00+00:00,0.599,85653,-0.0016666666666667052,-0.1967345331095085,0.5821428571428571,97041.0
Revolution Case,2025-09-22 01:00:00+00:00,0.602,76544,0.005008347245408995,-0.10634770527593895,0.5848571428571429,98029.0
Revolution Case,2025-09-23 01:00:00+00:00,0.592,73016,-0.01661129568106312,-0.046091137123745796,0.5848571428571427,99221.0
Revolution Case,2025-09-24 01:00:00+00:00,0.556,115580,-0.060810810810810634,0.5829407253204777,0.5862857142857142,95623.28571428571
Revolution Case,2025-09-25 01:00:00+00:00,0.552,87782,-0.007194244604316502,-0.2405087385360789,0.5841428571428572,92640.14285714286
Revolution Case,2025-09-26 01:00:00+00:00,0.57,88464,0.032608695652173836,0.007769246542571384,0.5815714285714285,90524.28571428571
Revolution Case,2025-09-27 01:00:00+00:00,0.571,86526,0.0017543859649122862,-0.021907216494845394,0.5774285714285714,87652.14285714286
Revolution Case,2025-09-28 01:00:00+00:00,0.567,79252,-0.007005253940455369,-0.08406721679032891,0.5728571428571428,86737.71428571429
Revolution Case,2025-09-29 01:00:00+00:00,0.57,79487,0.005291005291005346,0.002965224852369719,0.5682857142857143,87158.14285714286
Revolution Case,2025-09-30 01:00:00+00:00,0.562,81409,-0.014035087719298067,0.02418005460012318,0.564,88357.14285714286
Revolution Case,2025-10-01 01:00:00+00:00,0.54,121636,-0.039145907473309594,0.4941345551474652,0.5617142857142857,89222.28571428571
Revolution Case,2025-10-02 01:00:00+00:00,0.557,111983,0.031481481481481444,-0.07935972902759048,0.5624285714285714,92679.57142857143
Revolution Case,2025-10-03 01:00:00+00:00,0.571,100411,0.025134649910233176,-0.10333711366903908,0.5625714285714286,94386.28571428571
Revolution Case,2025-10-04 01:00:00+00:00,0.578,101267,0.012259194395796813,0.008524962404517389,0.5635714285714285,96492.14285714286
Revolution Case,2025-10-05 01:00:00+00:00,0.579,87760,0.0017301038062282892,-0.13338007445663447,0.5652857142857143,97707.57142857143
Revolution Case,2025-10-06 01:00:00+00:00,0.589,80682,0.017271157167530138,-0.08065177757520514,0.568,97878.28571428571
Revolution Case,2025-10-07 01:00:00+00:00,0.6,75085,0.018675721561969505,-0.06937111127636897,0.5734285714285715,96974.85714285714
Revolution Case,2025-10-08 01:00:00+00:00,0.579,108688,-0.03500000000000003,0.44753279616434716,0.579,95125.14285714286
Revolution Case,2025-10-09 01:00:00+00:00,0.592,94433,0.022452504317789224,-0.13115523332842627,0.584,92618.0
Revolution Case,2025-10-10 01:00:00+00:00,0.607,96051,0.02533783783783794,0.017133840924253185,0.5891428571428571,91995.14285714286
Revolution Case,2025-10-11 01:00:00+00:00,0.615,95965,0.01317957166392092,-0.0008953576745687197,0.5944285714285714,91237.71428571429
Revolution Case,2025-10-12 01:00:00+00:00,0.622,85354,0.011382113821138296,-0.11057156254884593,0.6005714285714285,90894.0
Revolution Case,2025-10-13 01:00:00+00:00,0.627,74607,0.008038585209003246,-0.1259109122009513,0.606,90026.14285714286
Revolution Case,2025-10-14 01:00:00+00:00,0.632,71415,0.00797448165869219,-0.04278418915115201,0.6105714285714285,89501.85714285714
Revolution Case,2025-10-15 01:00:00+00:00,0.597,113044,-0.05537974683544311,0.5829167541832949,0.6131428571428571,90124.14285714286
Revolution Case,2025-10-16 01:00:00+00:00,0.601,93395,0.00670016750418756,-0.17381727468950148,0.6144285714285714,89975.85714285714
Revolution Case,2025-10-17 01:00:00+00:00,0.611,85695,0.016638935108153063,-0.08244552706247654,0.615,88496.42857142857
Revolution Case,2025-10-18 01:00:00+00:00,0.613,86799,0.003273322422258529,0.012882898652196717,0.6147142857142857,87187.0
Revolution Case,2025-10-19 01:00:00+00:00,0.611,80886,-0.0032626427406199365,-0.06812290464175852,0.6131428571428571,86548.71428571429
Revolution Case,2025-10-20 01:00:00+00:00,0.622,71855,0.018003273322422242,-0.11165096555646215,0.6124285714285714,86155.57142857143
Revolution Case,2025-10-21 01:00:00+00:00,0.626,72139,0.006430868167202508,0.003952404147240962,0.6115714285714285,86259.0
Revolution Case,2025-10-22 01:00:00+00:00,0.58,118640,-0.07348242811501604,0.6446027807427328,0.6091428571428572,87058.42857142857
Revolution Case,2025-10-23 01:00:00+00:00,0.608,297470,0.048275862068965614,1.507333108563722,0.6101428571428571,116212.0
Revolution Case,2025-10-24 01:00:00+00:00,0.512,191915,-0.1578947368421052,-0.35484250512656734,0.5960000000000001,131386.2857142857
Revolution Case,2025-10-25 01:00:00+00:00,0.561,143295,0.095703125,-0.2533413229815282,0.5885714285714286,139457.14285714287
Revolution Case,2025-10-26 01:00:00+00:00,0.58,107433,0.03386809269162194,-0.25026693185386795,0.5841428571428572,143249.57142857142
Revolution Case,2025-10-27 01:00:00+00:00,0.565,79162,-0.025862068965517238,-0.2631500563141679,0.576,144293.42857142858
Revolution Case,2025-10-28 01:00:00+00:00,0.529,78415,-0.06371681415929187,-0.009436345721432038,0.562142857142857,145190.0
Revolution Case,2025-10-29 01:00:00+00:00,0.473,116752,-0.10586011342155022,0.48889880762609184,0.5468571428571429,144920.2857142857
Revolution Case,2025-10-30 01:00:00+00:00,0.489,114950,0.03382663847780121,-0.015434425106208072,0.5298571428571429,118846.0
Revolution Case,2025-10-31 01:00:00+00:00,0.526,109281,0.0756646216768917,-0.04931709438886467,0.5318571428571428,107041.14285714286
Revolution Case,2025-11-01 01:00:00+00:00,0.551,115909,0.04752851711026618,0.060650982329956804,0.5304285714285715,103128.85714285714
Revolution Case,2025-11-02 01:00:00+00:00,0.583,115759,0.05807622504537191,-0.001294118662053867,0.5308571428571429,104318.28571428571
Revolution Case,2025-11-03 01:00:00+00:00,0.594,95895,0.018867924528301883,-0.17159788871707604,0.535,106708.71428571429
Revolution Case,2025-11-04 01:00:00+00:00,0.591,80359,-0.005050505050505083,-0.16201053235309448,0.5438571428571428,106986.42857142857
Revolution Case,2025-11-05 01:00:00+00:00,0.551,112281,-0.06768189509306244,0.3972423748428926,0.5549999999999999,106347.71428571429
Revolution Case,2025-11-06 01:00:00+00:00,0.552,100330,0.001814882032667775,-0.10643831102323631,0.564,104259.14285714286
Revolution Case,2025-11-07 01:00:00+00:00,0.568,100594,0.02898550724637672,0.0026313166550384626,0.5700000000000001,103018.14285714286
Revolution Case,2025-11-08 01:00:00+00:00,0.556,89423,-0.021126760563380143,-0.11105036085651232,0.5707142857142857,99234.42857142857
Revolution Case,2025-11-09 01:00:00+00:00,0.543,85227,-0.023381294964028743,-0.04692305111660311,0.5650000000000001,94872.71428571429
Revolution Case,2025-11-10 01:00:00+00:00,0.532,73355,-0.0202578268876612,-0.1392985790887864,0.5561428571428572,91652.71428571429
Revolution Case,2025-11-11 01:00:00+00:00,0.525,66276,-0.013157894736842146,-0.09650330584145594,0.5467142857142858,89640.85714285714
Revolution Case,2025-11-12 01:00:00+00:00,0.491,107957,-0.0647619047619048,0.6289003560866679,0.5381428571428571,89023.14285714286
Revolution Case,2025-11-13 01:00:00+00:00,0.452,121210,-0.07942973523421581,0.12276184036236648,0.5238571428571429,92006.0
Revolution Case,2025-11-14 01:00:00+00:00,0.464,94848,0.026548672566371723,-0.21749030608035635,0.509,91185.14285714286
Revolution Case,2025-11-15 01:00:00+00:00,0.468,87301,0.008620689655172376,-0.07956941632928471,0.49642857142857144,90882.0
Revolution Case,2025-11-16 01:00:00+00:00,0.464,82009,-0.008547008547008517,-0.06061786233834665,0.4851428571428572,90422.28571428571
Revolution Case,2025-11-17 01:00:00+00:00,0.458,67205,-0.012931034482758674,-0.1805167725493544,0.4745714285714286,89543.71428571429
Revolution Case,2025-11-18 01:00:00+00:00,0.452,61567,-0.013100436681222738,-0.08389256751729779,0.46414285714285713,88871.0
Revolution Case,2025-11-19 01:00:00+00:00,0.436,110895,-0.03539823008849563,0.8012084395861419,0.4562857142857143,89290.71428571429
Revolution Case,2025-11-20 01:00:00+00:00,0.455,86260,0.04357798165137616,-0.22214707606294237,0.45671428571428574,84297.85714285714
Revolution Case,2025-11-21 01:00:00+00:00,0.443,82277,-0.02637362637362639,-0.04617435659633662,0.45371428571428574,82502.0
Revolution Case,2025-11-22 01:00:00+00:00,0.416,84723,-0.060948081264108445,0.029728842811478362,0.4462857142857143,82133.71428571429
Revolution Case,2025-11-23 01:00:00+00:00,0.412,81346,-0.009615384615384581,-0.03985930620964795,0.4388571428571429,82039.0
Revolution Case,2025-11-24 01:00:00+00:00,0.403,66197,-0.021844660194174637,-0.1862291938140781,0.431,81895.0
Revolution Case,2025-11-25 01:00:00+00:00,0.403,69510,0.0,0.05004758523800179,0.424,83029.71428571429
Revolution Case,2025-11-26 01:00:00+00:00,0.391,103679,-0.02977667493796532,0.49156955833692995,0.4175714285714286,81998.85714285714
Revolution Case,2025-11-27 01:00:00+00:00,0.384,88607,-0.01790281329923271,-0.1453717724900896,0.4074285714285714,82334.14285714286
Revolution Case,2025-11-28 01:00:00+00:00,0.392,90134,0.02083333333333326,0.01723340142426677,0.4001428571428571,83456.57142857143
Revolution Case,2025-11-29 01:00:00+00:00,0.403,92396,0.028061224489795977,0.025095968225087084,0.39828571428571424,84552.71428571429
Revolution Case,2025-11-30 01:00:00+00:00,0.407,81777,0.009925558312654958,-0.1149292177150526,0.3975714285714286,84614.28571428571
Revolution Case,2025-12-01 01:00:00+00:00,0.413,72921,0.014742014742014753,-0.10829450823581199,0.399,85574.85714285714
Revolution Case,2025-12-02 01:00:00+00:00,0.412,64724,-0.002421307506053294,-0.11240931967471646,0.4002857142857143,84891.14285714286
Revolution Case,2025-12-03 01:00:00+00:00,0.41,108119,-0.004854368932038833,0.670462270564242,0.40299999999999997,85525.42857142857
Revolution Case,2025-12-04 01:00:00+00:00,0.413,89758,0.007317073170731714,-0.16982214041935273,0.40714285714285714,85689.85714285714
Revolution Case,2025-12-05 01:00:00+00:00,0.418,86150,0.012106537530266248,-0.0401969740858753,0.41085714285714287,85120.71428571429
Revolution Case,2025-12-06 01:00:00+00:00,0.423,92262,0.011961722488038395,0.07094602437608821,0.4137142857142857,85101.57142857143
Revolution Case,2025-12-07 01:00:00+00:00,0.416,79860,-0.01654846335697402,-0.13442153866163753,0.415,84827.71428571429
Revolution Case,2025-12-08 01:00:00+00:00,0.422,70800,0.014423076923076872,-0.11344853493613827,0.41628571428571426,84524.71428571429
Revolution Case,2025-12-09 01:00:00+00:00,0.434,70383,0.028436018957346043,-0.0058898305084745806,0.41942857142857143,85333.14285714286
Revolution Case,2025-12-10 01:00:00+00:00,0.406,100196,-0.06451612903225801,0.42358239915888785,0.4188571428571429,84201.28571428571
Revolution Case,2025-12-11 01:00:00+00:00,0.399,82463,-0.017241379310344862,-0.17698311309832726,0.4168571428571428,83159.14285714286
Revolution Case,2025-12-12 01:00:00+00:00,0.404,83860,0.012531328320801949,0.016940931084243882,0.4148571428571429,82832.0
Revolution Case,2025-12-13 01:00:00+00:00,0.404,86814,0.0,0.03522537562604344,0.4121428571428572,82053.71428571429
Revolution Case,2025-12-14 01:00:00+00:00,0.399,82079,-0.012376237623762387,-0.0545418941645357,0.40971428571428575,82370.71428571429
Revolution Case,2025-12-15 01:00:00+00:00,0.401,73761,0.005012531328320913,-0.10134139061148406,0.4067142857142857,82793.71428571429
Revolution Case,2025-12-16 01:00:00+00:00,0.397,74337,-0.009975062344139696,0.007809004758612348,0.4014285714285714,83358.57142857143
Revolution Case,2025-12-17 01:00:00+00:00,0.379,113152,-0.04534005037783384,0.5221491316571829,0.39757142857142863,85209.42857142857
Revolution Case,2025-12-18 01:00:00+00:00,0.372,104750,-0.01846965699208447,-0.07425410067873306,0.39371428571428574,88393.28571428571
Revolution Case,2025-12-19 01:00:00+00:00,0.384,129628,0.032258064516129004,0.2374988066825776,0.39085714285714285,94931.57142857143
Revolution Case,2025-12-20 01:00:00+00:00,0.388,107370,0.01041666666666674,-0.17170673002746317,0.3885714285714286,97868.14285714286
Revolution Case,2025-12-21 01:00:00+00:00,0.385,95681,-0.0077319587628865705,-0.10886653627642728,0.38657142857142857,99811.28571428571
Revolution Case,2025-12-22 01:00:00+00:00,0.38,88813,-0.012987012987012991,-0.07178018624387283,0.38357142857142856,101961.57142857143
Revolution Case,2025-12-23 01:00:00+00:00,0.403,116915,0.06052631578947376,0.3164176415614832,0.3844285714285714,108044.14285714286
Revolution Case,2025-12-24 01:00:00+00:00,0.407,109005,0.009925558312654958,-0.06765598939400419,0.3884285714285714,107451.71428571429
Revolution Case,2025-12-25 01:00:00+00:00,0.41,113267,0.0073710073710073765,0.03909912389339931,0.39385714285714285,108668.42857142857
Revolution Case,2025-12-26 01:00:00+00:00,0.415,105287,0.012195121951219523,-0.07045300043260616,0.3982857142857143,105191.14285714286
Revolution Case,2025-12-27 01:00:00+00:00,0.413,95542,-0.004819277108433773,-0.09255653594460855,0.4018571428571428,103501.42857142857
Revolution Case,2025-12-28 01:00:00+00:00,0.416,93113,0.007263922518159882,-0.025423374013522904,0.40628571428571425,103134.57142857143
Revolution Case,2025-12-29 01:00:00+00:00,0.42,81300,0.009615384615384581,-0.12686735471953436,0.412,102061.28571428571
Revolution Case,2025-12-30 01:00:00+00:00,0.425,91158,0.011904761904761862,0.12125461254612535,0.41514285714285715,98381.71428571429
Revolution Case,2025-12-31 01:00:00+00:00,0.415,111975,-0.02352941176470591,0.22836174554070943,0.4162857142857143,98806.0
Revolution Case,2026-01-01 01:00:00+00:00,0.419,107413,0.009638554216867545,-0.040741236883232834,0.4175714285714286,97969.71428571429
Revolution Case,2026-01-02 01:00:00+00:00,0.416,103421,-0.007159904534606243,-0.03716496141062997,0.4177142857142857,97703.14285714286
Revolution Case,2026-01-03 01:00:00+00:00,0.409,88500,-0.016826923076923128,-0.14427437367652607,0.41714285714285715,96697.14285714286
Revolution Case,2026-01-04 01:00:00+00:00,0.409,85894,0.0,-0.02944632768361577,0.4161428571428571,95665.85714285714
Revolution Case,2026-01-05 01:00:00+00:00,0.411,82522,0.004889975550122161,-0.03925768971057353,0.41485714285714287,95840.42857142857
Revolution Case,2026-01-06 01:00:00+00:00,0.424,80436,0.031630170316301776,-0.025278107656140136,0.41471428571428565,94308.71428571429
Revolution Case,2026-01-07 01:00:00+00:00,0.409,97565,-0.03537735849056611,0.21295191207916853,0.4138571428571428,92250.14285714286
Revolution Case,2026-01-08 01:00:00+00:00,0.409,87229,0.0,-0.10593962999026285,0.41242857142857137,89366.71428571429
Revolution Case,2026-01-09 01:00:00+00:00,0.416,95701,0.017114914425427896,0.09712366300198338,0.41242857142857137,88263.85714285714
Revolution Case,2026-01-10 01:00:00+00:00,0.422,93284,0.014423076923076872,-0.025255744454080964,0.41428571428571426,88947.28571428571
Revolution Case,2026-01-11 01:00:00+00:00,0.423,84826,0.0023696682464455776,-0.09066935380129493,0.4162857142857143,88794.71428571429
Revolution Case,2026-01-12 01:00:00+00:00,0.426,71587,0.007092198581560183,-0.1560724306226864,0.4184285714285714,87232.57142857143
Revolution Case,2026-01-13 01:00:00+00:00,0.428,78174,0.0046948356807512415,0.0920139131406541,0.419,86909.42857142857
Revolution Case,2026-01-14 01:00:00+00:00,0.415,103580,-0.030373831775700966,0.3249929644127203,0.4198571428571428,87768.71428571429
Revolution Case,2026-01-15 01:00:00+00:00,0.413,89361,-0.004819277108433773,-0.13727553581772545,0.42042857142857143,88073.28571428571
Revolution Case,2026-01-16 01:00:00+00:00,0.423,98755,0.02421307506053272,0.10512415930887076,0.42142857142857143,88509.57142857143
Revolution Case,2026-01-17 01:00:00+00:00,0.417,99528,-0.014184397163120588,0.007827451774593763,0.4207142857142857,89401.57142857143
Revolution Case,2026-01-18 01:00:00+00:00,0.42,98107,0.007194244604316502,-0.014277389277389307,0.42028571428571426,91298.85714285714
Revolution Case,2026-01-19 01:00:00+00:00,0.425,82287,0.011904761904761862,-0.16125251001457597,0.4201428571428571,92827.42857142857
Revolution Case,2026-01-20 01:00:00+00:00,0.424,77035,-0.0023529411764705577,-0.06382539161714484,0.4195714285714286,92664.71428571429
Revolution Case,2026-01-21 01:00:00+00:00,0.408,97768,-0.037735849056603765,0.269137405075615,0.4185714285714286,91834.42857142857
Revolution Case,2026-01-22 01:00:00+00:00,0.385,106497,-0.056372549019607754,0.08928279191555522,0.41457142857142854,94282.42857142857
Revolution Case,2026-01-23 01:00:00+00:00,0.389,101671,0.010389610389610393,-0.045315830492877684,0.4097142857142857,94699.0
Revolution Case,2026-01-24 01:00:00+00:00,0.393,103556,0.010282776349614497,0.01854019336880719,0.40628571428571425,95274.42857142857
Revolution Case,2026-01-25 01:00:00+00:00,0.395,93340,0.0050890585241729624,-0.09865193711614972,0.4027142857142857,94593.42857142857
Revolution Case,2026-01-26 01:00:00+00:00,0.394,81032,-0.0025316455696202667,-0.1318620098564388,0.3982857142857143,94414.14285714286
Revolution Case,2026-01-27 01:00:00+00:00,0.392,82823,-0.005076142131979711,0.022102379306940367,0.3937142857142857,95241.0
Revolution Case,2026-01-28 01:00:00+00:00,0.376,109274,-0.04081632653061229,0.31936780845900303,0.3891428571428572,96884.71428571429
Revolution Case,2026-01-29 01:00:00+00:00,0.37,97765,-0.015957446808510634,-0.10532240057104159,0.387,95637.28571428571
Revolution Case,2026-01-30 01:00:00+00:00,0.375,98069,0.013513513513513598,0.0031094972638470164,0.38499999999999995,95122.71428571429
Revolution Case,2026-01-31 01:00:00+00:00,0.376,102453,0.002666666666666595,0.04470321916201847,0.38257142857142856,94965.14285714286
Revolution Case,2026-02-01 01:00:00+00:00,0.38,94079,0.010638297872340496,-0.08173503948151839,0.38042857142857145,95070.71428571429
Revolution Case,2026-02-02 01:00:00+00:00,0.382,76554,0.0052631578947368585,-0.18627961606734766,0.37871428571428567,94431.0
Revolution Case,2026-02-03 01:00:00+00:00,0.379,79533,-0.007853403141361293,0.03891370797084415,0.37685714285714284,93961.0
Revolution Case,2026-02-04 01:00:00+00:00,0.357,105103,-0.05804749340369397,0.32150176656230744,0.3741428571428571,93365.14285714286
Revolution Case,2026-02-05 01:00:00+00:00,0.35,90234,-0.019607843137254943,-0.14147074774269053,0.37128571428571433,92289.28571428571
Revolution Case,2026-02-06 01:00:00+00:00,0.356,99764,0.017142857142857126,0.10561429173038994,0.3685714285714286,92531.42857142857
Revolution Case,2026-02-07 01:00:00+00:00,0.358,99597,0.00561797752808979,-0.001673950523234824,0.366,92123.42857142857
Revolution Case,2026-02-08 01:00:00+00:00,0.358,90848,0.0,-0.08784401136580422,0.3628571428571429,91661.85714285714
Revolution Case,2026-02-09 01:00:00+00:00,0.353,76888,-0.013966480446927387,-0.1536632617118704,0.3587142857142857,91709.57142857143
Revolution Case,2026-02-10 01:00:00+00:00,0.354,83185,0.0028328611898016387,0.08189834564561438,0.3551428571428571,92231.28571428571
Revolution Case,2026-02-11 01:00:00+00:00,0.339,111494,-0.04237288135593209,0.34031375849011236,0.3525714285714286,93144.28571428571
Revolution Case,2026-02-12 01:00:00+00:00,0.34,102323,0.002949852507374562,-0.08225554738371577,0.3511428571428571,94871.28571428571
Revolution Case,2026-02-13 01:00:00+00:00,0.344,104410,0.011764705882352677,0.020396196358589913,0.34942857142857137,95535.0
Revolution Case,2026-02-14 01:00:00+00:00,0.349,103553,0.014534883720930258,-0.008208026051144568,0.34814285714285714,96100.14285714286
Revolution Case,2026-02-15 01:00:00+00:00,0.352,93814,0.008595988538681931,-0.09404845827740382,0.34728571428571425,96523.85714285714
Revolution Case,2026-02-16 01:00:00+00:00,0.363,94767,0.03125,0.010158398533268054,0.3487142857142857,99078.0
Revolution Case,2026-02-17 01:00:00+00:00,0.361,81033,-0.005509641873278293,-0.1449238659026877,0.3497142857142857,98770.57142857143
Revolution Case,2026-02-18 01:00:00+00:00,0.343,113451,-0.0498614958448752,0.40005923512643005,0.35028571428571426,99050.14285714286
Revolution Case,2026-02-19 01:00:00+00:00,0.335,111833,-0.023323615160349864,-0.014261663625706245,0.3495714285714286,100408.71428571429
Revolution Case,2026-02-20 01:00:00+00:00,0.343,110157,0.023880597014925398,-0.014986631852851984,0.34942857142857137,101229.71428571429
Revolution Case,2026-02-21 01:00:00+00:00,0.348,122681,0.014577259475218485,0.11369227557032247,0.34928571428571425,103962.28571428571
Revolution Case,2026-02-22 01:00:00+00:00,0.353,114344,0.014367816091954033,-0.06795673331648744,0.3494285714285715,106895.14285714286
Revolution Case,2026-02-23 01:00:00+00:00,0.351,95527,-0.005665722379603388,-0.16456482194081024,0.34771428571428575,107003.71428571429
Revolution Case,2026-02-24 01:00:00+00:00,0.355,91290,0.01139601139601143,-0.04435395228574124,0.34685714285714286,108469.0
Revolution Case,2026-02-25 01:00:00+00:00,0.34,119808,-0.042253521126760396,0.31238908971409796,0.3464285714285714,109377.14285714286
Revolution Case,2026-02-26 01:00:00+00:00,0.338,105262,-0.00588235294117645,-0.12141092414529919,0.34685714285714286,108438.42857142857
Revolution Case,2026-02-27 01:00:00+00:00,0.345,114045,0.020710059171597406,0.08343941783359621,0.34714285714285714,108993.85714285714
Revolution Case,2026-02-28 01:00:00+00:00,0.351,123399,0.01739130434782621,0.08202025516243583,0.3475714285714286,109096.42857142857
Revolution Case,2026-03-01 01:00:00+00:00,0.355,109132,0.01139601139601143,-0.11561682023355135,0.34785714285714286,108351.85714285714
Revolution Case,2026-03-02 01:00:00+00:00,0.353,86918,-0.005633802816901401,-0.2035516622072353,0.34814285714285714,107122.0
Revolution Case,2026-03-03 01:00:00+00:00,0.355,87955,0.0056657223796034994,0.011930785337904704,0.34814285714285714,106645.57142857143
Revolution Case,2026-03-04 01:00:00+00:00,0.343,114133,-0.033802816901408295,0.297629469615144,0.3485714285714286,105834.85714285714
Revolution Case,2026-03-05 01:00:00+00:00,0.351,115198,0.023323615160349753,0.009331218841176492,0.3504285714285714,107254.28571428571
Revolution Case,2026-03-06 01:00:00+00:00,0.354,123628,0.008547008547008517,0.07317835379086435,0.3517142857142857,108623.28571428571
Revolution Case,2026-03-07 01:00:00+00:00,0.356,126960,0.005649717514124353,0.02695182321157019,0.35242857142857137,109132.0
Revolution Case,2026-03-08 01:00:00+00:00,0.357,112648,0.002808988764045006,-0.11272841839949588,0.3527142857142857,109634.28571428571
Revolution Case,2026-03-09 01:00:00+00:00,0.356,98635,-0.0028011204481792618,-0.12439634969107305,0.35314285714285715,111308.14285714286
Revolution Case,2026-03-10 01:00:00+00:00,0.356,88829,0.0,-0.09941704263192574,0.35328571428571426,111433.0
Revolution Case,2026-03-11 01:00:00+00:00,0.349,130263,-0.0196629213483146,0.46644676851028377,0.35414285714285715,113737.28571428571
Revolution Case,2026-03-12 01:00:00+00:00,0.366,197330,0.04871060171919783,0.5148584018485678,0.35628571428571426,125470.42857142857
Revolution Case,2026-03-13 01:00:00+00:00,0.387,204112,0.05737704918032782,0.034368823797699344,0.36100000000000004,136968.14285714287
Revolution Case,2026-03-14 01:00:00+00:00,0.421,208883,0.08785529715762275,0.023374421886023455,0.3702857142857143,148671.42857142858
Revolution Case,2026-03-15 01:00:00+00:00,0.454,186676,0.07838479809976251,-0.10631310350770529,0.3841428571428572,159246.85714285713
Revolution Case,2026-03-16 01:00:00+00:00,0.464,134770,0.022026431718061623,-0.2780539544451349,0.3995714285714286,164409.0
Revolution Case,2026-03-17 01:00:00+00:00,0.479,127072,0.03232758620689635,-0.05711953698894412,0.41714285714285715,169872.2857142857
Revolution Case,2026-03-18 01:00:00+00:00,0.45,163692,-0.06054279749478075,0.2881830773105012,0.43157142857142855,174647.85714285713
Revolution Case,2026-03-19 01:00:00+00:00,0.443,149716,-0.015555555555555545,-0.08537985973657847,0.4425714285714286,167845.85714285713
Revolution Case,2026-03-20 01:00:00+00:00,0.421,161852,-0.04966139954853277,0.08106014053274202,0.44742857142857145,161808.7142857143
Revolution Case,2026-03-21 01:00:00+00:00,0.438,153412,0.04038004750593838,-0.05214640535798132,0.44985714285714284,153884.2857142857
Revolution Case,2026-03-22 01:00:00+00:00,0.446,146816,0.0182648401826484,-0.04299533282924417,0.44871428571428573,148190.0
Revolution Case,2026-03-23 01:00:00+00:00,0.449,118970,0.006726457399103047,-0.18966597646033134,0.44657142857142856,145932.85714285713
Revolution Case,2026-03-24 01:00:00+00:00,0.441,116026,-0.017817371937639215,-0.024745734218710624,0.44114285714285717,144354.85714285713
Revolution Case,2026-03-25 01:00:00+00:00,0.425,172665,-0.03628117913832207,0.48815782669401675,0.4375714285714286,145636.7142857143
Revolution Case,2026-03-26 01:00:00+00:00,0.424,147065,-0.0023529411764705577,-0.1482639793820404,0.4348571428571429,145258.0
Revolution Case,2026-03-27 01:00:00+00:00,0.451,158886,0.06367924528301883,0.0803794240641893,0.43914285714285717,144834.2857142857
Revolution Case,2026-03-28 01:00:00+00:00,0.476,163919,0.055432372505543226,0.03167679971803694,0.44457142857142856,146335.2857142857
Revolution Case,2026-03-29 01:00:00+00:00,0.504,154536,0.05882352941176472,-0.05724168644269423,0.45285714285714285,147438.14285714287
Revolution Case,2026-03-30 01:00:00+00:00,0.507,116448,0.005952380952380931,-0.24646684267743435,0.46114285714285713,147077.85714285713
Revolution Case,2026-03-31 01:00:00+00:00,0.505,114766,-0.0039447731755424265,-0.014444215443803254,0.47028571428571425,146897.85714285713
Revolution Case,2026-04-01 01:00:00+00:00,0.489,161980,-0.03168316831683171,0.41139361831901433,0.4794285714285714,145371.42857142858
Revolution Case,2026-04-02 01:00:00+00:00,0.494,146798,0.010224948875255713,-0.09372762069391283,0.4894285714285714,145333.2857142857
Revolution Case,2026-04-03 01:00:00+00:00,0.504,145645,0.020242914979757165,-0.007854330440469237,0.49699999999999994,143441.7142857143
Revolution Case,2026-04-04 01:00:00+00:00,0.512,162773,0.015873015873015817,0.11760101616945318,0.5021428571428571,143278.0
Revolution Case,2026-04-05 01:00:00+00:00,0.534,146534,0.04296875,-0.09976470299128237,0.5064285714285715,142134.85714285713
Revolution Case,2026-04-06 01:00:00+00:00,0.529,123738,-0.009363295880149836,-0.15556799104644659,0.5095714285714286,143176.2857142857
Revolution Case,2026-04-07 01:00:00+00:00,0.53,119923,0.001890359168241984,-0.030831272527437004,0.5131428571428572,143913.0
Revolution Case,2026-04-08 01:00:00+00:00,0.51,163721,-0.037735849056603765,0.3652176813455301,0.5161428571428571,144161.7142857143
Revolution Case,2026-04-09 01:00:00+00:00,0.514,145465,0.007843137254901933,-0.11150677066472836,0.519,143971.2857142857
Revolution Case,2026-04-10 01:00:00+00:00,0.518,158591,0.0077821011673151474,0.0902347643763104,0.521,145820.7142857143
Revolution Case,2026-04-11 01:00:00+00:00,0.534,157103,0.030888030888030826,-0.009382625747993312,0.5241428571428572,145010.7142857143
Revolution Case,2026-04-12 01:00:00+00:00,0.541,92767,0.013108614232209659,-0.4095147769297849,0.5251428571428571,137329.7142857143
Revolution Case,2026-04-12 18:00:00+00:00,0.54,7019,-0.001848428835489857,-0.9243373182273869,0.5267142857142858,120655.57142857143
Revolution Case,2026-04-12 19:00:00+00:00,0.539,7484,-0.0018518518518518823,0.06624875338367286,0.5279999999999999,104592.85714285714
Revolution Case,2026-04-12 20:00:00+00:00,0.566,20699,0.05009276437847854,1.765766969535008,0.536,84161.14285714286
Revolution Case,2026-04-12 21:00:00+00:00,0.574,14377,0.014134275618374659,-0.30542538286873766,0.5445714285714286,65434.28571428572
Revolution Case,2026-04-12 22:00:00+00:00,0.582,12725,0.013937282229965264,-0.11490575224316613,0.5537142857142857,44596.28571428572
Revolution Case,2026-04-12 23:00:00+00:00,0.584,13891,0.0034364261168384758,0.09163064833005885,0.5608571428571428,24137.428571428572
Revolution Case,2026-04-13 00:00:00+00:00,0.589,6221,0.008561643835616417,-0.5521560722770139,0.5677142857142857,11773.714285714286
Revolution Case,2026-04-13 01:00:00+00:00,0.58,4430,-0.015280135823429575,-0.2878958366822054,0.5734285714285713,11403.857142857143
Revolution Case,2026-04-13 02:00:00+00:00,0.586,4294,0.010344827586206806,-0.03069977426636572,0.5801428571428572,10948.142857142857
Revolution Case,2026-04-13 03:00:00+00:00,0.583,3582,-0.005119453924914641,-0.16581276199347927,0.5825714285714285,8502.857142857143
Revolution Case,2026-04-13 04:00:00+00:00,0.586,3934,0.005145797598627766,0.09826912339475147,0.5842857142857143,7011.0
Revolution Case,2026-04-13 05:00:00+00:00,0.58,3361,-0.010238907849829393,-0.1456532791052364,0.584,5673.285714285715
Revolution Case,2026-04-13 06:00:00+00:00,0.58,3281,0.0,-0.023802439750074345,0.5834285714285714,4157.571428571428
Revolution Case,2026-04-13 07:00:00+00:00,0.588,3956,0.01379310344827589,0.20572996037793345,0.5832857142857143,3834.0
Revolution Case,2026-04-13 08:00:00+00:00,0.563,3438,-0.04251700680272108,-0.13094034378159758,0.5808571428571428,3692.285714285714
Revolution Case,2026-04-13 09:00:00+00:00,0.556,4020,-0.012433392539964339,0.16928446771378702,0.5765714285714285,3653.1428571428573
Revolution Case,2026-04-13 10:00:00+00:00,0.563,3626,0.012589928057553657,-0.09800995024875625,0.5737142857142857,3659.4285714285716
Revolution Case,2026-04-13 11:00:00+00:00,0.569,3824,0.010657193605683846,0.054605626034197385,0.5712857142857143,3643.714285714286
Revolution Case,2026-04-13 12:00:00+00:00,0.565,4172,-0.00702987697715296,0.09100418410041833,0.5691428571428571,3759.5714285714284
Revolution Case,2026-04-13 13:00:00+00:00,0.565,4469,0.0,0.07118887823585807,0.567,3929.285714285714
Revolution Case,2026-04-13 14:00:00+00:00,0.563,5116,-0.0035398230088495852,0.1447751174759453,0.5634285714285714,4095.0
Revolution Case,2026-04-13 15:00:00+00:00,0.566,6239,0.005328596802842034,0.21950742767787323,0.5638571428571428,4495.142857142857
Revolution Case,2026-04-13 16:00:00+00:00,0.563,5737,-0.005300353356890497,-0.08046161243789074,0.5648571428571428,4740.428571428572
Revolution Case,2026-04-13 17:00:00+00:00,0.57,6048,0.01243339253996445,0.054209517169252264,0.5658571428571427,5086.428571428572
Revolution Case,2026-04-13 18:00:00+00:00,0.575,6414,0.00877192982456143,0.06051587301587302,0.5667142857142856,5456.428571428572
Revolution Case,2026-04-13 19:00:00+00:00,0.575,7142,0.0,0.11350171499844097,0.5681428571428571,5880.714285714285
Revolution Case,2026-04-13 20:00:00+00:00,0.58,6915,0.008695652173912993,-0.03178381405768693,0.5702857142857142,6230.142857142857
Revolution Case,2026-04-13 21:00:00+00:00,0.583,5772,0.005172413793103514,-0.16529284164859004,0.5731428571428571,6323.857142857143
Revolution Case,2026-04-13 22:00:00+00:00,0.585,5537,0.0034305317324185847,-0.040713790713790665,0.5758571428571428,6223.571428571428
Revolution Case,2026-04-13 23:00:00+00:00,0.59,4274,0.008547008547008517,-0.22810186021311174,0.5797142857142857,6014.571428571428
Revolution Case,2026-04-14 00:00:00+00:00,0.596,4072,0.01016949152542379,-0.0472625175479644,0.5834285714285714,5732.285714285715
Revolution Case,2026-04-14 01:00:00+00:00,0.59,4566,-0.010067114093959773,0.1213163064833005,0.5855714285714286,5468.285714285715
Revolution Case,2026-04-14 02:00:00+00:00,0.592,4113,0.003389830508474523,-0.09921156373193163,0.588,5035.571428571428
Revolution Case,2026-04-14 03:00:00+00:00,0.59,3677,-0.0033783783783783994,-0.10600534889375157,0.5894285714285713,4573.0
Revolution Case,2026-04-14 04:00:00+00:00,0.6,3673,0.016949152542372836,-0.0010878433505575602,0.5918571428571429,4273.142857142857
Revolution Case,2026-04-14 05:00:00+00:00,0.59,2697,-0.01666666666666672,-0.2657228423631909,0.5925714285714285,3867.4285714285716
Revolution Case,2026-04-14 06:00:00+00:00,0.592,3163,0.003389830508474523,0.17278457545420833,0.5928571428571427,3708.714285714286
Revolution Case,2026-04-14 07:00:00+00:00,0.596,2709,0.006756756756756799,-0.14353461903256404,0.5928571428571427,3514.0
Revolution Case,2026-04-14 08:00:00+00:00,0.57,3429,-0.043624161073825496,0.26578073089700993,0.59,3351.5714285714284
Revolution Case,2026-04-14 09:00:00+00:00,0.57,3267,0.0,-0.047244094488189003,0.5868571428571429,3230.714285714286
Revolution Case,2026-04-14 10:00:00+00:00,0.57,3495,0.0,0.0697887970615243,0.584,3204.714285714286
Revolution Case,2026-04-14 11:00:00+00:00,0.574,4035,0.007017543859649145,0.15450643776824036,0.5802857142857142,3256.4285714285716
Revolution Case,2026-04-14 12:00:00+00:00,0.573,4320,-0.0017421602787456303,0.07063197026022294,0.5778571428571428,3488.285714285714
Revolution Case,2026-04-14 13:00:00+00:00,0.573,3886,0.0,-0.10046296296296298,0.5751428571428571,3591.5714285714284
Revolution Case,2026-04-14 14:00:00+00:00,0.58,4994,0.01221640488656206,0.2851260936695832,0.5728571428571428,3918.0
Revolution Case,2026-04-14 15:00:00+00:00,0.578,5332,-0.0034482758620689724,0.06768121746095312,0.574,4189.857142857143
Revolution Case,2026-04-14 16:00:00+00:00,0.58,5336,0.0034602076124568004,0.0007501875468867159,0.5754285714285714,4485.428571428572
Revolution Case,2026-04-14 17:00:00+00:00,0.578,5588,-0.0034482758620689724,0.04722638680659674,0.5765714285714285,4784.428571428572
Revolution Case,2026-04-14 18:00:00+00:00,0.575,5749,-0.00519031141868509,0.02881173944166071,0.5767142857142857,5029.285714285715
Revolution Case,2026-04-14 19:00:00+00:00,0.578,6024,0.00521739130434784,0.0478344059836493,0.5774285714285714,5272.714285714285
Revolution Case,2026-04-14 20:00:00+00:00,0.59,6221,0.02076124567474058,0.03270252324037193,0.5798571428571428,5606.285714285715
Revolution Case,2026-04-14 21:00:00+00:00,0.59,5093,0.0,-0.18132133097572734,0.5812857142857143,5620.428571428572
Revolution Case,2026-04-14 22:00:00+00:00,0.598,5337,0.013559322033898313,0.04790889456116232,0.5841428571428571,5621.142857142857
Revolution Case,2026-04-14 23:00:00+00:00,0.598,4153,0.0,-0.2218474798575979,0.5867142857142857,5452.142857142857
Revolution Case,2026-04-15 00:00:00+00:00,0.6,4018,0.0033444816053511683,-0.032506621719239126,0.5898571428571427,5227.857142857143
Revolution Case,2026-04-15 01:00:00+00:00,0.602,4477,0.0033333333333334103,0.11423593827775003,0.5937142857142856,5046.142857142857
Revolution Case,2026-04-15 02:00:00+00:00,0.6,5404,-0.0033222591362126463,0.20705829796738895,0.5968571428571429,4957.571428571428
Revolution Case,2026-04-15 03:00:00+00:00,0.598,4995,-0.0033333333333332993,-0.0756846780162842,0.598,4782.428571428572
Revolution Case,2026-04-15 04:00:00+00:00,0.6,4828,0.0033444816053511683,-0.03343343343343341,0.5994285714285714,4744.571428571428
Revolution Case,2026-04-15 05:00:00+00:00,0.597,4260,-0.0050000000000000044,-0.11764705882352944,0.5992857142857143,4590.714285714285
Revolution Case,2026-04-15 06:00:00+00:00,0.589,3784,-0.01340033500837523,-0.11173708920187797,0.598,4538.0
Revolution Case,2026-04-15 07:00:00+00:00,0.578,3441,-0.018675721561969505,-0.09064482029598309,0.5948571428571429,4455.571428571428
Revolution Case,2026-04-15 08:00:00+00:00,0.575,4743,-0.00519031141868509,0.3783783783783783,0.591,4493.571428571428
Revolution Case,2026-04-15 09:00:00+00:00,0.57,4252,-0.008695652173913104,-0.10352097828378659,0.5867142857142856,4329.0
Revolution Case,2026-04-15 10:00:00+00:00,0.556,4676,-0.024561403508771784,0.09971777986829733,0.5807142857142856,4283.428571428572
Revolution Case,2026-04-15 11:00:00+00:00,0.555,4976,-0.0017985611510791255,0.06415739948674082,0.5742857142857142,4304.571428571428
Revolution Case,2026-04-15 12:00:00+00:00,0.551,5212,-0.007207207207207245,0.047427652733119,0.5677142857142857,4440.571428571428
Revolution Case,2026-04-15 13:00:00+00:00,0.55,5889,-0.001814882032667886,0.1298925556408288,0.5621428571428572,4741.285714285715
Revolution Case,2026-04-15 14:00:00+00:00,0.552,7902,0.0036363636363636598,0.3418237391747325,0.5584285714285715,5378.571428571428
Revolution Case,2026-04-15 15:00:00+00:00,0.552,8333,0.0,0.0545431536319918,0.5551428571428572,5891.428571428572
Revolution Case,2026-04-15 16:00:00+00:00,0.556,8537,0.007246376811594235,0.024480979239169587,0.5531428571428572,6503.571428571428
Revolution Case,2026-04-15 17:00:00+00:00,0.558,9242,0.003597122302158251,0.08258170317441715,0.5534285714285715,7155.857142857143
Revolution Case,2026-04-15 18:00:00+00:00,0.554,9298,-0.007168458781361964,0.006059294524994652,0.5532857142857143,7773.285714285715
Revolution Case,2026-04-15 19:00:00+00:00,0.552,9608,-0.0036101083032491488,0.033340503334050364,0.5534285714285715,8401.285714285714
Revolution Case,2026-04-15 20:00:00+00:00,0.561,9266,0.016304347826086918,-0.035595337218984224,0.555,8883.714285714286
Revolution Case,2026-04-15 21:00:00+00:00,0.561,8193,0.0,-0.115799697819987,0.5562857142857143,8925.285714285714
Revolution Case,2026-04-15 22:00:00+00:00,0.566,7296,0.008912655971479388,-0.10948370560234344,0.5582857142857144,8777.142857142857
Revolution Case,2026-04-15 23:00:00+00:00,0.57,5917,0.007067137809187329,-0.18900767543859653,0.5602857142857143,8402.857142857143
Revolution Case,2026-04-16 00:00:00+00:00,0.58,5335,0.01754385964912286,-0.09836065573770492,0.5634285714285714,7844.714285714285
Revolution Case,2026-04-16 01:00:00+00:00,0.587,5834,0.012068965517241459,0.09353327085285845,0.5681428571428572,7349.857142857143
Revolution Case,2026-04-16 02:00:00+00:00,0.58,4870,-0.011925042589437829,-0.1652382584847446,0.5721428571428572,6673.0
Revolution Case,2026-04-16 03:00:00+00:00,0.587,4073,0.012068965517241459,-0.16365503080082133,0.5758571428571428,5931.142857142857
Revolution Case,2026-04-16 04:00:00+00:00,0.59,3737,0.005110732538330609,-0.08249447581635161,0.58,5294.571428571428
Revolution Case,2026-04-16 05:00:00+00:00,0.59,3313,0.0,-0.1134599946481134,0.5834285714285714,4725.571428571428
Revolution Case,2026-04-16 06:00:00+00:00,0.59,3391,0.0,0.02354361605795341,0.5862857142857143,4364.714285714285
Revolution Case,2026-04-16 07:00:00+00:00,0.58,2695,-0.016949152542372947,-0.20524918902978473,0.5862857142857142,3987.5714285714284
Revolution Case,2026-04-16 08:00:00+00:00,0.57,3790,-0.017241379310344862,0.40630797773654925,0.5838571428571429,3695.5714285714284
Revolution Case,2026-04-16 09:00:00+00:00,0.561,4092,-0.015789473684210353,0.07968337730870712,0.5811428571428571,3584.4285714285716
Revolution Case,2026-04-16 10:00:00+00:00,0.55,4246,-0.019607843137254943,0.037634408602150504,0.575857142857143,3609.1428571428573
Revolution Case,2026-04-16 11:00:00+00:00,0.554,4984,0.0072727272727273196,0.17381064531323598,0.5707142857142857,3787.285714285714
Revolution Case,2026-04-16 12:00:00+00:00,0.552,4753,-0.0036101083032491488,-0.0463483146067416,0.5652857142857143,3993.0
Revolution Case,2026-04-16 13:00:00+00:00,0.55,5700,-0.0036231884057971175,0.1992425836313907,0.5595714285714286,4322.857142857143
Revolution Case,2026-04-16 14:00:00+00:00,0.554,5665,0.0072727272727273196,-0.0061403508771930015,0.5558571428571428,4747.142857142857
Revolution Case,2026-04-16 15:00:00+00:00,0.558,6850,0.0072202166064982976,0.20917917034421896,0.5541428571428572,5184.285714285715
Revolution Case,2026-04-16 16:00:00+00:00,0.559,6438,0.0017921146953405742,-0.06014598540145988,0.5538571428571429,5519.428571428572
Revolution Case,2026-04-16 17:00:00+00:00,0.562,7773,0.005366726296958779,0.2073625349487418,0.5555714285714286,6023.285714285715
Revolution Case,2026-04-16 18:00:00+00:00,0.566,8329,0.007117437722419684,0.07152965393027144,0.5572857142857143,6501.142857142857
Revolution Case,2026-04-16 19:00:00+00:00,0.554,7773,-0.021201413427561655,-0.06675471245047426,0.5575714285714286,6932.571428571428
Revolution Case,2026-04-16 20:00:00+00:00,0.566,7590,0.02166064981949445,-0.023543033577769212,0.5598571428571428,7202.571428571428
Revolution Case,2026-04-16 21:00:00+00:00,0.57,7242,0.007067137809187329,-0.04584980237154146,0.5621428571428572,7427.857142857143
Revolution Case,2026-04-16 22:00:00+00:00,0.577,6918,0.012280701754386003,-0.04473902236951122,0.5648571428571428,7437.571428571428
Revolution Case,2026-04-16 23:00:00+00:00,0.582,5486,0.008665511265164572,-0.20699624168834918,0.5681428571428572,7301.571428571428
Revolution Case,2026-04-17 00:00:00+00:00,0.589,5665,0.012027491408934665,0.03262850893182656,0.572,7000.428571428572
Revolution Case,2026-04-17 01:00:00+00:00,0.597,5073,0.013582342954159499,-0.10450132391879963,0.5764285714285714,6535.285714285715
Revolution Case,2026-04-17 02:00:00+00:00,0.595,5063,-0.00335008375209378,-0.0019712201852947198,0.5822857142857142,6148.142857142857
Revolution Case,2026-04-17 03:00:00+00:00,0.592,4226,-0.005042016806722671,-0.16531700572782937,0.5860000000000001,5667.571428571428
Revolution Case,2026-04-17 04:00:00+00:00,0.6,4565,0.013513513513513598,0.08021769995267403,0.5902857142857142,5285.142857142857
Revolution Case,2026-04-17 05:00:00+00:00,0.593,3117,-0.011666666666666714,-0.3171960569550931,0.5925714285714285,4742.142857142857
Revolution Case,2026-04-17 06:00:00+00:00,0.59,3529,-0.005059021922428353,0.13217837664420928,0.5937142857142856,4462.571428571428
Revolution Case,2026-04-17 07:00:00+00:00,0.59,3210,0.0,-0.09039387928591669,0.5938571428571429,4111.857142857143
Revolution Case,2026-04-17 08:00:00+00:00,0.565,3464,-0.0423728813559322,0.0791277258566978,0.5892857142857143,3882.0
Revolution Case,2026-04-17 09:00:00+00:00,0.563,3826,-0.0035398230088495852,0.1045034642032332,0.5847142857142857,3705.285714285714
Revolution Case,2026-04-17 10:00:00+00:00,0.573,5816,0.017761989342806483,0.5201254573967591,0.582,3932.4285714285716
Revolution Case,2026-04-17 11:00:00+00:00,0.57,4589,-0.005235602094240788,-0.21096973865199453,0.5777142857142856,3935.8571428571427
Revolution Case,2026-04-17 12:00:00+00:00,0.577,4740,0.012280701754386003,0.03290477228154276,0.5754285714285714,4167.714285714285
Revolution Case,2026-04-17 13:00:00+00:00,0.57,5607,-0.012131715771230511,0.18291139240506338,0.5725714285714286,4464.571428571428
Revolution Case,2026-04-17 14:00:00+00:00,0.57,5434,0.0,-0.030854289281255554,0.5697142857142856,4782.285714285715
Revolution Case,2026-04-17 15:00:00+00:00,0.57,6286,0.0,0.1567905778432095,0.5704285714285714,5185.428571428572
Revolution Case,2026-04-17 16:00:00+00:00,0.573,6653,0.0052631578947368585,0.05838370983137131,0.5718571428571427,5589.285714285715
Revolution Case,2026-04-17 17:00:00+00:00,0.577,7598,0.00698080279232105,0.14204118442807756,0.5724285714285714,5843.857142857143
Revolution Case,2026-04-17 18:00:00+00:00,0.577,8040,0.0,0.058173203474598534,0.5734285714285713,6336.857142857143
Revolution Case,2026-04-17 19:00:00+00:00,0.577,8193,0.0,0.01902985074626873,0.5734285714285713,6830.142857142857
Revolution Case,2026-04-17 20:00:00+00:00,0.57,7742,-0.012131715771230511,-0.055046991334065654,0.5734285714285713,7135.142857142857
Revolution Case,2026-04-17 21:00:00+00:00,0.582,7693,0.021052631578947434,-0.006329113924050667,0.5751428571428571,7457.857142857143
Revolution Case,2026-04-17 22:00:00+00:00,0.58,7693,-0.0034364261168384758,0.0,0.5765714285714285,7658.857142857143
Revolution Case,2026-04-17 23:00:00+00:00,0.59,6467,0.01724137931034475,-0.1593656570908618,0.579,7632.285714285715
Revolution Case,2026-04-18 00:00:00+00:00,0.592,5112,0.003389830508474523,-0.20952528220194833,0.5811428571428571,7277.142857142857
Revolution Case,2026-04-18 01:00:00+00:00,0.599,5323,0.011824324324324342,0.041275430359937415,0.5842857142857143,6889.0
Revolution Case,2026-04-18 02:00:00+00:00,0.599,5377,0.0,0.010144655269584746,0.5874285714285714,6486.714285714285
Revolution Case,2026-04-18 03:00:00+00:00,0.6,5320,0.0016694490818029983,-0.010600706713780883,0.5917142857142856,6140.714285714285
Revolution Case,2026-04-18 04:00:00+00:00,0.6,5205,0.0,-0.021616541353383423,0.5942857142857143,5785.285714285715
Revolution Case,2026-04-18 05:00:00+00:00,0.6,4540,0.0,-0.12776176753121993,0.5971428571428571,5334.857142857143
Revolution Case,2026-04-18 06:00:00+00:00,0.6,3822,0.0,-0.15814977973568278,0.5985714285714285,4957.0
Revolution Case,2026-04-18 07:00:00+00:00,0.6,4919,0.0,0.2870225013082155,0.5997142857142856,4929.428571428572
Revolution Case,2026-04-18 08:00:00+00:00,0.59,4680,-0.01666666666666672,-0.04858711120146375,0.5984285714285714,4837.571428571428
Revolution Case,2026-04-18 09:00:00+00:00,0.57,4621,-0.03389830508474578,-0.012606837606837562,0.5942857142857143,4729.571428571428
Revolution Case,2026-04-18 10:00:00+00:00,0.57,5244,0.0,0.13481930318112956,0.59,4718.714285714285
Revolution Case,2026-04-18 11:00:00+00:00,0.568,4337,-0.0035087719298245723,-0.1729595728451564,0.5854285714285714,4594.714285714285
Revolution Case,2026-04-18 12:00:00+00:00,0.57,4700,0.0035211267605634866,0.08369840903850578,0.5811428571428571,4617.571428571428
Revolution Case,2026-04-18 13:00:00+00:00,0.562,5056,-0.014035087719298067,0.07574468085106378,0.5757142857142856,4793.857142857143
Revolution Case,2026-04-18 14:00:00+00:00,0.568,5734,0.010676156583629748,0.1340981012658229,0.5711428571428571,4910.285714285715
Revolution Case,2026-04-18 15:00:00+00:00,0.567,5454,-0.0017605633802817433,-0.04883153121730033,0.5678571428571428,5020.857142857143
Revolution Case,2026-04-18 16:00:00+00:00,0.568,5517,0.0017636684303350414,0.011551155115511635,0.5675714285714285,5148.857142857143
Revolution Case,2026-04-18 17:00:00+00:00,0.57,5918,0.0035211267605634866,0.07268442994381008,0.5675714285714285,5245.142857142857
Revolution Case,2026-04-18 18:00:00+00:00,0.579,6677,0.015789473684210575,0.12825278810408913,0.5691428571428572,5579.428571428572
Revolution Case,2026-04-18 19:00:00+00:00,0.574,6264,-0.008635578583765069,-0.061854126104538,0.5697142857142856,5802.857142857143
Revolution Case,2026-04-18 20:00:00+00:00,0.588,7705,0.024390243902439046,0.23004469987228604,0.5734285714285713,6181.285714285715
Revolution Case,2026-04-18 21:00:00+00:00,0.59,7187,0.00340136054421758,-0.06722907203114858,0.5765714285714285,6388.857142857143
Revolution Case,2026-04-18 22:00:00+00:00,0.592,7021,0.003389830508474523,-0.02309725893975234,0.5801428571428572,6612.714285714285
Revolution Case,2026-04-18 23:00:00+00:00,0.59,5141,-0.0033783783783783994,-0.2677681241988321,0.5832857142857143,6559.0
Revolution Case,2026-04-19 00:00:00+00:00,0.59,4937,0.0,-0.039680995915191586,0.5861428571428571,6418.857142857143
Revolution Case,2026-04-19 01:00:00+00:00,0.59,4361,0.0,-0.11667004253595303,0.5877142857142857,6088.0
Revolution Case,2026-04-19 02:00:00+00:00,0.59,3991,0.0,-0.08484292593441867,0.59,5763.285714285715
Revolution Case,2026-04-19 03:00:00+00:00,0.598,4277,0.013559322033898313,0.07166123778501632,0.5914285714285714,5273.571428571428
Revolution Case,2026-04-19 04:00:00+00:00,0.599,4925,0.0016722408026756952,0.15150806640168346,0.5927142857142857,4950.428571428572
Revolution Case,2026-04-19 05:00:00+00:00,0.592,4544,-0.0116861435726211,-0.07736040609137051,0.5927142857142857,4596.571428571428
Revolution Case,2026-04-19 06:00:00+00:00,0.59,4445,-0.0033783783783783994,-0.02178697183098588,0.5927142857142857,4497.142857142857
Revolution Case,2026-04-19 07:00:00+00:00,0.59,3542,0.0,-0.20314960629921264,0.5927142857142857,4297.857142857143
Revolution Case,2026-04-19 08:00:00+00:00,0.571,4441,-0.03220338983050852,0.2538114059853189,0.59,4309.285714285715
Revolution Case,2026-04-19 09:00:00+00:00,0.568,3864,-0.005253940455341555,-0.129925692411619,0.5868571428571429,4291.142857142857
Revolution Case,2026-04-19 10:00:00+00:00,0.566,4285,-0.0035211267605633756,0.10895445134575565,0.5822857142857142,4292.285714285715
Revolution Case,2026-04-19 11:00:00+00:00,0.568,4865,0.0035335689045936647,0.1353558926487748,0.5778571428571428,4283.714285714285
Revolution Case,2026-04-19 12:00:00+00:00,0.568,5220,0.0,0.0729701952723536,0.5744285714285714,4380.285714285715
Revolution Case,2026-04-19 13:00:00+00:00,0.566,5841,-0.0035211267605633756,0.11896551724137927,0.571,4579.714285714285
Revolution Case,2026-04-19 14:00:00+00:00,0.557,6322,-0.015901060070671158,0.08234891285738732,0.5662857142857142,4976.857142857143
Revolution Case,2026-04-19 15:00:00+00:00,0.568,6051,0.019748653500897495,-0.04286618158810507,0.5658571428571428,5206.857142857143
Revolution Case,2026-04-19 16:00:00+00:00,0.567,5670,-0.0017605633802817433,-0.0629647992067427,0.5657142857142857,5464.857142857143
Revolution Case,2026-04-19 17:00:00+00:00,0.57,5858,0.005291005291005346,0.033156966490299755,0.5662857142857143,5689.571428571428
Revolution Case,2026-04-19 18:00:00+00:00,0.58,6510,0.01754385964912286,0.1113007852509389,0.568,5924.571428571428
Revolution Case,2026-04-19 19:00:00+00:00,0.58,7481,0.0,0.14915514592933943,0.5697142857142856,6247.571428571428
Revolution Case,2026-04-19 20:00:00+00:00,0.58,7785,0.0,0.04063627857238328,0.5717142857142857,6525.285714285715
Revolution Case,2026-04-19 21:00:00+00:00,0.58,6743,0.0,-0.13384714193962743,0.575,6585.428571428572
Revolution Case,2026-04-19 22:00:00+00:00,0.57,5474,-0.017241379310344862,-0.18819516535666614,0.5752857142857142,6503.0
Revolution Case,2026-04-19 23:00:00+00:00,0.58,4862,0.01754385964912286,-0.11180124223602483,0.5771428571428571,6387.571428571428
Revolution Case,2026-04-20 00:00:00+00:00,0.58,3822,0.0,-0.213903743315508,0.5785714285714285,6096.714285714285
Revolution Case,2026-04-20 01:00:00+00:00,0.58,4322,0.0,0.130821559392988,0.5785714285714285,5784.142857142857
Revolution Case,2026-04-20 02:00:00+00:00,0.585,3884,0.008620689655172376,-0.1013419713095789,0.5792857142857143,5270.285714285715
Revolution Case,2026-04-20 03:00:00+00:00,0.58,3254,-0.008547008547008517,-0.1622039134912462,0.5792857142857143,4623.0
Revolution Case,2026-04-20 04:00:00+00:00,0.58,3813,0.0,0.17178856791641062,0.5792857142857143,4204.428571428572
Revolution Case,2026-04-20 05:00:00+00:00,0.58,2591,0.0,-0.3204825596643063,0.5807142857142856,3792.5714285714284
Revolution Case,2026-04-20 06:00:00+00:00,0.57,2195,-0.017241379310344862,-0.1528367425704361,0.5792857142857143,3411.5714285714284
Revolution Case,2026-04-20 07:00:00+00:00,0.58,2581,0.01754385964912286,0.17585421412300684,0.5792857142857143,3234.285714285714
Revolution Case,2026-04-20 08:00:00+00:00,0.57,3564,-0.017241379310344862,0.38086013173188693,0.5778571428571428,3126.0
Revolution Case,2026-04-20 09:00:00+00:00,0.564,3287,-0.010526315789473717,-0.07772166105499434,0.5748571428571428,3040.714285714286
Revolution Case,2026-04-20 10:00:00+00:00,0.548,2809,-0.028368794326240954,-0.14542135686035895,0.5702857142857143,2977.1428571428573
Revolution Case,2026-04-20 11:00:00+00:00,0.552,3485,0.007299270072992803,0.2406550373798504,0.5662857142857142,2930.285714285714
Revolution Case,2026-04-20 12:00:00+00:00,0.561,3987,0.016304347826086918,0.14404591104734576,0.5635714285714285,3129.714285714286
Revolution Case,2026-04-20 13:00:00+00:00,0.556,3989,-0.0089126559714795,0.0005016302984699461,0.5615714285714286,3386.0
Revolution Case,2026-04-20 14:00:00+00:00,0.556,4264,0.0,0.06893958385560284,0.5581428571428572,3626.4285714285716
Revolution Case,2026-04-20 15:00:00+00:00,0.55,4369,-0.010791366906474864,0.02462476547842396,0.5552857142857143,3741.4285714285716
Revolution Case,2026-04-20 16:00:00+00:00,0.55,4448,0.0,0.018081940947585196,0.5532857142857144,3907.285714285714
Revolution Case,2026-04-20 17:00:00+00:00,0.557,5556,0.012727272727272698,0.24910071942446033,0.5545714285714286,4299.714285714285
Revolution Case,2026-04-20 18:00:00+00:00,0.568,6669,0.019748653500897495,0.20032397408207347,0.5568571428571428,4754.571428571428
Revolution Case,2026-04-20 19:00:00+00:00,0.568,5897,0.0,-0.11575948418053683,0.5578571428571429,5027.428571428572
Revolution Case,2026-04-20 20:00:00+00:00,0.558,5559,-0.017605633802816767,-0.05731727997286751,0.5581428571428572,5251.714285714285
Revolution Case,2026-04-20 21:00:00+00:00,0.554,5959,-0.007168458781361964,0.07195538765965104,0.5578571428571429,5493.857142857143
Revolution Case,2026-04-20 22:00:00+00:00,0.57,4720,0.028880866425992524,-0.20792079207920788,0.5607142857142857,5544.0
Revolution Case,2026-04-20 23:00:00+00:00,0.57,4306,0.0,-0.0877118644067797,0.5635714285714285,5523.714285714285
Revolution Case,2026-04-21 00:00:00+00:00,0.57,4205,0.0,-0.023455643288434747,0.5654285714285714,5330.714285714285
Revolution Case,2026-04-21 01:00:00+00:00,0.57,3821,0.0,-0.09131985731272296,0.5657142857142857,4923.857142857143
Revolution Case,2026-04-21 02:00:00+00:00,0.573,4248,0.0052631578947368585,0.11175085056267986,0.5664285714285714,4688.285714285715
Revolution Case,2026-04-21 03:00:00+00:00,0.57,3504,-0.005235602094240788,-0.17514124293785316,0.5681428571428572,4394.714285714285
Revolution Case,2026-04-21 04:00:00+00:00,0.57,3208,0.0,-0.08447488584474883,0.5704285714285714,4001.714285714286
Revolution Case,2026-04-21 05:00:00+00:00,0.57,3011,0.0,-0.061408977556109745,0.5704285714285714,3757.5714285714284
Revolution Case,2026-04-21 06:00:00+00:00,0.57,2940,0.0,-0.023580205911657215,0.5704285714285714,3562.4285714285716
Revolution Case,2026-04-21 07:00:00+00:00,0.58,3437,0.01754385964912286,0.1690476190476191,0.5718571428571428,3452.714285714286
Revolution Case,2026-04-21 08:00:00+00:00,0.567,4926,-0.022413793103448265,0.4332266511492582,0.5714285714285714,3610.5714285714284
Revolution Case,2026-04-21 09:00:00+00:00,0.54,3433,-0.04761904761904745,-0.3030856678846935,0.5667142857142856,3494.1428571428573
Revolution Case,2026-04-21 10:00:00+00:00,0.545,3378,0.0092592592592593,-0.01602097290999127,0.5631428571428571,3476.1428571428573
Revolution Case,2026-04-21 11:00:00+00:00,0.537,2869,-0.014678899082568808,-0.15068087625814086,0.5584285714285714,3427.714285714286
Revolution Case,2026-04-21 12:00:00+00:00,0.537,4009,0.0,0.3973509933774835,0.5537142857142857,3570.285714285714
Revolution Case,2026-04-21 13:00:00+00:00,0.54,3394,0.005586592178770999,-0.15340483911199798,0.5494285714285715,3635.1428571428573
Revolution Case,2026-04-21 14:00:00+00:00,0.532,4050,-0.014814814814814836,0.19328226281673544,0.5425714285714286,3722.714285714286
Revolution Case,2026-04-21 15:00:00+00:00,0.54,4885,0.015037593984962516,0.20617283950617282,0.5387142857142857,3716.8571428571427
Revolution Case,2026-04-21 16:00:00+00:00,0.54,4725,0.0,-0.032753326509723624,0.5387142857142857,3901.4285714285716
Revolution Case,2026-04-21 17:00:00+00:00,0.541,5239,0.0018518518518517713,0.10878306878306887,0.5381428571428571,4167.285714285715
Revolution Case,2026-04-21 18:00:00+00:00,0.541,5384,0.0,0.027677037602595878,0.5387142857142858,4526.571428571428
Revolution Case,2026-04-21 19:00:00+00:00,0.541,6210,0.0,0.15341753343239217,0.5392857142857143,4841.0
Revolution Case,2026-04-21 20:00:00+00:00,0.55,7130,0.01663585951940849,0.14814814814814814,0.5407142857142858,5374.714285714285
Revolution Case,2026-04-21 21:00:00+00:00,0.562,6409,0.021818181818181737,-0.10112201963534362,0.545,5711.714285714285
Revolution Case,2026-04-21 22:00:00+00:00,0.55,4537,-0.02135231316725983,-0.2920892494929006,0.5464285714285715,5662.0
Revolution Case,2026-04-21 23:00:00+00:00,0.554,3301,0.0072727272727273196,-0.27242671368745863,0.5484285714285714,5458.571428571428
Revolution Case,2026-04-22 00:00:00+00:00,0.55,3330,-0.0072202166064981865,0.008785216601030044,0.5497142857142857,5185.857142857143
Revolution Case,2026-04-22 01:00:00+00:00,0.551,3360,0.0018181818181817189,0.009009009009008917,0.5511428571428573,4896.714285714285
Revolution Case,2026-04-22 02:00:00+00:00,0.54,4263,-0.019963702359346636,0.26875000000000004,0.551,4618.571428571428
Revolution Case,2026-04-22 03:00:00+00:00,0.54,4419,0.0,0.03659394792399717,0.5495714285714286,4231.285714285715
Revolution Case,2026-04-22 04:00:00+00:00,0.55,4484,0.0185185185185186,0.014709210228558423,0.5478571428571429,3956.285714285714
Revolution Case,2026-04-22 05:00:00+00:00,0.533,3909,-0.030909090909090886,-0.12823371989295274,0.5454285714285715,3866.5714285714284
Revolution Case,2026-04-22 06:00:00+00:00,0.53,3392,-0.0056285178236398226,-0.13225888974162192,0.542,3879.5714285714284
Revolution Case,2026-04-22 07:00:00+00:00,0.52,3197,-0.018867924528301883,-0.05748820754716977,0.5377142857142857,3860.5714285714284
Revolution Case,2026-04-22 08:00:00+00:00,0.518,4964,-0.0038461538461538325,0.5527056615577104,0.533,4089.714285714286
Revolution Case,2026-04-22 09:00:00+00:00,0.519,4854,0.0019305019305020377,-0.02215954875100723,0.53,4174.142857142857
Revolution Case,2026-04-22 10:00:00+00:00,0.508,4654,-0.021194605009633882,-0.04120313143798926,0.5254285714285715,4207.714285714285
Revolution Case,2026-04-22 11:00:00+00:00,0.5,5071,-0.015748031496062964,0.08960034379028792,0.5182857142857143,4291.571428571428
Revolution Case,2026-04-22 12:00:00+00:00,0.494,6046,-0.01200000000000001,0.19226976927627693,0.5127142857142858,4596.857142857143
Revolution Case,2026-04-22 13:00:00+00:00,0.5,6853,0.012145748987854255,0.13347667879589808,0.5084285714285715,5091.285714285715
Revolution Case,2026-04-22 14:00:00+00:00,0.49,6845,-0.020000000000000018,-0.0011673719538888294,0.5041428571428571,5612.428571428572
Revolution Case,2026-04-22 15:00:00+00:00,0.49,7320,0.0,0.06939371804236671,0.5001428571428572,5949.0
Revolution Case,2026-04-22 16:00:00+00:00,0.487,8035,-0.006122448979591799,0.09767759562841527,0.49557142857142855,6403.428571428572
Revolution Case,2026-04-22 17:00:00+00:00,0.489,7933,0.004106776180698102,-0.012694461729931494,0.4928571428571429,6871.857142857143
Revolution Case,2026-04-22 18:00:00+00:00,0.49,8420,0.002044989775051187,0.061389133997226786,0.49142857142857144,7350.285714285715
Revolution Case,2026-04-22 19:00:00+00:00,0.49,9082,0.0,0.07862232779097389,0.4908571428571428,7784.0
Revolution Case,2026-04-22 20:00:00+00:00,0.49,8187,0.0,-0.09854657564413127,0.4894285714285714,7974.571428571428
Revolution Case,2026-04-22 21:00:00+00:00,0.5,8033,0.020408163265306145,-0.01881030902650549,0.4908571428571428,8144.285714285715
Revolution Case,2026-04-22 22:00:00+00:00,0.5,6540,0.0,-0.18585833437072075,0.49228571428571427,8032.857142857143
Revolution Case,2026-04-22 23:00:00+00:00,0.5,4974,0.0,-0.23944954128440366,0.49414285714285716,7595.571428571428
Revolution Case,2026-04-23 00:00:00+00:00,0.51,5020,0.020000000000000018,0.009248090068355364,0.49714285714285705,7179.428571428572
Revolution Case,2026-04-23 01:00:00+00:00,0.519,5373,0.01764705882352935,0.07031872509960158,0.5012857142857142,6744.142857142857
Revolution Case,2026-04-23 02:00:00+00:00,0.52,4492,0.0019267822736031004,-0.16396798808859114,0.5055714285714286,6088.428571428572
Revolution Case,2026-04-23 03:00:00+00:00,0.52,3506,0.0,-0.21950133570792518,0.5098571428571429,5419.714285714285
Revolution Case,2026-04-23 04:00:00+00:00,0.52,3227,0.0,-0.07957786651454646,0.5127142857142857,4733.142857142857
Revolution Case,2026-04-23 05:00:00+00:00,0.52,3038,0.0,-0.0585683297180043,0.5155714285714286,4232.857142857143
Revolution Case,2026-04-23 06:00:00+00:00,0.52,2775,0.0,-0.08657011191573405,0.5184285714285715,3918.714285714286
Revolution Case,2026-04-23 07:00:00+00:00,0.519,2505,-0.0019230769230769162,-0.0972972972972973,0.5197142857142857,3559.4285714285716
Revolution Case,2026-04-23 08:00:00+00:00,0.5,4195,-0.036608863198458574,0.6746506986027945,0.517,3391.1428571428573
Revolution Case,2026-04-23 09:00:00+00:00,0.497,3618,-0.006000000000000005,-0.13754469606674613,0.5137142857142857,3266.285714285714
Revolution Case,2026-04-23 10:00:00+00:00,0.49,4610,-0.014084507042253502,0.2741846323935877,0.5094285714285715,3424.0
Revolution Case,2026-04-23 11:00:00+00:00,0.496,4457,0.012244897959183598,-0.0331887201735358,0.506,3599.714285714286
Revolution Case,2026-04-23 12:00:00+00:00,0.49,4926,-0.012096774193548376,0.10522773165806587,0.5017142857142857,3869.4285714285716
Revolution Case,2026-04-23 13:00:00+00:00,0.486,5749,-0.008163265306122436,0.16707267559886319,0.4968571428571429,4294.285714285715
Revolution Case,2026-04-23 14:00:00+00:00,0.486,6216,0.0,0.0812315185249608,0.4921428571428571,4824.428571428572
Revolution Case,2026-04-23 15:00:00+00:00,0.481,6536,-0.010288065843621408,0.051480051480051525,0.48942857142857144,5158.857142857143
Revolution Case,2026-04-23 16:00:00+00:00,0.481,6185,0.0,-0.05370257037943693,0.48714285714285716,5525.571428571428
Revolution Case,2026-04-23 17:00:00+00:00,0.481,6477,0.0,0.04721099434114784,0.4858571428571428,5792.285714285715
Revolution Case,2026-04-23 18:00:00+00:00,0.481,6740,0.0,0.04060521846533893,0.48371428571428565,6118.428571428572
Revolution Case,2026-04-23 19:00:00+00:00,0.483,7728,0.004158004158004269,0.14658753709198824,0.4827142857142857,6518.714285714285
Revolution Case,2026-04-23 20:00:00+00:00,0.49,7682,0.01449275362318847,-0.005952380952380931,0.48328571428571426,6794.857142857143
Revolution Case,2026-04-23 21:00:00+00:00,0.491,6970,0.0020408163265306367,-0.09268419682374385,0.484,6902.571428571428
Revolution Case,2026-04-23 22:00:00+00:00,0.491,5529,0.0,-0.20674318507890965,0.48542857142857143,6758.714285714285
Revolution Case,2026-04-23 23:00:00+00:00,0.491,4968,0.0,-0.10146500271296799,0.4868571428571428,6584.857142857143
Revolution Case,2026-04-24 00:00:00+00:00,0.499,5025,0.016293279022403295,0.011473429951690761,0.48942857142857144,6377.428571428572
Revolution Case,2026-04-24 01:00:00+00:00,0.5,3894,0.002004008016031955,-0.2250746268656716,0.49214285714285716,5970.857142857143
Revolution Case,2026-04-24 02:00:00+00:00,0.51,4770,0.020000000000000018,0.2249614791987673,0.496,5548.285714285715
Revolution Case,2026-04-24 03:00:00+00:00,0.51,3929,0.0,-0.17631027253668763,0.49885714285714283,5012.142857142857
Revolution Case,2026-04-24 04:00:00+00:00,0.518,3539,0.015686274509803866,-0.09926189870195978,0.5027142857142858,4522.0
Revolution Case,2026-04-24 05:00:00+00:00,0.51,4304,-0.015444015444015413,0.21616275784119798,0.5054285714285714,4347.0
Revolution Case,2026-04-24 06:00:00+00:00,0.51,3180,0.0,-0.26115241635687736,0.5081428571428571,4091.5714285714284
Revolution Case,2026-04-24 07:00:00+00:00,0.5,3083,-0.019607843137254943,-0.0305031446540881,0.5082857142857142,3814.1428571428573
Revolution Case,2026-04-24 08:00:00+00:00,0.49,3425,-0.020000000000000018,0.11093091144988643,0.5068571428571429,3747.1428571428573
Revolution Case,2026-04-24 09:00:00+00:00,0.485,3874,-0.010204081632653073,0.1310948905109488,0.5032857142857143,3619.1428571428573
Revolution Case,2026-04-24 10:00:00+00:00,0.483,3895,-0.004123711340206171,0.0054207537429014074,0.4994285714285714,3614.285714285714
Revolution Case,2026-04-24 11:00:00+00:00,0.495,4225,0.024844720496894457,0.08472400513478817,0.4961428571428571,3712.285714285714
Revolution Case,2026-04-24 12:00:00+00:00,0.49,4519,-0.010101010101010055,0.06958579881656801,0.4932857142857143,3743.0
Revolution Case,2026-04-24 13:00:00+00:00,0.485,4879,-0.010204081632653073,0.07966364239876089,0.4897142857142857,3985.714285714286
Revolution Case,2026-04-24 14:00:00+00:00,0.49,5335,0.010309278350515427,0.09346177495388397,0.4882857142857143,4307.428571428572
Revolution Case,2026-04-24 15:00:00+00:00,0.5,7862,0.020408163265306145,0.4736644798500469,0.4897142857142857,4941.285714285715
Revolution Case,2026-04-24 16:00:00+00:00,0.491,6417,-0.018000000000000016,-0.18379547189010426,0.49057142857142855,5304.571428571428
Revolution Case,2026-04-24 17:00:00+00:00,0.496,6813,0.010183299389002087,0.06171107994389913,0.4924285714285714,5721.428571428572
Revolution Case,2026-04-24 18:00:00+00:00,0.5,7646,0.008064516129032251,0.12226625568765592,0.49314285714285716,6210.142857142857
Revolution Case,2026-04-24 19:00:00+00:00,0.502,9271,0.0040000000000000036,0.21252942715145173,0.49485714285714283,6889.0
Revolution Case,2026-04-24 20:00:00+00:00,0.502,7926,0.0,-0.14507604357674464,0.4972857142857143,7324.285714285715
Revolution Case,2026-04-24 21:00:00+00:00,0.503,8221,0.0019920318725099584,0.03721927832450156,0.4991428571428571,7736.571428571428
Revolution Case,2026-04-24 22:00:00+00:00,0.508,8520,0.00994035785288272,0.036370271256538134,0.5002857142857142,7830.571428571428
Revolution Case,2026-04-24 23:00:00+00:00,0.52,6230,0.023622047244094446,-0.26877934272300474,0.5044285714285714,7803.857142857143
Revolution Case,2026-04-25 00:00:00+00:00,0.522,5330,0.0038461538461538325,-0.14446227929374,0.5081428571428572,7592.0
Revolution Case,2026-04-25 01:00:00+00:00,0.52,5013,-0.003831417624521105,-0.05947467166979359,0.511,7215.857142857143
Revolution Case,2026-04-25 02:00:00+00:00,0.52,5335,0.0,0.0642329942150408,0.5135714285714286,6653.571428571428
Revolution Case,2026-04-25 03:00:00+00:00,0.52,5206,0.0,-0.024179943767572598,0.5161428571428572,6265.0
Revolution Case,2026-04-25 04:00:00+00:00,0.52,4945,0.0,-0.050134460238186684,0.5185714285714286,5797.0
Revolution Case,2026-04-25 05:00:00+00:00,0.52,4579,0.0,-0.0740141557128412,0.5202857142857144,5234.0
Revolution Case,2026-04-25 06:00:00+00:00,0.52,4460,0.0,-0.025988207032103028,0.5202857142857144,4981.142857142857
Revolution Case,2026-04-25 07:00:00+00:00,0.53,5399,0.019230769230769162,0.21053811659192823,0.5214285714285715,4991.0
Revolution Case,2026-04-25 08:00:00+00:00,0.486,4779,-0.0830188679245284,-0.11483608075569551,0.5165714285714286,4957.571428571428
Revolution Case,2026-04-25 09:00:00+00:00,0.495,8163,0.0185185185185186,0.7080979284369116,0.513,5361.571428571428
Revolution Case,2026-04-25 10:00:00+00:00,0.5,6158,0.010101010101010166,-0.2456204826656866,0.5101428571428571,5497.571428571428
Revolution Case,2026-04-25 11:00:00+00:00,0.491,4532,-0.018000000000000016,-0.2640467684313089,0.506,5438.571428571428
Revolution Case,2026-04-25 12:00:00+00:00,0.499,4924,0.016293279022403295,0.08649602824360114,0.503,5487.857142857143
Revolution Case,2026-04-25 13:00:00+00:00,0.501,5290,0.004008016032064132,0.07432981316003251,0.5002857142857143,5606.428571428572
Revolution Case,2026-04-25 14:00:00+00:00,0.491,5005,-0.019960079840319334,-0.05387523629489599,0.4947142857142857,5550.142857142857
Revolution Case,2026-04-25 15:00:00+00:00,0.499,5919,0.016293279022403295,0.1826173826173827,0.49657142857142855,5713.0
Revolution Case,2026-04-25 16:00:00+00:00,0.5,5856,0.002004008016031955,-0.010643689812468327,0.4972857142857143,5383.428571428572
Revolution Case,2026-04-25 17:00:00+00:00,0.51,6530,0.020000000000000018,0.11509562841530063,0.4987142857142857,5436.571428571428
Revolution Case,2026-04-25 18:00:00+00:00,0.508,6828,-0.0039215686274509665,0.045635528330780994,0.5011428571428571,5764.571428571428
Revolution Case,2026-04-25 19:00:00+00:00,0.511,6201,0.0059055118110236116,-0.09182776801405979,0.5028571428571429,5947.0
Revolution Case,2026-04-25 20:00:00+00:00,0.513,6717,0.00391389432485334,0.0832123850991775,0.5045714285714286,6150.857142857143
Revolution Case,2026-04-25 21:00:00+00:00,0.524,7608,0.021442495126705596,0.13264850379633764,0.5092857142857142,6522.714285714285
Revolution Case,2026-04-25 22:00:00+00:00,0.53,6927,0.011450381679389388,-0.08951104100946372,0.5137142857142857,6666.714285714285
Revolution Case,2026-04-25 23:00:00+00:00,0.534,5712,0.007547169811320753,-0.17540060632308363,0.5185714285714286,6646.142857142857
Revolution Case,2026-04-26 00:00:00+00:00,0.538,4994,0.0074906367041198685,-0.12570028011204482,0.5225714285714286,6426.714285714285
Revolution Case,2026-04-26 01:00:00+00:00,0.53,4239,-0.014869888475836479,-0.1511814177012415,0.5257142857142857,6056.857142857143
Revolution Case,2026-04-26 02:00:00+00:00,0.53,5080,0.0,0.19839584807737665,0.5284285714285714,5896.714285714285
Revolution Case,2026-04-26 03:00:00+00:00,0.53,4606,0.0,-0.0933070866141732,0.5308571428571429,5595.142857142857
Revolution Case,2026-04-26 04:00:00+00:00,0.53,4397,0.0,-0.04537559704732952,0.5317142857142858,5136.428571428572
Revolution Case,2026-04-26 05:00:00+00:00,0.53,3936,0.0,-0.10484421196270188,0.5317142857142857,4709.142857142857
Revolution Case,2026-04-26 06:00:00+00:00,0.53,4005,0.0,0.017530487804878092,0.5311428571428571,4465.285714285715
Revolution Case,2026-04-26 07:00:00+00:00,0.53,3241,0.0,-0.19076154806491885,0.53,4214.857142857143
Revolution Case,2026-04-26 08:00:00+00:00,0.495,3675,-0.0660377358490567,0.13390928725701934,0.525,4134.285714285715
Revolution Case,2026-04-26 09:00:00+00:00,0.492,5258,-0.0060606060606061,0.4307482993197278,0.5195714285714287,4159.714285714285
Revolution Case,2026-04-26 10:00:00+00:00,0.518,6340,0.052845528455284674,0.20578166603271209,0.5178571428571429,4407.428571428572
Revolution Case,2026-04-26 11:00:00+00:00,0.508,4985,-0.019305019305019266,-0.2137223974763407,0.5147142857142857,4491.428571428572
Revolution Case,2026-04-26 12:00:00+00:00,0.502,4734,-0.011811023622047223,-0.05035105315947841,0.5107142857142858,4605.428571428572
Revolution Case,2026-04-26 13:00:00+00:00,0.503,5431,0.0019920318725099584,0.14723278411491347,0.5068571428571429,4809.142857142857
Revolution Case,2026-04-26 14:00:00+00:00,0.499,5616,-0.007952286282306154,0.03406370834100536,0.5024285714285714,5148.428571428572
Revolution Case,2026-04-26 15:00:00+00:00,0.5,5620,0.002004008016031955,0.0007122507122507837,0.5031428571428571,5426.285714285715
Revolution Case,2026-04-26 16:00:00+00:00,0.5,5160,0.0,-0.08185053380782914,0.5042857142857142,5412.285714285715
Revolution Case,2026-04-26 17:00:00+00:00,0.491,5421,-0.018000000000000016,0.05058139534883721,0.5004285714285714,5281.0
Revolution Case,2026-04-26 18:00:00+00:00,0.5,5982,0.018329938900203624,0.10348644161593801,0.4992857142857143,5423.428571428572
Revolution Case,2026-04-26 19:00:00+00:00,0.503,7848,0.006000000000000005,0.3119358074222669,0.49942857142857144,5868.285714285715
Revolution Case,2026-04-26 20:00:00+00:00,0.51,6097,0.013916500994035852,-0.22311416921508664,0.5004285714285714,5963.428571428572
Revolution Case,2026-04-26 21:00:00+00:00,0.52,5735,0.019607843137254832,-0.05937346235853702,0.5034285714285714,5980.428571428572
Revolution Case,2026-04-26 22:00:00+00:00,0.526,5138,0.011538461538461497,-0.10409764603312988,0.5071428571428572,5911.571428571428
Revolution Case,2026-04-26 23:00:00+00:00,0.525,3927,-0.0019011406844106071,-0.23569482288828336,0.5107142857142858,5735.428571428572
Revolution Case,2026-04-27 00:00:00+00:00,0.53,3393,0.00952380952380949,-0.13598166539343015,0.5162857142857142,5445.714285714285
Revolution Case,2026-04-27 01:00:00+00:00,0.53,3612,0.0,0.06454465075154725,0.5205714285714286,5107.142857142857
Revolution Case,2026-04-27 02:00:00+00:00,0.53,3185,0.0,-0.11821705426356588,0.5244285714285715,4441.0
Revolution Case,2026-04-27 03:00:00+00:00,0.522,2893,-0.015094339622641506,-0.09167974882260599,0.5261428571428571,3983.285714285714
Revolution Case,2026-04-27 04:00:00+00:00,0.53,3062,0.015325670498084198,0.05841686830279991,0.5275714285714287,3601.4285714285716
Revolution Case,2026-04-27 05:00:00+00:00,0.528,2596,-0.0037735849056603765,-0.15218811234487262,0.5278571428571429,3238.285714285714
Revolution Case,2026-04-27 06:00:00+00:00,0.53,2630,0.0037878787878788955,0.013097072419106404,0.5285714285714286,3053.0
Revolution Case,2026-04-27 07:00:00+00:00,0.53,2532,0.0,-0.03726235741444872,0.5285714285714286,2930.0
Revolution Case,2026-04-27 08:00:00+00:00,0.5,2741,-0.05660377358490576,0.0825434439178514,0.5242857142857142,2805.5714285714284
Revolution Case,2026-04-27 09:00:00+00:00,0.495,3056,-0.010000000000000009,0.11492156147391452,0.5192857142857142,2787.1428571428573
Revolution Case,2026-04-27 10:00:00+00:00,0.495,3045,0.0,-0.0035994764397905277,0.5154285714285715,2808.8571428571427
Revolution Case,2026-04-27 11:00:00+00:00,0.495,3458,0.0,0.13563218390804588,0.5104285714285715,2865.4285714285716
Revolution Case,2026-04-27 12:00:00+00:00,0.491,3523,-0.008080808080808133,0.018796992481203034,0.5051428571428571,2997.8571428571427
Revolution Case,2026-04-27 13:00:00+00:00,0.495,3910,0.008146639511201537,0.10984956003406188,0.5001428571428571,3180.714285714286
Revolution Case,2026-04-27 14:00:00+00:00,0.503,5475,0.016161616161616266,0.4002557544757033,0.49628571428571433,3601.1428571428573
Revolution Case,2026-04-27 15:00:00+00:00,0.5,5001,-0.005964214711729587,-0.08657534246575338,0.49628571428571433,3924.0
Revolution Case,2026-04-27 16:00:00+00:00,0.503,5327,0.006000000000000005,0.06518696260747858,0.49742857142857144,4248.428571428572
Revolution Case,2026-04-27 17:00:00+00:00,0.511,5542,0.015904572564612307,0.040360428008259897,0.4997142857142857,4605.142857142857
Revolution Case,2026-04-27 18:00:00+00:00,0.51,5858,-0.00195694716242667,0.057019126669072495,0.5018571428571429,4948.0
Revolution Case,2026-04-27 19:00:00+00:00,0.503,5983,-0.013725490196078494,0.021338340730624683,0.5035714285714287,5299.428571428572
Revolution Case,2026-04-27 20:00:00+00:00,0.503,5473,0.0,-0.08524151763329435,0.5047142857142858,5522.714285714285
Revolution Case,2026-04-27 21:00:00+00:00,0.506,4970,0.005964214711729587,-0.09190571898410382,0.5051428571428571,5450.571428571428
Revolution Case,2026-04-27 22:00:00+00:00,0.513,5138,0.01383399209486158,0.033802816901408406,0.507,5470.142857142857
Revolution Case,2026-04-27 23:00:00+00:00,0.52,4014,0.013645224171539905,-0.2187621642662515,0.5094285714285715,5282.571428571428
Revolution Case,2026-04-28 00:00:00+00:00,0.52,3655,0.0,-0.08943697060288991,0.5107142857142857,5013.0
Revolution Case,2026-04-28 01:00:00+00:00,0.528,3509,0.01538461538461533,-0.03994528043775647,0.5132857142857142,4677.428571428572
Revolution Case,2026-04-28 02:00:00+00:00,0.529,3725,0.0018939393939394478,0.06155599886007401,0.517,4354.857142857143
Revolution Case,2026-04-28 03:00:00+00:00,0.52,3496,-0.017013232514177745,-0.061476510067114076,0.5194285714285715,4072.4285714285716
Revolution Case,2026-04-28 04:00:00+00:00,0.52,3141,0.0,-0.10154462242562934,0.5214285714285715,3811.1428571428573
Revolution Case,2026-04-28 05:00:00+00:00,0.52,2426,0.0,-0.22763451130213308,0.5224285714285715,3423.714285714286
Revolution Case,2026-04-28 06:00:00+00:00,0.52,2694,0.0,0.11046990931574618,0.5224285714285715,3235.1428571428573
Revolution Case,2026-04-28 07:00:00+00:00,0.52,3054,0.0,0.13363028953229406,0.5224285714285715,3149.285714285714
Revolution Case,2026-04-28 08:00:00+00:00,0.505,3727,-0.028846153846153855,0.2203667321545515,0.5191428571428572,3180.4285714285716
Revolution Case,2026-04-28 09:00:00+00:00,0.498,2557,-0.013861386138613874,-0.3139254091762812,0.5147142857142858,3013.5714285714284
Revolution Case,2026-04-28 10:00:00+00:00,0.495,2640,-0.0060240963855421326,0.032459913961673914,0.5111428571428572,2891.285714285714
Revolution Case,2026-04-28 11:00:00+00:00,0.494,4095,-0.002020202020202033,0.5511363636363635,0.5074285714285713,3027.5714285714284
Revolution Case,2026-04-28 12:00:00+00:00,0.5,3505,0.012145748987854255,-0.14407814407814412,0.5045714285714286,3181.714285714286
Revolution Case,2026-04-28 13:00:00+00:00,0.491,3426,-0.018000000000000016,-0.022539229671897254,0.5004285714285713,3286.285714285714
Revolution Case,2026-04-28 14:00:00+00:00,0.495,4746,0.008146639511201537,0.38528896672504387,0.49685714285714283,3528.0
Revolution Case,2026-04-28 15:00:00+00:00,0.497,5329,0.004040404040404066,0.12284028655710078,0.49571428571428566,3756.8571428571427
Revolution Case,2026-04-28 16:00:00+00:00,0.493,4099,-0.008048289738430636,-0.23081253518483769,0.495,3977.1428571428573
Revolution Case,2026-04-28 17:00:00+00:00,0.496,4837,0.006085192697768749,0.1800439131495486,0.49514285714285716,4291.0
Revolution Case,2026-04-28 18:00:00+00:00,0.505,5395,0.01814516129032251,0.11536076080215008,0.4967142857142858,4476.714285714285
Revolution Case,2026-04-28 19:00:00+00:00,0.505,6634,0.0,0.22965708989805367,0.49742857142857144,4923.714285714285
Revolution Case,2026-04-28 20:00:00+00:00,0.505,5246,0.0,-0.20922520349713591,0.49942857142857144,5183.714285714285
Revolution Case,2026-04-28 21:00:00+00:00,0.503,4764,-0.003960396039603964,-0.09187952725886395,0.5005714285714286,5186.285714285715
Revolution Case,2026-04-28 22:00:00+00:00,0.51,4543,0.013916500994035852,-0.04638958858102438,0.5024285714285714,5074.0
Revolution Case,2026-04-28 23:00:00+00:00,0.51,4194,0.0,-0.0768214836011446,0.5048571428571428,5087.571428571428
Revolution Case,2026-04-29 00:00:00+00:00,0.517,3884,0.013725490196078383,-0.07391511683357177,0.5078571428571429,4951.428571428572
Revolution Case,2026-04-29 01:00:00+00:00,0.52,3143,0.005802707930367523,-0.19078269824922756,0.51,4629.714285714285
Revolution Case,2026-04-29 02:00:00+00:00,0.51,4232,-0.019230769230769273,0.3464842507158765,0.5107142857142858,4286.571428571428
Revolution Case,2026-04-29 03:00:00+00:00,0.51,4742,0.0,0.12051039697542532,0.5114285714285715,4214.571428571428
Revolution Case,2026-04-29 04:00:00+00:00,0.51,4682,0.0,-0.012652889076339102,0.5124285714285715,4202.857142857143
Revolution Case,2026-04-29 05:00:00+00:00,0.506,3589,-0.007843137254901933,-0.23344724476719347,0.5118571428571428,4066.5714285714284
Revolution Case,2026-04-29 06:00:00+00:00,0.506,3277,0.0,-0.0869322931178601,0.5112857142857143,3935.5714285714284
Revolution Case,2026-04-29 07:00:00+00:00,0.504,3092,-0.0039525691699604515,-0.056454073848031694,0.5094285714285715,3822.4285714285716
Revolution Case,2026-04-29 08:00:00+00:00,0.49,3891,-0.02777777777777779,0.25840879689521334,0.5051428571428571,3929.285714285714
Revolution Case,2026-04-29 09:00:00+00:00,0.49,4367,0.0,0.12233359033667446,0.5022857142857143,3948.5714285714284
Revolution Case,2026-04-29 10:00:00+00:00,0.49,5397,0.0,0.23585985802610487,0.49942857142857144,4042.1428571428573
Revolution Case,2026-04-29 11:00:00+00:00,0.479,4589,-0.022448979591836782,-0.1497128034093015,0.495,4028.8571428571427
Revolution Case,2026-04-29 12:00:00+00:00,0.479,5311,0.0,0.1573327522336021,0.49114285714285716,4274.857142857143
Revolution Case,2026-04-29 13:00:00+00:00,0.479,5541,0.0,0.043306345321031836,0.4872857142857142,4598.285714285715
Revolution Case,2026-04-29 14:00:00+00:00,0.468,6315,-0.022964509394571953,0.1396859772604222,0.48214285714285715,5058.714285714285
Revolution Case,2026-04-29 15:00:00+00:00,0.472,7685,0.008547008547008517,0.21694378463974662,0.4795714285714286,5600.714285714285
Revolution Case,2026-04-29 16:00:00+00:00,0.479,8080,0.014830508474576343,0.05139882888744296,0.4779999999999999,6131.142857142857
Revolution Case,2026-04-29 17:00:00+00:00,0.476,7911,-0.006263048016701522,-0.02091584158415838,0.476,6490.285714285715
Revolution Case,2026-04-29 18:00:00+00:00,0.479,7855,0.006302521008403339,-0.007078751106054826,0.476,6956.857142857143
Revolution Case,2026-04-29 19:00:00+00:00,0.479,8603,0.0,0.09522597071928707,0.476,7427.142857142857
Revolution Case,2026-04-29 20:00:00+00:00,0.479,8313,0.0,-0.03370917121934214,0.476,7823.142857142857
Revolution Case,2026-04-29 21:00:00+00:00,0.485,8019,0.012526096033403045,-0.035366293756766476,0.47842857142857137,8066.571428571428
Revolution Case,2026-04-29 22:00:00+00:00,0.48,6385,-0.010309278350515427,-0.2037660556179075,0.47957142857142854,7880.857142857143
Revolution Case,2026-04-29 23:00:00+00:00,0.49,5724,0.02083333333333326,-0.10352388410336721,0.48114285714285715,7544.285714285715
Revolution Case,2026-04-30 00:00:00+00:00,0.5,4847,0.020408163265306145,-0.15321453529000695,0.4845714285714286,7106.571428571428
Revolution Case,2026-04-30 01:00:00+00:00,0.5,4016,0.0,-0.17144625541572112,0.4875714285714286,6558.142857142857
Revolution Case,2026-04-30 02:00:00+00:00,0.5,4233,0.0,0.054033864541832566,0.4905714285714286,5933.857142857143
Revolution Case,2026-04-30 03:00:00+00:00,0.5,3993,0.0,-0.056697377746279254,0.4935714285714286,5316.714285714285
Revolution Case,2026-04-30 04:00:00+00:00,0.51,4265,0.020000000000000018,0.06811920861507637,0.49714285714285716,4780.428571428572
Revolution Case,2026-04-30 05:00:00+00:00,0.51,3481,0.0,-0.18382180539273152,0.5014285714285714,4365.571428571428
Revolution Case,2026-04-30 06:00:00+00:00,0.51,2949,0.0,-0.1528296466532606,0.5042857142857143,3969.1428571428573
Revolution Case,2026-04-30 07:00:00+00:00,0.506,2858,-0.007843137254901933,-0.030857917938284185,0.5051428571428572,3685.0
Revolution Case,2026-04-30 08:00:00+00:00,0.479,3498,-0.05335968379446643,0.22393282015395388,0.5021428571428571,3611.0
Revolution Case,2026-04-30 09:00:00+00:00,0.467,4663,-0.025052192066805756,0.3330474556889651,0.4974285714285714,3672.4285714285716
Revolution Case,2026-04-30 10:00:00+00:00,0.466,4004,-0.0021413276231263545,-0.14132532704267642,0.4925714285714286,3674.0
Revolution Case,2026-04-30 11:00:00+00:00,0.466,3775,0.0,-0.05719280719280717,0.48628571428571427,3604.0
Revolution Case,2026-04-30 12:00:00+00:00,0.468,5049,0.0042918454935623185,0.33748344370860917,0.4802857142857143,3828.0
Revolution Case,2026-04-30 13:00:00+00:00,0.479,5976,0.02350427350427342,0.1836007130124777,0.47585714285714287,4260.428571428572
Revolution Case,2026-04-30 14:00:00+00:00,0.493,9619,0.029227557411273475,0.6096050870147256,0.4740000000000001,5226.285714285715
Revolution Case,2026-04-30 15:00:00+00:00,0.472,5397,-0.04259634888438135,-0.43892296496517313,0.473,5497.571428571428
Revolution Case,2026-04-30 16:00:00+00:00,0.467,5779,-0.010593220338982912,0.0707800629979618,0.473,5657.0
Revolution Case,2026-04-30 17:00:00+00:00,0.473,6112,0.012847965738757905,0.057622426025263795,0.47400000000000003,5958.142857142857
Revolution Case,2026-04-30 18:00:00+00:00,0.479,6693,0.012684989429175397,0.09505890052356025,0.47585714285714287,6375.0
Revolution Case,2026-04-30 19:00:00+00:00,0.479,7472,0.0,0.11639025847900797,0.47742857142857137,6721.142857142857
Revolution Case,2026-04-30 20:00:00+00:00,0.479,7410,0.0,-0.008297644539614568,0.4774285714285714,6926.0
Revolution Case,2026-04-30 21:00:00+00:00,0.49,7538,0.022964509394572064,0.017273954116059365,0.477,6628.714285714285
Revolution Case,2026-04-30 22:00:00+00:00,0.494,7878,0.008163265306122547,0.045104802334836824,0.48014285714285715,6983.142857142857
Revolution Case,2026-04-30 23:00:00+00:00,0.5,6338,0.012145748987854255,-0.19548108657019547,0.4848571428571429,7063.0
Revolution Case,2026-05-01 00:00:00+00:00,0.51,6387,0.020000000000000018,0.007731145471757683,0.49014285714285716,7102.285714285715
Revolution Case,2026-05-01 01:00:00+00:00,0.5,4491,-0.019607843137254943,-0.29685298262094884,0.49314285714285716,6787.714285714285
Revolution Case,2026-05-01 02:00:00+00:00,0.507,4800,0.014000000000000012,0.06880427521710097,0.49714285714285716,6406.0
Revolution Case,2026-05-01 03:00:00+00:00,0.51,4752,0.00591715976331364,-0.010000000000000009,0.5015714285714286,6026.285714285715
Revolution Case,2026-05-01 04:00:00+00:00,0.51,4151,0.0,-0.12647306397306401,0.5044285714285714,5542.428571428572
Revolution Case,2026-05-01 05:00:00+00:00,0.51,4414,0.0,0.06335822693326909,0.5067142857142858,5047.571428571428
Revolution Case,2026-05-01 06:00:00+00:00,0.51,3663,0.0,-0.170140462165836,0.5081428571428571,4665.428571428572
Revolution Case,2026-05-01 07:00:00+00:00,0.507,3139,-0.00588235294117645,-0.1430521430521431,0.5077142857142857,4201.428571428572
Revolution Case,2026-05-01 08:00:00+00:00,0.49,3852,-0.033530571992110514,0.22714240203886593,0.5062857142857143,4110.142857142857
Revolution Case,2026-05-01 09:00:00+00:00,0.467,4234,-0.04693877551020398,0.09916926272066462,0.5005714285714286,4029.285714285714
Revolution Case,2026-05-01 10:00:00+00:00,0.467,4756,0.0,0.12328767123287676,0.4944285714285714,4029.8571428571427
Revolution Case,2026-05-01 11:00:00+00:00,0.471,4921,0.008565310492505196,0.0346930193439865,0.4888571428571429,4139.857142857143
Revolution Case,2026-05-01 12:00:00+00:00,0.467,5158,-0.00849256900212303,0.04816094289778494,0.4827142857142857,4246.142857142857
Revolution Case,2026-05-01 13:00:00+00:00,0.476,4751,0.01927194860813697,-0.07890655292749127,0.47785714285714287,4401.571428571428
Revolution Case,2026-05-01 14:00:00+00:00,0.472,5384,-0.008403361344537785,0.13323510839823194,0.47285714285714286,4722.285714285715
Revolution Case,2026-05-01 15:00:00+00:00,0.471,5156,-0.0021186440677966045,-0.04234769687964335,0.4701428571428572,4908.571428571428
Revolution Case,2026-05-01 16:00:00+00:00,0.479,5961,0.01698513800424628,0.15612878200155156,0.47185714285714286,5155.285714285715
Revolution Case,2026-05-01 17:00:00+00:00,0.481,6705,0.0041753653444676075,0.12481127327629582,0.47385714285714287,5433.714285714285
Revolution Case,2026-05-01 18:00:00+00:00,0.484,6542,0.006237006237006293,-0.024310216256524964,0.4757142857142857,5665.285714285715
Revolution Case,2026-05-01 19:00:00+00:00,0.491,6513,0.01446280991735538,-0.004432895139101167,0.4791428571428571,5858.857142857143
Revolution Case,2026-05-01 20:00:00+00:00,0.49,6403,-0.0020366598778004397,-0.01688929832642405,0.48114285714285715,6094.857142857143
Revolution Case,2026-05-01 21:00:00+00:00,0.5,7491,0.020408163265306145,0.16992034983601445,0.48514285714285715,6395.857142857143
Revolution Case,2026-05-01 22:00:00+00:00,0.5,6275,0.0,-0.16232812708583633,0.48928571428571427,6555.714285714285
Revolution Case,2026-05-01 23:00:00+00:00,0.504,6611,0.008000000000000007,0.0535458167330678,0.4928571428571429,6648.571428571428
Revolution Case,2026-05-02 00:00:00+00:00,0.505,4606,0.001984126984126977,-0.30328240810769924,0.4962857142857143,6348.714285714285
Revolution Case,2026-05-02 01:00:00+00:00,0.51,5169,0.00990099009900991,0.12223187147199299,0.5,6152.571428571428
Revolution Case,2026-05-02 02:00:00+00:00,0.51,5000,0.0,-0.032694911975236995,0.5027142857142858,5936.428571428572
Revolution Case,2026-05-02 03:00:00+00:00,0.518,5254,0.015686274509803866,0.050799999999999956,0.5067142857142858,5772.285714285715
Revolution Case,2026-05-02 04:00:00+00:00,0.51,5238,-0.015444015444015413,-0.0030452988199467512,0.5081428571428571,5450.428571428572
Revolution Case,2026-05-02 05:00:00+00:00,0.52,5138,0.019607843137254832,-0.019091256204658236,0.511,5288.0
Revolution Case,2026-05-02 06:00:00+00:00,0.52,4295,0.0,-0.1640716231996886,0.5132857142857142,4957.142857142857
Revolution Case,2026-05-02 07:00:00+00:00,0.518,4247,-0.0038461538461538325,-0.01117578579743883,0.5151428571428572,4905.857142857143
Revolution Case,2026-05-02 08:00:00+00:00,0.494,4235,-0.04633204633204635,-0.0028255238992229703,0.5128571428571428,4772.428571428572
Revolution Case,2026-05-02 09:00:00+00:00,0.494,4575,0.0,0.08028335301062572,0.5105714285714286,4711.714285714285
Revolution Case,2026-05-02 10:00:00+00:00,0.49,3990,-0.0080971659919028,-0.12786885245901636,0.5065714285714286,4531.142857142857
Revolution Case,2026-05-02 11:00:00+00:00,0.474,3885,-0.032653061224489854,-0.02631578947368418,0.5014285714285714,4337.857142857143
Revolution Case,2026-05-02 12:00:00+00:00,0.473,4265,-0.002109704641350185,0.09781209781209776,0.4947142857142857,4213.142857142857
Revolution Case,2026-05-02 13:00:00+00:00,0.473,4172,0.0,-0.02180539273153581,0.488,4195.571428571428
Revolution Case,2026-05-02 14:00:00+00:00,0.47,4516,-0.006342494714587699,0.08245445829338438,0.48114285714285715,4234.0
Revolution Case,2026-05-02 15:00:00+00:00,0.479,5138,0.01914893617021285,0.13773250664304704,0.479,4363.0
Revolution Case,2026-05-02 16:00:00+00:00,0.48,4545,0.0020876826722338038,-0.11541455819384971,0.4769999999999999,4358.714285714285
Revolution Case,2026-05-02 17:00:00+00:00,0.486,5348,0.012499999999999956,0.17667766776677674,0.4764285714285714,4552.714285714285
Revolution Case,2026-05-02 18:00:00+00:00,0.49,6006,0.008230452674897082,0.12303664921465973,0.4787142857142857,4855.714285714285
Revolution Case,2026-05-02 19:00:00+00:00,0.494,5708,0.008163265306122547,-0.0496170496170496,0.4817142857142857,5061.857142857143
Revolution Case,2026-05-02 20:00:00+00:00,0.494,6538,0.0,0.1454099509460407,0.4847142857142857,5399.857142857143
Revolution Case,2026-05-02 21:00:00+00:00,0.494,5692,0.0,-0.12939736922606304,0.4881428571428571,5567.857142857143
Revolution Case,2026-05-02 22:00:00+00:00,0.494,6071,0.0,0.06658468025298658,0.4902857142857142,5701.142857142857
Revolution Case,2026-05-02 23:00:00+00:00,0.5,4997,0.012145748987854255,-0.17690660517212975,0.49314285714285716,5765.714285714285
Revolution Case,2026-05-03 00:00:00+00:00,0.51,4979,0.020000000000000018,-0.003602161296778039,0.49657142857142855,5713.0
Revolution Case,2026-05-03 01:00:00+00:00,0.505,4116,-0.009803921568627416,-0.1733279775055232,0.49871428571428567,5443.0
Revolution Case,2026-05-03 02:00:00+00:00,0.51,4152,0.00990099009900991,0.008746355685131268,0.501,5220.714285714285
Revolution Case,2026-05-03 03:00:00+00:00,0.51,4032,0.0,-0.028901734104046284,0.5032857142857142,4862.714285714285
Revolution Case,2026-05-03 04:00:00+00:00,0.51,3826,0.0,-0.05109126984126988,0.5055714285714286,4596.142857142857
Revolution Case,2026-05-03 05:00:00+00:00,0.51,3285,0.0,-0.14140094093047573,0.5078571428571428,4198.142857142857
Revolution Case,2026-05-03 06:00:00+00:00,0.51,3094,0.0,-0.058143074581430754,0.5092857142857142,3926.285714285714
Revolution Case,2026-05-03 07:00:00+00:00,0.5,3323,-0.019607843137254943,0.07401422107304456,0.5078571428571429,3689.714285714286
Revolution Case,2026-05-03 08:00:00+00:00,0.48,3630,-0.040000000000000036,0.09238639783328328,0.5042857142857143,3620.285714285714
Revolution Case,2026-05-03 09:00:00+00:00,0.48,3780,0.0,0.04132231404958686,0.5,3567.1428571428573
Revolution Case,2026-05-03 10:00:00+00:00,0.475,4138,-0.01041666666666663,0.09470899470899474,0.495,3582.285714285714
Revolution Case,2026-05-03 11:00:00+00:00,0.477,5191,0.004210526315789442,0.25447075882068626,0.49028571428571427,3777.285714285714
Revolution Case,2026-05-03 12:00:00+00:00,0.482,4969,0.01048218029350112,-0.04276632633403965,0.48628571428571427,4017.8571428571427
Revolution Case,2026-05-03 13:00:00+00:00,0.47,4862,-0.024896265560165998,-0.02153350774803786,0.48057142857142854,4270.428571428572
Revolution Case,2026-05-03 14:00:00+00:00,0.48,5114,0.02127659574468077,0.05183052241875763,0.4777142857142857,4526.285714285715
Revolution Case,2026-05-03 15:00:00+00:00,0.486,5158,0.012499999999999956,0.00860383261634734,0.47857142857142854,4744.571428571428
Revolution Case,2026-05-03 16:00:00+00:00,0.47,6793,-0.03292181069958855,0.31698332687088016,0.47714285714285715,5175.0
Revolution Case,2026-05-03 17:00:00+00:00,0.48,5307,0.02127659574468077,-0.21875460032386285,0.47785714285714287,5342.0
Revolution Case,2026-05-03 18:00:00+00:00,0.494,6635,0.029166666666666785,0.25023553796872067,0.48028571428571426,5548.285714285715
Revolution Case,2026-05-03 19:00:00+00:00,0.49,5398,-0.0080971659919028,-0.18643556895252444,0.48142857142857143,5609.571428571428
Revolution Case,2026-05-03 20:00:00+00:00,0.482,6511,-0.01632653061224487,0.2061874768432752,0.4831428571428571,5845.142857142857
Revolution Case,2026-05-03 21:00:00+00:00,0.49,6042,0.016597510373443924,-0.07203194593764395,0.48457142857142854,5977.714285714285
Revolution Case,2026-05-03 22:00:00+00:00,0.494,5518,0.008163265306122547,-0.08672624958622976,0.4857142857142857,6029.142857142857
Revolution Case,2026-05-03 23:00:00+00:00,0.494,4572,0.0,-0.17143892714751718,0.48914285714285716,5711.857142857143
Revolution Case,2026-05-04 00:00:00+00:00,0.5,3640,0.012145748987854255,-0.20384951881014868,0.492,5473.714285714285
Revolution Case,2026-05-04 01:00:00+00:00,0.51,3707,0.020000000000000018,0.01840659340659334,0.4942857142857143,5055.428571428572
Revolution Case,2026-05-04 02:00:00+00:00,0.51,4216,0.0,0.13730779606150523,0.49714285714285716,4886.571428571428
Revolution Case,2026-05-04 03:00:00+00:00,0.51,3216,0.0,-0.23719165085388993,0.5011428571428571,4415.857142857143
Revolution Case,2026-05-04 04:00:00+00:00,0.51,2755,0.0,-0.1433457711442786,0.504,3946.285714285714
Revolution Case,2026-05-04 05:00:00+00:00,0.505,3024,-0.009803921568627416,0.0976406533575318,0.5055714285714286,3590.0
Revolution Case,2026-05-04 06:00:00+00:00,0.51,3409,0.00990099009900991,0.12731481481481488,0.5078571428571428,3423.8571428571427
Revolution Case,2026-05-04 07:00:00+00:00,0.495,2183,-0.02941176470588236,-0.3596362569668524,0.5071428571428571,3215.714285714286
Revolution Case,2026-05-04 08:00:00+00:00,0.48,3367,-0.030303030303030276,0.5423728813559323,0.5028571428571429,3167.1428571428573
Revolution Case,2026-05-04 09:00:00+00:00,0.475,4390,-0.01041666666666663,0.30383130383130386,0.49785714285714283,3192.0
Revolution Case,2026-05-04 10:00:00+00:00,0.47,2736,-0.010526315789473717,-0.3767653758542141,0.49214285714285716,3123.4285714285716
Revolution Case,2026-05-04 11:00:00+00:00,0.475,3482,0.010638297872340496,0.27266081871345027,0.4871428571428571,3227.285714285714
Revolution Case,2026-05-04 12:00:00+00:00,0.478,3905,0.006315789473684275,0.1214819069500288,0.48328571428571426,3353.1428571428573
Revolution Case,2026-05-04 13:00:00+00:00,0.471,3459,-0.014644351464435212,-0.11421254801536496,0.47771428571428576,3360.285714285714
Revolution Case,2026-05-04 14:00:00+00:00,0.472,4141,0.002123142250530785,0.19716681121711477,0.47442857142857137,3640.0
Revolution Case,2026-05-04 15:00:00+00:00,0.48,4586,0.016949152542372836,0.1074619657087661,0.47442857142857137,3814.1428571428573
Revolution Case,2026-05-04 16:00:00+00:00,0.471,5247,-0.018750000000000044,0.14413432184910602,0.4738571428571428,3936.5714285714284
Revolution Case,2026-05-04 17:00:00+00:00,0.488,6218,0.03609341825902335,0.18505812845435488,0.47642857142857137,4434.0
Revolution Case,2026-05-04 18:00:00+00:00,0.47,3545,-0.03688524590163933,-0.42988099067224184,0.4757142857142857,4443.0
Revolution Case,2026-05-04 19:00:00+00:00,0.482,7129,0.025531914893617058,1.0110014104372356,0.47628571428571426,4903.571428571428
Revolution Case,2026-05-04 20:00:00+00:00,0.447,18228,-0.07261410788381739,1.5568803478748774,0.4728571428571428,7013.428571428572
Revolution Case,2026-05-04 21:00:00+00:00,0.489,5238,0.09395973154362403,-0.7126398946675445,0.47528571428571426,7170.142857142857
Revolution Case,2026-05-04 22:00:00+00:00,0.488,4419,-0.002044989775051076,-0.1563573883161512,0.47642857142857137,7146.285714285715
Revolution Case,2026-05-04 23:00:00+00:00,0.498,4380,0.020491803278688492,-0.008825526137135054,0.4802857142857143,7022.428571428572
Revolution Case,2026-05-05 00:00:00+00:00,0.5,3985,0.004016064257028162,-0.09018264840182644,0.48200000000000004,6703.428571428572
Revolution Case,2026-05-05 01:00:00+00:00,0.5,3923,0.0,-0.015558343789209506,0.48628571428571427,6757.428571428572
Revolution Case,2026-05-05 02:00:00+00:00,0.501,3613,0.0020000000000000018,-0.07902115727759362,0.489,6255.142857142857
Revolution Case,2026-05-05 03:00:00+00:00,0.5,3417,-0.001996007984031989,-0.054248546913922,0.49657142857142855,4139.285714285715
Revolution Case,2026-05-05 04:00:00+00:00,0.5,3048,0.0,-0.10798946444249347,0.49814285714285716,3826.4285714285716
Revolution Case,2026-05-05 05:00:00+00:00,0.5,3027,0.0,-0.006889763779527547,0.4998571428571429,3627.5714285714284
Revolution Case,2026-05-05 06:00:00+00:00,0.5,2336,0.0,-0.22827882391807075,0.5001428571428571,3335.5714285714284
Revolution Case,2026-05-05 07:00:00+00:00,0.494,2419,-0.01200000000000001,0.03553082191780832,0.4992857142857143,3111.8571428571427
Revolution Case,2026-05-05 08:00:00+00:00,0.48,2968,-0.028340080971659964,0.2269532864820174,0.4964285714285714,2975.4285714285716
Revolution Case,2026-05-05 09:00:00+00:00,0.48,3216,0.0,0.0835579514824798,0.4934285714285714,2918.714285714286
Revolution Case,2026-05-05 10:00:00+00:00,0.483,2830,0.006250000000000089,-0.12002487562189057,0.491,2834.8571428571427
Revolution Case,2026-05-05 11:00:00+00:00,0.48,2610,-0.006211180124223614,-0.07773851590106007,0.4881428571428571,2772.285714285714
Revolution Case,2026-05-05 12:00:00+00:00,0.474,3248,-0.012500000000000067,0.24444444444444446,0.48442857142857143,2803.8571428571427
Revolution Case,2026-05-05 13:00:00+00:00,0.468,3743,-0.012658227848101111,0.15240147783251223,0.47985714285714287,3004.8571428571427
Revolution Case,2026-05-05 14:00:00+00:00,0.48,4148,0.02564102564102555,0.10820197702377765,0.47785714285714287,3251.8571428571427
Revolution Case,2026-05-05 15:00:00+00:00,0.48,4313,0.0,0.039778206364513125,0.47785714285714287,3444.0
Revolution Case,2026-05-05 16:00:00+00:00,0.48,4974,0.0,0.15325759332251332,0.47785714285714287,3695.1428571428573
Revolution Case,2026-05-05 17:00:00+00:00,0.48,5263,0.0,0.05810213108162454,0.4774285714285714,4042.714285714286
Revolution Case,2026-05-05 18:00:00+00:00,0.474,6017,-0.012500000000000067,0.1432642979289378,0.47657142857142853,4529.428571428572
Revolution Case,2026-05-05 19:00:00+00:00,0.48,5313,0.012658227848101333,-0.11700182815356486,0.47742857142857137,4824.428571428572
Revolution Case,2026-05-05 20:00:00+00:00,0.48,5065,0.0,-0.046677959721437956,0.4791428571428571,5013.285714285715
Revolution Case,2026-05-05 21:00:00+00:00,0.48,5204,0.0,0.027443237907206264,0.4791428571428571,5164.142857142857
Revolution Case,2026-05-05 22:00:00+00:00,0.488,5102,0.016666666666666607,-0.019600307455803212,0.48028571428571426,5276.857142857143
Revolution Case,2026-05-05 23:00:00+00:00,0.484,4659,-0.008196721311475419,-0.086828694629557,0.4808571428571428,5231.857142857143
Revolution Case,2026-05-06 00:00:00+00:00,0.483,3990,-0.0020661157024793875,-0.14359304571796527,0.48128571428571426,5050.0
Revolution Case,2026-05-06 01:00:00+00:00,0.49,3188,0.01449275362318847,-0.20100250626566418,0.4835714285714286,4645.857142857143
Revolution Case,2026-05-06 02:00:00+00:00,0.48,4128,-0.020408163265306145,0.2948557089084065,0.4835714285714286,4476.571428571428
Revolution Case,2026-05-06 03:00:00+00:00,0.48,3824,0.0,-0.0736434108527132,0.4835714285714286,4299.285714285715
Revolution Case,2026-05-06 04:00:00+00:00,0.48,4275,0.0,0.11793933054393313,0.4835714285714286,4166.571428571428
Revolution Case,2026-05-06 05:00:00+00:00,0.48,3360,0.0,-0.21403508771929824,0.4824285714285715,3917.714285714286
Revolution Case,2026-05-06 06:00:00+00:00,0.477,3577,-0.006249999999999978,0.06458333333333344,0.48142857142857143,3763.1428571428573
Revolution Case,2026-05-06 07:00:00+00:00,0.469,2835,-0.016771488469601747,-0.20743639921722112,0.4794285714285714,3598.1428571428573
Revolution Case,2026-05-06 08:00:00+00:00,0.456,3509,-0.02771855010660973,0.237742504409171,0.47457142857142853,3644.0
Revolution Case,2026-05-06 09:00:00+00:00,0.47,6086,0.030701754385964897,0.7343972641778285,0.47314285714285714,3923.714285714286
Revolution Case,2026-05-06 10:00:00+00:00,0.459,4374,-0.023404255319148803,-0.28130134735458434,0.47014285714285714,4002.285714285714
Revolution Case,2026-05-06 11:00:00+00:00,0.456,4602,-0.006535947712418277,0.05212620027434833,0.4667142857142857,4049.0
Revolution Case,2026-05-06 12:00:00+00:00,0.456,5238,0.0,0.1382007822685789,0.46328571428571425,4317.285714285715
Revolution Case,2026-05-06 13:00:00+00:00,0.456,5541,0.0,0.057846506300114564,0.4602857142857143,4597.857142857143
Revolution Case,2026-05-06 14:00:00+00:00,0.456,7529,0.0,0.35878000360945683,0.45842857142857146,5268.428571428572
Revolution Case,2026-05-06 15:00:00+00:00,0.456,8108,0.0,0.07690264311329531,0.45842857142857146,5925.428571428572
Revolution Case,2026-05-06 16:00:00+00:00,0.456,7659,0.0,-0.05537740503206712,0.4564285714285714,6150.142857142857
Revolution Case,2026-05-06 17:00:00+00:00,0.467,8381,0.02412280701754388,0.09426818122470304,0.4575714285714286,6722.571428571428
Revolution Case,2026-05-06 18:00:00+00:00,0.461,8413,-0.012847965738758016,0.0038181601240903085,0.4582857142857143,7267.0
Revolution Case,2026-05-06 19:00:00+00:00,0.468,8554,0.015184381778741818,0.016759776536312776,0.46,7740.714285714285
Revolution Case,2026-05-06 20:00:00+00:00,0.456,7439,-0.02564102564102566,-0.13034837502922614,0.46,8011.857142857143
Revolution Case,2026-05-06 21:00:00+00:00,0.468,7314,0.026315789473684292,-0.01680333378142218,0.46171428571428574,7981.142857142857
Revolution Case,2026-05-06 22:00:00+00:00,0.47,6264,0.004273504273504258,-0.14356029532403614,0.4637142857142858,7717.714285714285
Revolution Case,2026-05-06 23:00:00+00:00,0.47,5719,0.0,-0.08700510855683274,0.46571428571428575,7440.571428571428
Revolution Case,2026-05-07 00:00:00+00:00,0.477,4725,0.014893617021276562,-0.17380660954712357,0.46714285714285714,6918.285714285715
Revolution Case,2026-05-07 01:00:00+00:00,0.48,4696,0.0062893081761006275,-0.006137566137566108,0.4698571428571428,6387.285714285715
Revolution Case,2026-05-07 02:00:00+00:00,0.48,4694,0.0,-0.0004258943781941804,0.47157142857142853,5835.857142857143
Revolution Case,2026-05-07 03:00:00+00:00,0.49,4045,0.02083333333333326,-0.13826161056668085,0.4764285714285714,5351.0
Revolution Case,2026-05-07 04:00:00+00:00,0.49,3686,0.0,-0.08875154511742889,0.47957142857142854,4832.714285714285
Revolution Case,2026-05-07 05:00:00+00:00,0.48,3196,-0.020408163265306145,-0.13293543136190988,0.4809999999999999,4394.428571428572
Revolution Case,2026-05-07 06:00:00+00:00,0.48,3005,0.0,-0.059762202753441795,0.4824285714285714,4006.714285714286
Revolution Case,2026-05-07 07:00:00+00:00,0.472,2660,-0.01666666666666672,-0.11480865224625625,0.4817142857142857,3711.714285714286
Revolution Case,2026-05-07 08:00:00+00:00,0.469,3538,-0.006355932203389814,0.33007518796992485,0.4801428571428571,3546.285714285714
Revolution Case,2026-05-07 09:00:00+00:00,0.458,3066,-0.023454157782515916,-0.13340870548332395,0.477,3313.714285714286
Revolution Case,2026-05-07 10:00:00+00:00,0.469,3606,0.024017467248908186,0.1761252446183954,0.4739999999999999,3251.0
Revolution Case,2026-05-07 11:00:00+00:00,0.465,4050,-0.008528784648187515,0.12312811980033267,0.4704285714285715,3303.0
Revolution Case,2026-05-07 12:00:00+00:00,0.458,4003,-0.01505376344086018,-0.011604938271604914,0.46728571428571425,3418.285714285714
Revolution Case,2026-05-07 13:00:00+00:00,0.454,4846,-0.008733624454148492,0.21059205595803143,0.4635714285714286,3681.285714285714
Revolution Case,2026-05-07 14:00:00+00:00,0.458,4919,0.008810572687224738,0.015063970284771022,0.46157142857142863,4004.0
Revolution Case,2026-05-07 15:00:00+00:00,0.458,5673,0.0,0.15328318763976423,0.46,4309.0
Revolution Case,2026-05-07 16:00:00+00:00,0.46,6450,0.004366812227074135,0.1369645690111052,0.4602857142857143,4792.428571428572
Revolution Case,2026-05-07 17:00:00+00:00,0.471,7501,0.023913043478260843,0.16294573643410848,0.4605714285714286,5348.857142857143
Revolution Case,2026-05-07 18:00:00+00:00,0.47,8053,-0.002123142250530785,0.07359018797493677,0.4612857142857143,5920.714285714285
Revolution Case,2026-05-07 19:00:00+00:00,0.47,7198,0.0,-0.10617161306345457,0.463,6377.142857142857
Revolution Case,2026-05-07 20:00:00+00:00,0.462,6434,-0.017021276595744594,-0.10614059460961378,0.46414285714285713,6604.0
Revolution Case,2026-05-07 21:00:00+00:00,0.47,6213,0.017316017316017174,-0.034348772147963946,0.4658571428571428,6788.857142857143
Revolution Case,2026-05-07 22:00:00+00:00,0.47,6388,0.0,0.02816674714308709,0.4675714285714286,6891.0
Revolution Case,2026-05-07 23:00:00+00:00,0.476,5955,0.012765957446808418,-0.06778334376956796,0.46985714285714286,6820.285714285715
Revolution Case,2026-05-08 00:00:00+00:00,0.48,4152,0.008403361344537785,-0.30277078085642317,0.47114285714285714,6341.857142857143
Revolution Case,2026-05-08 01:00:00+00:00,0.48,4190,0.0,0.009152215799614671,0.47257142857142853,5790.0
Revolution Case,2026-05-08 02:00:00+00:00,0.49,5286,0.02083333333333326,0.2615751789976133,0.4754285714285714,5516.857142857143
Revolution Case,2026-05-08 03:00:00+00:00,0.484,4357,-0.01224489795918371,-0.17574725690503212,0.47857142857142854,5220.142857142857
Revolution Case,2026-05-08 04:00:00+00:00,0.49,3955,0.012396694214876103,-0.0922653201744319,0.48142857142857143,4897.571428571428
Revolution Case,2026-05-08 05:00:00+00:00,0.49,3556,0.0,-0.10088495575221235,0.48428571428571426,4493.0
Revolution Case,2026-05-08 06:00:00+00:00,0.49,3221,0.0,-0.09420697412823398,0.48628571428571427,4102.428571428572
Revolution Case,2026-05-08 07:00:00+00:00,0.489,2739,-0.0020408163265306367,-0.14964296802235333,0.48757142857142854,3900.5714285714284
Revolution Case,2026-05-08 08:00:00+00:00,0.468,3096,-0.042944785276073594,0.13033953997809422,0.4858571428571428,3744.285714285714
Revolution Case,2026-05-08 09:00:00+00:00,0.464,3528,-0.008547008547008517,0.13953488372093026,0.48214285714285715,3493.1428571428573
Revolution Case,2026-05-08 10:00:00+00:00,0.457,3343,-0.015086206896551713,-0.052437641723355966,0.4782857142857143,3348.285714285714
Revolution Case,2026-05-08 11:00:00+00:00,0.46,3963,0.006564551422319376,0.1854621597367634,0.47400000000000003,3349.4285714285716
Revolution Case,2026-05-08 12:00:00+00:00,0.469,4315,0.019565217391304346,0.08882159979813276,0.47100000000000003,3457.8571428571427
Revolution Case,2026-05-08 13:00:00+00:00,0.467,4386,-0.004264392324093702,0.016454229432213197,0.4677142857142857,3624.285714285714
Revolution Case,2026-05-08 14:00:00+00:00,0.47,6235,0.0064239828693788414,0.42156862745098045,0.46499999999999997,4123.714285714285
Revolution Case,2026-05-08 15:00:00+00:00,0.471,6130,0.0021276595744681437,-0.016840417000801966,0.4654285714285714,4557.142857142857
Revolution Case,2026-05-08 16:00:00+00:00,0.471,5680,0.0,-0.0734094616639478,0.46642857142857147,4864.571428571428
Revolution Case,2026-05-08 17:00:00+00:00,0.482,7677,0.023354564755838636,0.3515845070422534,0.4699999999999999,5483.714285714285
Revolution Case,2026-05-08 18:00:00+00:00,0.483,9556,0.0020746887966804906,0.2447570665624592,0.47328571428571425,6282.714285714285
Revolution Case,2026-05-08 19:00:00+00:00,0.478,6923,-0.010351966873705987,-0.27553369610715783,0.4745714285714286,6655.285714285715
Revolution Case,2026-05-08 20:00:00+00:00,0.48,7089,0.004184100418409997,0.0239780442004911,0.4764285714285714,7041.428571428572
Revolution Case,2026-05-08 21:00:00+00:00,0.48,6825,0.0,-0.0372407955988151,0.47785714285714287,7125.714285714285
Revolution Case,2026-05-08 22:00:00+00:00,0.483,7038,0.006250000000000089,0.031208791208791276,0.47957142857142854,7255.428571428572
Revolution Case,2026-05-08 23:00:00+00:00,0.49,7569,0.01449275362318847,0.07544757033248084,0.48228571428571426,7525.285714285715
Revolution Case,2026-05-09 00:00:00+00:00,0.49,6270,0.0,-0.17162108600871973,0.48342857142857143,7324.285714285715
Revolution Case,2026-05-09 01:00:00+00:00,0.49,6038,0.0,-0.0370015948963317,0.48442857142857143,6821.714285714285
Revolution Case,2026-05-09 02:00:00+00:00,0.5,5672,0.020408163265306145,-0.060616098045710554,0.48757142857142854,6643.0
Revolution Case,2026-05-09 03:00:00+00:00,0.49,5978,-0.020000000000000018,0.053949224259520534,0.48899999999999993,6484.285714285715
Revolution Case,2026-05-09 04:00:00+00:00,0.49,5766,0.0,-0.03546336567413855,0.4904285714285714,6333.0
Revolution Case,2026-05-09 05:00:00+00:00,0.493,4848,0.00612244897959191,-0.15920915712799166,0.4918571428571429,6020.142857142857
Revolution Case,2026-05-09 06:00:00+00:00,0.5,4042,0.014198782961460488,-0.16625412541254125,0.49328571428571427,5516.285714285715
Revolution Case,2026-05-09 07:00:00+00:00,0.5,3987,0.0,-0.013607125185551738,0.4947142857142857,5190.142857142857
Revolution Case,2026-05-09 08:00:00+00:00,0.481,3798,-0.038000000000000034,-0.04740406320541757,0.4934285714285714,4870.142857142857
Revolution Case,2026-05-09 09:00:00+00:00,0.474,4091,-0.01455301455301461,0.07714586624539232,0.4897142857142857,4644.285714285715
Revolution Case,2026-05-09 10:00:00+00:00,0.483,5679,0.018987341772152,0.3881691517966268,0.48871428571428577,4601.571428571428
Revolution Case,2026-05-09 11:00:00+00:00,0.471,4316,-0.024844720496894457,-0.24000704349357282,0.48599999999999993,4394.428571428572
Revolution Case,2026-05-09 12:00:00+00:00,0.474,5299,0.006369426751592355,0.22775718257645972,0.48328571428571426,4458.857142857143
Revolution Case,2026-05-09 13:00:00+00:00,0.471,5374,-0.006329113924050667,0.014153613889413164,0.47914285714285715,4649.142857142857
Revolution Case,2026-05-09 14:00:00+00:00,0.476,5638,0.010615711252653925,0.04912541868254561,0.4757142857142857,4885.0
Revolution Case,2026-05-09 15:00:00+00:00,0.48,6065,0.008403361344537785,0.07573607662291604,0.47557142857142853,5208.857142857143
Revolution Case,2026-05-09 16:00:00+00:00,0.483,5927,0.006250000000000089,-0.02275350370981044,0.4768571428571428,5471.142857142857
Revolution Case,2026-05-09 17:00:00+00:00,0.483,6241,0.0,0.05297789775603179,0.4768571428571428,5551.428571428572
Revolution Case,2026-05-09 18:00:00+00:00,0.486,6736,0.006211180124223503,0.07931421246595094,0.479,5897.142857142857
Revolution Case,2026-05-09 19:00:00+00:00,0.483,7663,-0.006172839506172867,0.13761876484560576,0.48028571428571426,6234.857142857143
Revolution Case,2026-05-09 20:00:00+00:00,0.495,10361,0.024844720496894457,0.35208143024924965,0.4837142857142857,6947.285714285715
Revolution Case,2026-05-09 21:00:00+00:00,0.49,7240,-0.010101010101010055,-0.30122575041019206,0.48571428571428577,7176.142857142857
Revolution Case,2026-05-09 22:00:00+00:00,0.492,6240,0.004081632653061273,-0.13812154696132595,0.48742857142857143,7201.142857142857
Revolution Case,2026-05-09 23:00:00+00:00,0.49,6128,-0.004065040650406471,-0.017948717948717996,0.48842857142857143,7229.857142857143
Revolution Case,2026-05-10 00:00:00+00:00,0.487,4508,-0.006122448979591799,-0.2643603133159269,0.489,6982.285714285715
Revolution Case,2026-05-10 01:00:00+00:00,0.492,4562,0.010266940451745477,0.011978704525288375,0.4898571428571429,6671.714285714285
Revolution Case,2026-05-10 02:00:00+00:00,0.5,3915,0.016260162601626105,-0.1418237615081105,0.4922857142857143,6136.285714285715
Revolution Case,2026-05-10 03:00:00+00:00,0.5,3591,0.0,-0.08275862068965523,0.493,5169.142857142857
Revolution Case,2026-05-10 04:00:00+00:00,0.5,3141,0.0,-0.12531328320802004,0.4944285714285715,4583.571428571428
Revolution Case,2026-05-10 05:00:00+00:00,0.5,3855,0.0,0.22731614135625589,0.4955714285714286,4242.857142857143
Revolution Case,2026-05-10 06:00:00+00:00,0.49,3577,-0.020000000000000018,-0.07211413748378726,0.49557142857142855,3878.4285714285716
Revolution Case,2026-05-10 07:00:00+00:00,0.5,4414,0.020408163265306145,0.23399496785015383,0.4974285714285714,3865.0
Revolution Case,2026-05-10 08:00:00+00:00,0.48,4055,-0.040000000000000036,-0.081332125056638,0.49571428571428566,3792.5714285714284
Revolution Case,2026-05-10 09:00:00+00:00,0.472,4117,-0.01666666666666672,0.015289765721331783,0.49171428571428566,3821.4285714285716
Revolution Case,2026-05-10 10:00:00+00:00,0.466,4651,-0.012711864406779516,0.12970609667233424,0.4868571428571428,3972.8571428571427
Revolution Case,2026-05-10 11:00:00+00:00,0.471,5072,0.010729613733905463,0.09051816813588465,0.4827142857142857,4248.714285714285
Revolution Case,2026-05-10 12:00:00+00:00,0.463,4124,-0.01698513800424617,-0.18690851735015768,0.47742857142857137,4287.142857142857
Revolution Case,2026-05-10 13:00:00+00:00,0.47,4997,0.015118790496760237,0.21168768186226972,0.4745714285714286,4490.0
Revolution Case,2026-05-10 14:00:00+00:00,0.471,6524,0.0021276595744681437,0.305583350010006,0.4704285714285715,4791.428571428572
Revolution Case,2026-05-10 15:00:00+00:00,0.471,5839,0.0,-0.10499693439607605,0.46914285714285714,5046.285714285715
Revolution Case,2026-05-10 16:00:00+00:00,0.471,5842,0.0,0.0005137866072957298,0.469,5292.714285714285
Revolution Case,2026-05-10 17:00:00+00:00,0.476,5874,0.010615711252653925,0.00547757617254363,0.47042857142857136,5467.428571428572
Revolution Case,2026-05-10 18:00:00+00:00,0.48,6305,0.008403361344537785,0.07337419135171941,0.47171428571428564,5643.571428571428
Revolution Case,2026-05-10 19:00:00+00:00,0.483,6079,0.006250000000000089,-0.035844567803330674,0.47457142857142853,5922.857142857143
Revolution Case,2026-05-10 20:00:00+00:00,0.483,6935,0.0,0.14081263365685137,0.4764285714285714,6199.714285714285
Revolution Case,2026-05-10 21:00:00+00:00,0.483,5959,0.0,-0.14073540014419605,0.4781428571428571,6119.0
Revolution Case,2026-05-10 22:00:00+00:00,0.483,5174,0.0,-0.13173351233428432,0.4798571428571428,6024.0
Revolution Case,2026-05-10 23:00:00+00:00,0.49,4374,0.01449275362318847,-0.15461925009663702,0.4825714285714286,5814.285714285715
Revolution Case,2026-05-11 00:00:00+00:00,0.483,3839,-0.014285714285714346,-0.12231367169638774,0.48357142857142854,5523.571428571428
Revolution Case,2026-05-11 01:00:00+00:00,0.5,4493,0.035196687370600444,0.17035686376660597,0.4864285714285715,5264.714285714285
Revolution Case,2026-05-11 02:00:00+00:00,0.49,4433,-0.020000000000000018,-0.01335410638771417,0.48742857142857143,5029.571428571428
Revolution Case,2026-05-11 03:00:00+00:00,0.49,3607,0.0,-0.18632979923302506,0.4884285714285714,4554.142857142857
Revolution Case,2026-05-11 04:00:00+00:00,0.492,2817,0.004081632653061273,-0.21901857499306898,0.4897142857142857,4105.285714285715
Revolution Case,2026-05-11 05:00:00+00:00,0.49,2566,-0.004065040650406471,-0.08910188143414977,0.4907142857142857,3732.714285714286
Revolution Case,2026-05-11 06:00:00+00:00,0.49,3060,0.0,0.19251753702260332,0.49071428571428566,3545.0
Revolution Case,2026-05-11 07:00:00+00:00,0.49,2715,0.0,-0.11274509803921573,0.4917142857142857,3384.4285714285716
Revolution Case,2026-05-11 08:00:00+00:00,0.47,3373,-0.04081632653061229,0.24235727440147325,0.48742857142857143,3224.4285714285716
Revolution Case,2026-05-11 09:00:00+00:00,0.459,4091,-0.023404255319148803,0.21286688407945453,0.483,3175.5714285714284
Revolution Case,2026-05-11 10:00:00+00:00,0.458,4182,-0.002178649237472796,0.02224395013444136,0.4784285714285715,3257.714285714286
Revolution Case,2026-05-11 11:00:00+00:00,0.459,3727,0.0021834061135370675,-0.10879961740793875,0.47371428571428575,3387.714285714286
Revolution Case,2026-05-11 12:00:00+00:00,0.459,3919,0.0,0.0515159645827743,0.4692857142857143,3581.0
Revolution Case,2026-05-11 13:00:00+00:00,0.459,3620,0.0,-0.07629497320745093,0.46485714285714286,3661.0
Revolution Case,2026-05-11 14:00:00+00:00,0.47,4686,0.023965141612200425,0.2944751381215469,0.462,3942.5714285714284
Revolution Case,2026-05-11 15:00:00+00:00,0.47,5138,0.0,0.09645753307725147,0.4620000000000001,4194.714285714285
Revolution Case,2026-05-11 16:00:00+00:00,0.471,5083,0.0021276595744681437,-0.010704554301284586,0.4637142857142857,4336.428571428572
Revolution Case,2026-05-11 17:00:00+00:00,0.471,5604,0.0,0.10249852449340935,0.4655714285714286,4539.571428571428
Revolution Case,2026-05-11 18:00:00+00:00,0.483,7371,0.02547770700636942,0.31531049250535337,0.469,5060.142857142857
Revolution Case,2026-05-11 19:00:00+00:00,0.478,5413,-0.010351966873705987,-0.2656355989689323,0.47171428571428564,5273.571428571428
Revolution Case,2026-05-11 20:00:00+00:00,0.48,5509,0.004184100418409997,0.01773508220949571,0.47471428571428564,5543.428571428572
Revolution Case,2026-05-11 21:00:00+00:00,0.484,5383,0.008333333333333304,-0.02287166454891998,0.4767142857142857,5643.0
Revolution Case,2026-05-11 22:00:00+00:00,0.48,4484,-0.008264462809917328,-0.167007245030652,0.4781428571428571,5549.571428571428
Revolution Case,2026-05-11 23:00:00+00:00,0.488,3910,0.016666666666666607,-0.12801070472792153,0.48057142857142854,5382.0
Revolution Case,2026-05-12 00:00:00+00:00,0.483,4487,-0.010245901639344246,0.1475703324808184,0.48228571428571426,5222.428571428572
Revolution Case,2026-05-12 01:00:00+00:00,0.49,3876,0.01449275362318847,-0.13617116113215955,0.48328571428571426,4723.142857142857
Revolution Case,2026-05-12 02:00:00+00:00,0.49,3587,0.0,-0.07456140350877194,0.485,4462.285714285715
Revolution Case,2026-05-12 03:00:00+00:00,0.48,3414,-0.020408163265306145,-0.048229718427655444,0.485,4163.0
Revolution Case,2026-05-12 04:00:00+00:00,0.49,3140,0.02083333333333326,-0.08025776215582892,0.4858571428571429,3842.5714285714284
Revolution Case,2026-05-12 05:00:00+00:00,0.49,4014,0.0,0.27834394904458604,0.48728571428571427,3775.4285714285716
Revolution Case,2026-05-12 06:00:00+00:00,0.49,3784,0.0,-0.057299451918286004,0.4875714285714286,3757.4285714285716
Revolution Case,2026-05-12 07:00:00+00:00,0.48,2472,-0.020408163265306145,-0.34672304439746304,0.48714285714285716,3469.5714285714284
Revolution Case,2026-05-12 08:00:00+00:00,0.48,3073,0.0,0.2431229773462784,0.4857142857142857,3354.8571428571427
Revolution Case,2026-05-12 09:00:00+00:00,0.464,3252,-0.033333333333333215,0.05824926781646589,0.48200000000000004,3307.0
Revolution Case,2026-05-12 10:00:00+00:00,0.46,4077,-0.008620689655172376,0.25369003690036895,0.47914285714285715,3401.714285714286
Revolution Case,2026-05-12 11:00:00+00:00,0.464,3928,0.008695652173912993,-0.03654648025508955,0.4754285714285714,3514.285714285714
Revolution Case,2026-05-12 12:00:00+00:00,0.464,3195,0.0,-0.18660896130346227,0.4717142857142857,3397.285714285714
Revolution Case,2026-05-12 13:00:00+00:00,0.46,3825,-0.008620689655172376,0.19718309859154926,0.4674285714285714,3403.1428571428573
Revolution Case,2026-05-12 14:00:00+00:00,0.46,3426,0.0,-0.10431372549019613,0.4645714285714285,3539.4285714285716
Revolution Case,2026-05-12 15:00:00+00:00,0.471,3117,0.023913043478260843,-0.0901926444833625,0.46328571428571425,3545.714285714286
Revolution Case,2026-05-12 16:00:00+00:00,0.471,5156,0.0,0.6541546358678216,0.4642857142857143,3817.714285714286
Fracture Case,2020-08-07 01:00:00+00:00,10.698,57688,,,10.698,57688.0
Fracture Case,2020-08-08 01:00:00+00:00,6.926,48599,-0.3525892690222472,-0.15755443073082787,8.812000000000001,53143.5
Fracture Case,2020-08-09 01:00:00+00:00,5.399,47728,-0.22047357782269705,-0.01792217946871333,7.674333333333333,51338.333333333336
Fracture Case,2020-08-10 01:00:00+00:00,4.416,45967,-0.1820707538433043,-0.036896580623533404,6.85975,49995.5
Fracture Case,2020-08-11 01:00:00+00:00,3.952,45196,-0.10507246376811608,-0.0167729022994757,6.2782,49035.6
Fracture Case,2020-08-12 01:00:00+00:00,3.643,43555,-0.07818825910931182,-0.0363085228781308,5.8389999999999995,48122.166666666664
Fracture Case,2020-08-13 01:00:00+00:00,3.46,43070,-0.05023332418336535,-0.011135346114108602,5.499142857142857,47400.42857142857
Fracture Case,2020-08-14 01:00:00+00:00,3.298,46246,-0.04682080924855492,0.0737404225679128,4.442,45765.857142857145
Fracture Case,2020-08-15 01:00:00+00:00,3.222,44554,-0.02304426925409342,-0.03658694806037277,3.9128571428571424,45188.0
Fracture Case,2020-08-16 01:00:00+00:00,2.758,47411,-0.14400993171942889,0.06412443327198458,3.535571428571429,45142.71428571428
Fracture Case,2020-08-17 01:00:00+00:00,2.435,44304,-0.11711385061638868,-0.0655333150534686,3.2525714285714287,44905.142857142855
Fracture Case,2020-08-18 01:00:00+00:00,2.316,48440,-0.0488706365503081,0.0933550018057061,3.0188571428571427,45368.57142857143
Fracture Case,2020-08-19 01:00:00+00:00,2.358,47738,0.0181347150259068,-0.014492155243600369,2.835285714285714,45966.142857142855
Fracture Case,2020-08-20 01:00:00+00:00,2.37,45238,0.0050890585241729624,-0.05236918178390382,2.6795714285714287,46275.857142857145
Fracture Case,2020-08-21 01:00:00+00:00,2.317,47635,-0.022362869198312207,0.05298642733984704,2.5394285714285716,46474.28571428572
Fracture Case,2020-08-22 01:00:00+00:00,2.439,46853,0.05265429434613722,-0.016416500472341777,2.4275714285714285,46802.71428571428
Fracture Case,2020-08-23 01:00:00+00:00,2.209,49366,-0.09430094300943004,0.05363583975412456,2.3491428571428576,47082.0
Fracture Case,2020-08-24 01:00:00+00:00,2.047,49509,-0.07333635129017646,0.0028967305432889834,2.293714285714286,47825.57142857143
Fracture Case,2020-08-25 01:00:00+00:00,1.921,53898,-0.06155349291646317,0.08865054838514208,2.2372857142857145,48605.28571428572
Fracture Case,2020-08-26 01:00:00+00:00,1.915,48431,-0.003123373243102523,-0.10143233515158256,2.1740000000000004,48704.28571428572
Fracture Case,2020-08-27 01:00:00+00:00,1.842,49525,-0.03812010443864222,0.022588837727901545,2.0985714285714283,49316.71428571428
Fracture Case,2020-08-28 01:00:00+00:00,1.867,51543,0.01357220412595006,0.04074709742554261,2.0342857142857143,49875.0
Fracture Case,2020-08-29 01:00:00+00:00,1.842,47715,-0.01339046598821636,-0.0742680868401141,1.949,49998.142857142855
Fracture Case,2020-08-30 01:00:00+00:00,1.684,50963,-0.08577633007600438,0.0680708372629153,1.874,50226.28571428572
Fracture Case,2020-08-31 01:00:00+00:00,1.551,50976,-0.07897862232779096,0.00025508702391929816,1.8031428571428572,50435.857142857145
Fracture Case,2020-09-01 01:00:00+00:00,1.548,45849,-0.0019342359767891004,-0.10057674199623357,1.749857142857143,49286.0
Fracture Case,2020-09-02 01:00:00+00:00,1.594,46272,0.029715762273901936,0.009225937315971988,1.704,48977.57142857143
Fracture Case,2020-09-03 01:00:00+00:00,1.568,44761,-0.016311166875784155,-0.032654737206085804,1.6648571428571428,48297.0
Fracture Case,2020-09-04 01:00:00+00:00,1.619,50004,0.032525510204081565,0.11713321865016413,1.6294285714285714,48077.142857142855
Fracture Case,2020-09-05 01:00:00+00:00,1.525,49822,-0.05806053119209398,-0.003639708823294119,1.5841428571428569,48378.142857142855
Fracture Case,2020-09-06 01:00:00+00:00,1.413,52068,-0.0734426229508196,0.04508048653205421,1.5454285714285714,48536.0
Fracture Case,2020-09-07 01:00:00+00:00,1.406,47492,-0.004953998584571906,-0.08788507336559881,1.5247142857142857,48038.28571428572
Fracture Case,2020-09-08 01:00:00+00:00,1.351,47045,-0.039118065433854876,-0.009412111513518062,1.4965714285714284,48209.142857142855
Fracture Case,2020-09-09 01:00:00+00:00,1.326,48394,-0.01850481125092518,0.02867467318524808,1.4582857142857144,48512.28571428572
Fracture Case,2020-09-10 01:00:00+00:00,1.412,49090,0.06485671191553544,0.014381948175393733,1.4360000000000002,49130.71428571428
Fracture Case,2020-09-11 01:00:00+00:00,1.433,52752,0.014872521246459103,0.07459767773477277,1.4094285714285715,49523.28571428572
Fracture Case,2020-09-12 01:00:00+00:00,1.443,56072,0.006978367062107527,0.06293600242644826,1.397714285714286,50416.142857142855
Fracture Case,2020-09-13 01:00:00+00:00,1.408,52875,-0.02425502425502435,-0.05701597945498649,1.397,50531.42857142857
Fracture Case,2020-09-14 01:00:00+00:00,1.378,50716,-0.021306818181818232,-0.04083215130023643,1.393,50992.0
Fracture Case,2020-09-15 01:00:00+00:00,1.424,50706,0.03338171262699574,-0.0001971764334727233,1.4034285714285715,51515.0
Fracture Case,2020-09-16 01:00:00+00:00,1.457,51649,0.0231741573033708,0.018597404646393034,1.4221428571428572,51980.0
Fracture Case,2020-09-17 01:00:00+00:00,1.455,47391,-0.0013726835964310569,-0.0824410927607504,1.4282857142857142,51737.28571428572
Fracture Case,2020-09-18 01:00:00+00:00,1.443,53882,-0.008247422680412342,0.13696693465003906,1.4297142857142855,51898.71428571428
Fracture Case,2020-09-19 01:00:00+00:00,1.429,58182,-0.00970200970200974,0.07980401618351207,1.4277142857142857,52200.142857142855
Fracture Case,2020-09-20 01:00:00+00:00,1.353,54431,-0.05318404478656402,-0.06447011103090305,1.419857142857143,52422.42857142857
Fracture Case,2020-09-21 01:00:00+00:00,1.285,49594,-0.0502586844050259,-0.08886480130807817,1.4065714285714286,52262.142857142855
Fracture Case,2020-09-22 01:00:00+00:00,1.256,51432,-0.022568093385213928,0.03706093479049888,1.3825714285714288,52365.857142857145
Fracture Case,2020-09-23 01:00:00+00:00,1.265,51541,0.007165605095541316,0.002119303157567254,1.3551428571428572,52350.42857142857
Fracture Case,2020-09-24 01:00:00+00:00,1.262,50498,-0.00237154150197616,-0.02023631671872883,1.3275714285714284,52794.28571428572
Fracture Case,2020-09-25 01:00:00+00:00,1.273,56968,0.008716323296354966,0.12812388609449887,1.3032857142857144,53235.142857142855
Fracture Case,2020-09-26 01:00:00+00:00,1.21,59816,-0.04948939512961503,0.04999297851425366,1.272,53468.57142857143
Fracture Case,2020-09-27 01:00:00+00:00,1.01,62867,-0.1652892561983471,0.05100641968704034,1.223,54673.71428571428
Fracture Case,2020-09-28 01:00:00+00:00,0.906,56351,-0.10297029702970295,-0.10364738256955164,1.1688571428571428,55639.0
Fracture Case,2020-09-29 01:00:00+00:00,0.884,58968,-0.02428256070640178,0.046441056946638026,1.1157142857142857,56715.57142857143
Fracture Case,2020-09-30 01:00:00+00:00,0.905,57990,0.0237556561085972,-0.0165852665852666,1.0642857142857143,57636.857142857145
Fracture Case,2020-10-01 01:00:00+00:00,0.972,59507,0.07403314917127068,0.026159682703914555,1.022857142857143,58923.857142857145
Fracture Case,2020-10-02 01:00:00+00:00,0.985,64938,0.01337448559670773,0.09126657368040725,0.9817142857142857,60062.42857142857
Fracture Case,2020-10-03 01:00:00+00:00,0.94,65543,-0.045685279187817285,0.009316578890634197,0.9431428571428572,60880.57142857143
Fracture Case,2020-10-04 01:00:00+00:00,0.912,64935,-0.029787234042553123,-0.00927635292861173,0.9291428571428572,61176.0
Fracture Case,2020-10-05 01:00:00+00:00,0.908,58181,-0.004385964912280715,-0.10401170401170401,0.9294285714285714,61437.42857142857
Fracture Case,2020-10-06 01:00:00+00:00,0.921,54526,0.014317180616740144,-0.06282119592306767,0.9347142857142857,60802.857142857145
Fracture Case,2020-10-07 01:00:00+00:00,0.934,57148,0.014115092290988063,0.048087151083886503,0.9388571428571428,60682.57142857143
Fracture Case,2020-10-08 01:00:00+00:00,0.96,55674,0.027837259100642386,-0.025792678658920654,0.937142857142857,60135.0
Fracture Case,2020-10-09 01:00:00+00:00,0.979,60758,0.019791666666666652,0.09131731149189926,0.9362857142857143,59537.857142857145
Fracture Case,2020-10-10 01:00:00+00:00,0.973,63035,-0.006128702757916216,0.03747654629842989,0.941,59179.57142857143
Fracture Case,2020-10-11 01:00:00+00:00,0.966,60968,-0.007194244604316502,-0.03279130641706984,0.9487142857142857,58612.857142857145
Fracture Case,2020-10-12 01:00:00+00:00,0.938,56964,-0.02898550724637683,-0.06567379608975199,0.9530000000000001,58439.0
Fracture Case,2020-10-13 01:00:00+00:00,0.939,54892,0.0010660980810235365,-0.0363738501509725,0.9555714285714286,58491.28571428572
Fracture Case,2020-10-14 01:00:00+00:00,0.939,54239,0.0,-0.011896086861473476,0.9562857142857143,58075.71428571428
Fracture Case,2020-10-15 01:00:00+00:00,0.952,53907,0.013844515441959526,-0.006121056804144653,0.9551428571428572,57823.28571428572
Fracture Case,2020-10-16 01:00:00+00:00,0.966,57271,0.014705882352941124,0.06240376945480186,0.9532857142857143,57325.142857142855
Fracture Case,2020-10-17 01:00:00+00:00,0.955,64035,-0.011387163561076608,0.11810514920291237,0.9507142857142856,57468.0
Fracture Case,2020-10-18 01:00:00+00:00,0.915,60667,-0.041884816753926635,-0.05259623643320055,0.9434285714285713,57425.0
Fracture Case,2020-10-19 01:00:00+00:00,0.866,53129,-0.05355191256830605,-0.12425206454909588,0.9331428571428572,56877.142857142855
Fracture Case,2020-10-20 01:00:00+00:00,0.825,52251,-0.04734411085450352,-0.016525814526906157,0.9168571428571427,56499.857142857145
Fracture Case,2020-10-21 01:00:00+00:00,0.835,57519,0.0121212121212122,0.10082103691795363,0.902,56968.42857142857
Fracture Case,2020-10-22 01:00:00+00:00,0.852,56468,0.020359281437125842,-0.018272223091500228,0.8877142857142857,57334.28571428572
Fracture Case,2020-10-23 01:00:00+00:00,0.865,61892,0.015258215962441257,0.09605440249344754,0.8732857142857142,57994.42857142857
Fracture Case,2020-10-24 01:00:00+00:00,0.861,65099,-0.0046242774566473965,0.05181606669682681,0.8598571428571429,58146.42857142857
Fracture Case,2020-10-25 01:00:00+00:00,0.788,61883,-0.08478513356562134,-0.04940168051736582,0.8417142857142857,58320.142857142855
Fracture Case,2020-10-26 01:00:00+00:00,0.738,60004,-0.06345177664974622,-0.03036375094937216,0.8234285714285713,59302.28571428572
Fracture Case,2020-10-27 01:00:00+00:00,0.722,58467,-0.02168021680216803,-0.02561495900273314,0.8087142857142858,60190.28571428572
Fracture Case,2020-10-28 01:00:00+00:00,0.716,59984,-0.008310249307479256,0.025946260283578715,0.7917142857142858,60542.42857142857
Fracture Case,2020-10-29 01:00:00+00:00,0.72,61622,0.005586592178770999,0.02730728194185117,0.7728571428571429,61278.71428571428
Fracture Case,2020-10-30 01:00:00+00:00,0.736,69660,0.022222222222222143,0.13044042712018444,0.7544285714285713,62388.42857142857
Fracture Case,2020-10-31 01:00:00+00:00,0.744,66266,0.010869565217391353,-0.04872236577662936,0.7377142857142857,62555.142857142855
Fracture Case,2020-11-01 01:00:00+00:00,0.738,67356,-0.008064516129032251,0.01644885763438264,0.7305714285714285,63337.0
Fracture Case,2020-11-02 01:00:00+00:00,0.746,47799,0.01084010840108407,-0.29035275253874937,0.7317142857142857,61593.42857142857
Fracture Case,2020-11-03 01:00:00+00:00,0.734,62412,-0.01608579088471851,0.3057176928387624,0.7334285714285713,62157.0
Fracture Case,2020-11-04 01:00:00+00:00,0.739,62151,0.006811989100817373,-0.004181888098442554,0.7367142857142858,62466.57142857143
Fracture Case,2020-11-05 01:00:00+00:00,0.744,59766,0.006765899864682012,-0.03837428199063575,0.7401428571428571,62201.42857142857
Fracture Case,2020-11-06 01:00:00+00:00,0.773,65951,0.03897849462365599,0.10348693236957462,0.7454285714285714,61671.57142857143
Fracture Case,2020-11-07 01:00:00+00:00,0.82,70370,0.060802069857697205,0.06700429106457828,0.7562857142857143,62257.857142857145
Fracture Case,2020-11-08 01:00:00+00:00,0.792,65783,-0.03414634146341455,-0.06518402728435413,0.764,62033.142857142855
Fracture Case,2020-11-09 01:00:00+00:00,0.748,57902,-0.05555555555555558,-0.11980298861407968,0.7642857142857143,63476.42857142857
Fracture Case,2020-11-10 01:00:00+00:00,0.741,60047,-0.009358288770053513,0.037045352492141914,0.7652857142857143,63138.57142857143
Fracture Case,2020-11-11 01:00:00+00:00,0.744,57391,0.004048582995951344,-0.044232018252369,0.766,62458.57142857143
Fracture Case,2020-11-12 01:00:00+00:00,0.741,57339,-0.0040322580645161255,-0.0009060654109529498,0.7655714285714286,62111.857142857145
Fracture Case,2020-11-13 01:00:00+00:00,0.741,64769,0.0,0.1295802159088928,0.761,61943.0
Fracture Case,2020-11-14 01:00:00+00:00,0.743,67484,0.0026990553306343035,0.041918201608794226,0.75,61530.71428571428
Fracture Case,2020-11-15 01:00:00+00:00,0.724,62885,-0.025572005383580065,-0.06814948728587522,0.7402857142857143,61116.71428571428
Fracture Case,2020-11-16 01:00:00+00:00,0.678,61097,-0.06353591160220984,-0.028432853621690346,0.7302857142857143,61573.142857142855
Fracture Case,2020-11-17 01:00:00+00:00,0.668,63159,-0.014749262536873142,0.03374961127387599,0.7198571428571429,62017.71428571428
Fracture Case,2020-11-18 01:00:00+00:00,0.649,60255,-0.02844311377245512,-0.04597919536408113,0.7062857142857144,62426.857142857145
Fracture Case,2020-11-19 01:00:00+00:00,0.589,61483,-0.0924499229583976,0.02038005144801258,0.6845714285714285,63018.857142857145
Fracture Case,2020-11-20 01:00:00+00:00,0.61,69307,0.035653650254668934,0.12725468828781938,0.6658571428571429,63667.142857142855
Fracture Case,2020-11-21 01:00:00+00:00,0.631,72118,0.03442622950819674,0.04055867372704047,0.6498571428571428,64329.142857142855
Fracture Case,2020-11-22 01:00:00+00:00,0.623,69088,-0.01267828843106178,-0.04201447627499377,0.6354285714285715,65215.28571428572
Fracture Case,2020-11-23 01:00:00+00:00,0.593,62138,-0.04815409309791341,-0.10059634089856417,0.6232857142857143,65364.0
Fracture Case,2020-11-24 01:00:00+00:00,0.555,58997,-0.06408094435075873,-0.05054877852521811,0.6071428571428571,64769.42857142857
Fracture Case,2020-11-25 01:00:00+00:00,0.54,63869,-0.027027027027027084,0.08258047019339965,0.5915714285714285,65285.71428571428
Fracture Case,2020-11-26 01:00:00+00:00,0.536,69998,-0.007407407407407418,0.0959620473155991,0.584,66502.14285714286
Fracture Case,2020-11-27 01:00:00+00:00,0.561,77220,0.04664179104477606,0.10317437641075466,0.5770000000000001,67632.57142857143
Fracture Case,2020-11-28 01:00:00+00:00,0.581,79106,0.035650623885917776,0.024423724423724424,0.5698571428571428,68630.85714285714
Fracture Case,2020-11-29 01:00:00+00:00,0.563,70534,-0.030981067125645523,-0.10836093343109243,0.5612857142857143,68837.42857142857
Fracture Case,2020-11-30 01:00:00+00:00,0.55,68594,-0.023090586145648184,-0.02750446593132394,0.5551428571428572,69759.71428571429
Fracture Case,2020-12-01 01:00:00+00:00,0.535,62251,-0.027272727272727337,-0.0924716447502697,0.5522857142857143,70224.57142857143
Fracture Case,2020-12-02 01:00:00+00:00,0.554,63089,0.03551401869158877,0.013461631138455665,0.5542857142857143,70113.14285714286
Fracture Case,2020-12-03 01:00:00+00:00,0.536,65570,-0.032490974729241895,0.0393253974543899,0.5542857142857143,69480.57142857143
Fracture Case,2020-12-04 01:00:00+00:00,0.262,71543,-0.5111940298507462,0.09109348787555294,0.5115714285714287,68669.57142857143
Fracture Case,2020-12-05 01:00:00+00:00,0.275,65130,0.04961832061068705,-0.08963839928434647,0.4678571428571429,66673.0
Fracture Case,2020-12-06 01:00:00+00:00,0.258,64713,-0.06181818181818188,-0.006402579456471713,0.4242857142857143,65841.42857142857
Fracture Case,2020-12-07 01:00:00+00:00,0.253,62203,-0.019379844961240345,-0.03878664256022746,0.38185714285714284,64928.42857142857
Fracture Case,2020-12-08 01:00:00+00:00,0.244,59916,-0.035573122529644285,-0.0367667154317316,0.3402857142857143,64594.857142857145
Fracture Case,2020-12-09 01:00:00+00:00,0.237,58163,-0.02868852459016391,-0.029257627344949633,0.295,63891.142857142855
Fracture Case,2020-12-10 01:00:00+00:00,0.245,61918,0.03375527426160341,0.06455994360676032,0.25342857142857145,63369.42857142857
Fracture Case,2020-12-11 01:00:00+00:00,0.253,64818,0.03265306122448974,0.046836138118156345,0.25214285714285717,62408.71428571428
Fracture Case,2020-12-12 01:00:00+00:00,0.246,67022,-0.027667984189723382,0.03400290042889331,0.24800000000000003,62679.0
Fracture Case,2020-12-13 01:00:00+00:00,0.231,62035,-0.060975609756097504,-0.07440840321088593,0.24414285714285716,62296.42857142857
Fracture Case,2020-12-14 01:00:00+00:00,0.221,58797,-0.04329004329004338,-0.05219634077536872,0.23957142857142857,61809.857142857145
Fracture Case,2020-12-15 01:00:00+00:00,0.226,62812,0.02262443438914019,0.06828579689439929,0.23700000000000002,62223.57142857143
Fracture Case,2020-12-16 01:00:00+00:00,0.225,63138,-0.004424778761061954,0.00519009106540147,0.23528571428571432,62934.28571428572
Fracture Case,2020-12-17 01:00:00+00:00,0.233,66133,0.03555555555555556,0.04743577560264822,0.23357142857142857,63536.42857142857
Fracture Case,2020-12-18 01:00:00+00:00,0.243,68257,0.0429184549356223,0.03211709736440205,0.23214285714285718,64027.71428571428
Fracture Case,2020-12-19 01:00:00+00:00,0.25,73846,0.028806584362139898,0.08188171176582615,0.2327142857142857,65002.57142857143
Fracture Case,2020-12-20 01:00:00+00:00,0.257,72220,0.028000000000000025,-0.022018795872491448,0.23642857142857143,66457.57142857143
Fracture Case,2020-12-21 01:00:00+00:00,0.254,70651,-0.011673151750972721,-0.02172528385488781,0.24114285714285713,68151.0
Fracture Case,2020-12-22 01:00:00+00:00,0.255,78120,0.003937007874015741,0.10571683344892491,0.2452857142857143,70337.85714285714
Fracture Case,2020-12-23 01:00:00+00:00,0.277,79065,0.0862745098039217,0.012096774193548487,0.2527142857142857,72613.14285714286
Fracture Case,2020-12-24 01:00:00+00:00,0.308,79599,0.11191335740072184,0.006753936634414703,0.26342857142857146,74536.85714285714
Fracture Case,2020-12-25 01:00:00+00:00,0.375,77211,0.21753246753246747,-0.03000037688915691,0.2822857142857143,75816.0
Fracture Case,2020-12-26 01:00:00+00:00,0.382,76202,0.01866666666666661,-0.013068086153527392,0.30114285714285716,76152.57142857143
Fracture Case,2020-12-27 01:00:00+00:00,0.356,62656,-0.0680628272251309,-0.17776436314007504,0.3152857142857143,74786.28571428571
Fracture Case,2020-12-28 01:00:00+00:00,0.344,72270,-0.03370786516853941,0.153441011235955,0.3281428571428572,75017.57142857143
Fracture Case,2020-12-29 01:00:00+00:00,0.343,73618,-0.0029069767441859407,0.018652276186522654,0.34071428571428575,74374.42857142857
Fracture Case,2020-12-30 01:00:00+00:00,0.355,79924,0.03498542274052463,0.08565839876117254,0.35185714285714287,74497.14285714286
Fracture Case,2020-12-31 01:00:00+00:00,0.404,82752,0.13802816901408455,0.035383614433712074,0.3655714285714286,74947.57142857143
Fracture Case,2021-01-01 01:00:00+00:00,0.484,77317,0.19801980198019797,-0.06567817092034034,0.38114285714285717,74962.71428571429
Fracture Case,2021-01-02 01:00:00+00:00,0.458,75074,-0.05371900826446274,-0.029010437549309986,0.392,74801.57142857143
Fracture Case,2021-01-03 01:00:00+00:00,0.445,74905,-0.028384279475982543,-0.0022511122359272218,0.40471428571428575,76551.42857142857
Fracture Case,2021-01-04 01:00:00+00:00,0.396,72263,-0.11011235955056176,-0.03527134370202256,0.4121428571428571,76550.42857142857
Fracture Case,2021-01-05 01:00:00+00:00,0.368,70179,-0.07070707070707072,-0.028839101614934304,0.41571428571428576,76059.14285714286
Fracture Case,2021-01-06 01:00:00+00:00,0.359,71643,-0.024456521739130488,0.02086094130722871,0.41628571428571426,74876.14285714286
Fracture Case,2021-01-07 01:00:00+00:00,0.365,72120,0.01671309192200554,0.006658012646036493,0.4107142857142857,73357.28571428571
Fracture Case,2021-01-08 01:00:00+00:00,0.39,75469,0.06849315068493156,0.04643649473100386,0.3972857142857143,73093.28571428571
Fracture Case,2021-01-09 01:00:00+00:00,0.43,77991,0.10256410256410242,0.03341769468258482,0.39328571428571424,73510.0
Fracture Case,2021-01-10 01:00:00+00:00,0.449,74301,0.04418604651162794,-0.04731315151748283,0.39385714285714285,73423.71428571429
Fracture Case,2021-01-11 01:00:00+00:00,0.447,71361,-0.0044543429844098315,-0.03956878103928618,0.4011428571428572,73294.85714285714
Fracture Case,2021-01-12 01:00:00+00:00,0.443,74947,-0.008948545861297563,0.050251537954905334,0.41185714285714287,73976.0
Fracture Case,2021-01-13 01:00:00+00:00,0.467,74198,0.05417607223476306,-0.009993728901757204,0.4272857142857143,74341.0
Fracture Case,2021-01-14 01:00:00+00:00,0.468,75222,0.0021413276231263545,0.013800911075770195,0.44200000000000006,74784.14285714286
Fracture Case,2021-01-15 01:00:00+00:00,0.473,78848,0.010683760683760646,0.04820398287734973,0.45385714285714285,75266.85714285714
Fracture Case,2021-01-16 01:00:00+00:00,0.5,84736,0.05708245243128962,0.07467532467532467,0.4638571428571429,76230.42857142857
Fracture Case,2021-01-17 01:00:00+00:00,0.498,77065,-0.0040000000000000036,-0.09052822885196377,0.4708571428571428,76625.28571428571
Fracture Case,2021-01-18 01:00:00+00:00,0.501,68156,0.006024096385542244,-0.1156037111529229,0.47857142857142854,76167.42857142857
Fracture Case,2021-01-19 01:00:00+00:00,0.496,68817,-0.009980039920159722,0.009698339104407427,0.4861428571428572,75291.71428571429
Fracture Case,2021-01-20 01:00:00+00:00,0.489,73301,-0.014112903225806495,0.06515831843875786,0.4892857142857143,75163.57142857143
Fracture Case,2021-01-21 01:00:00+00:00,0.493,67675,0.008179959100204526,-0.07675202248264013,0.4928571428571428,74085.42857142857
Fracture Case,2021-01-22 01:00:00+00:00,0.497,76070,0.008113590263691739,0.12404876246767649,0.4962857142857143,73688.57142857143
Fracture Case,2021-01-23 01:00:00+00:00,0.498,74445,0.002012072434607548,-0.021361903509925062,0.496,72218.42857142857
Fracture Case,2021-01-24 01:00:00+00:00,0.49,74803,-0.016064257028112428,0.004808919336422912,0.49485714285714283,71895.28571428571
Fracture Case,2021-01-25 01:00:00+00:00,0.482,69755,-0.01632653061224487,-0.06748392444153306,0.49214285714285716,72123.71428571429
Fracture Case,2021-01-26 01:00:00+00:00,0.466,67058,-0.03319502074688785,-0.03866389506128598,0.4878571428571428,71872.42857142857
Fracture Case,2021-01-27 01:00:00+00:00,0.45,71469,-0.03433476394849788,0.06577887798622095,0.48228571428571426,71610.71428571429
Fracture Case,2021-01-28 01:00:00+00:00,0.385,98876,-0.1444444444444445,0.3834809497824232,0.4668571428571428,76068.0
Fracture Case,2021-01-29 01:00:00+00:00,0.426,91095,0.10649350649350642,-0.07869452647760833,0.45671428571428574,78214.42857142857
Fracture Case,2021-01-30 01:00:00+00:00,0.447,87010,0.04929577464788726,-0.044843295460782695,0.4494285714285714,80009.42857142857
Fracture Case,2021-01-31 01:00:00+00:00,0.435,83060,-0.02684563758389269,-0.04539708079531091,0.4415714285714286,81189.0
Fracture Case,2021-02-01 01:00:00+00:00,0.428,73577,-0.016091954022988575,-0.1141704791716831,0.43385714285714283,81735.0
Fracture Case,2021-02-02 01:00:00+00:00,0.425,73348,-0.007009345794392496,-0.003112385663998296,0.428,82633.57142857143
Fracture Case,2021-02-03 01:00:00+00:00,0.414,76745,-0.025882352941176467,0.046313464579811336,0.4228571428571429,83387.28571428571
Fracture Case,2021-02-04 01:00:00+00:00,0.417,72225,0.007246376811594235,-0.05889634503876473,0.42742857142857144,79580.0
Fracture Case,2021-02-05 01:00:00+00:00,0.424,77944,0.016786570743405393,0.07918310834198694,0.42714285714285716,77701.28571428571
Fracture Case,2021-02-06 01:00:00+00:00,0.433,82720,0.021226415094339535,0.06127476136713539,0.42514285714285716,77088.42857142857
Fracture Case,2021-02-07 01:00:00+00:00,0.431,75133,-0.004618937644341847,-0.09171905222437138,0.42457142857142854,75956.0
Fracture Case,2021-02-08 01:00:00+00:00,0.421,73489,-0.023201856148491906,-0.02188119734337779,0.42357142857142854,75943.42857142857
Fracture Case,2021-02-09 01:00:00+00:00,0.422,82169,0.002375296912114022,0.11811291485800601,0.42314285714285715,77203.57142857143
Fracture Case,2021-02-10 01:00:00+00:00,0.416,83212,-0.014218009478673022,0.012693351507259365,0.42342857142857143,78127.42857142857
Fracture Case,2021-02-11 01:00:00+00:00,0.438,94184,0.05288461538461542,0.13185598231024365,0.4264285714285715,81264.42857142857
Fracture Case,2021-02-12 01:00:00+00:00,0.443,91378,0.011415525114155223,-0.029792746113989632,0.4291428571428571,83183.57142857143
Fracture Case,2021-02-13 01:00:00+00:00,0.447,96616,0.009029345372460584,0.057322331414563665,0.4311428571428571,85168.71428571429
Fracture Case,2021-02-14 01:00:00+00:00,0.436,83638,-0.02460850111856827,-0.13432557754409202,0.43185714285714283,86383.71428571429
Fracture Case,2021-02-15 01:00:00+00:00,0.427,79325,-0.020642201834862428,-0.05156746933212175,0.4327142857142857,87217.42857142857
Fracture Case,2021-02-16 01:00:00+00:00,0.437,76828,0.023419203747072626,-0.031478096438701586,0.4348571428571429,86454.42857142857
Fracture Case,2021-02-17 01:00:00+00:00,0.436,77210,-0.0022883295194507935,0.004972145571926934,0.4377142857142857,85597.0
Fracture Case,2021-02-18 01:00:00+00:00,0.431,75900,-0.011467889908256867,-0.016966714156197438,0.4367142857142858,82985.0
Fracture Case,2021-02-19 01:00:00+00:00,0.44,82233,0.02088167053364276,0.0834387351778656,0.43628571428571433,81678.57142857143
Fracture Case,2021-02-20 01:00:00+00:00,0.455,90670,0.03409090909090917,0.10259871341189064,0.43742857142857144,80829.14285714286
Fracture Case,2021-02-21 01:00:00+00:00,0.465,85709,0.0219780219780219,-0.05471490018749314,0.4415714285714286,81125.0
Fracture Case,2021-02-22 01:00:00+00:00,0.471,84606,0.012903225806451424,-0.012869126929493935,0.4478571428571429,81879.42857142857
Fracture Case,2021-02-23 01:00:00+00:00,0.492,108633,0.04458598726114649,0.283986951280051,0.4557142857142857,86423.0
Fracture Case,2021-02-24 01:00:00+00:00,0.534,106129,0.08536585365853666,-0.023050086069610565,0.4697142857142857,90554.28571428571
Fracture Case,2021-02-25 01:00:00+00:00,0.577,99338,0.08052434456928825,-0.06398816534594687,0.49057142857142855,93902.57142857143
Fracture Case,2021-02-26 01:00:00+00:00,0.618,100839,0.07105719237435015,0.015110028387928187,0.516,96560.57142857143
Fracture Case,2021-02-27 01:00:00+00:00,0.665,99403,0.07605177993527512,-0.014240522020250057,0.546,97808.14285714286
Fracture Case,2021-02-28 01:00:00+00:00,0.668,90126,0.004511278195488799,-0.09332716316408962,0.5750000000000001,98439.14285714286
Fracture Case,2021-03-01 01:00:00+00:00,0.63,79198,-0.05688622754491024,-0.12125246876594986,0.5977142857142858,97666.57142857143
Fracture Case,2021-03-02 01:00:00+00:00,0.607,75526,-0.03650793650793649,-0.04636480719210079,0.6141428571428571,92937.0
Fracture Case,2021-03-03 01:00:00+00:00,0.588,81823,-0.03130148270181221,0.08337526149935126,0.6218571428571428,89464.71428571429
Fracture Case,2021-03-04 01:00:00+00:00,0.585,78620,-0.005102040816326481,-0.0391454725443946,0.623,86505.0
Fracture Case,2021-03-05 01:00:00+00:00,0.594,91892,0.01538461538461533,0.1688120071228696,0.6195714285714286,85226.85714285714
Fracture Case,2021-03-06 01:00:00+00:00,0.619,96440,0.042087542087542174,0.049492882949549566,0.6129999999999999,84803.57142857143
Fracture Case,2021-03-07 01:00:00+00:00,0.633,91354,0.022617124394184174,-0.052737453338863594,0.608,84979.0
Fracture Case,2021-03-08 01:00:00+00:00,0.613,79263,-0.03159557661927337,-0.13235326313024065,0.6055714285714285,84988.28571428571
Fracture Case,2021-03-09 01:00:00+00:00,0.608,77595,-0.00815660685154973,-0.02104386662124824,0.6057142857142858,85283.85714285714
Fracture Case,2021-03-10 01:00:00+00:00,0.602,80973,-0.009868421052631637,0.04353373284361095,0.6077142857142857,85162.42857142857
Fracture Case,2021-03-11 01:00:00+00:00,0.599,82956,-0.004983388704318914,0.024489644696380264,0.6097142857142857,85781.85714285714
Fracture Case,2021-03-12 01:00:00+00:00,0.602,89151,0.005008347245408995,0.07467814262982797,0.6108571428571429,85390.28571428571
Fracture Case,2021-03-13 01:00:00+00:00,0.6,94730,-0.0033222591362126463,0.06257921952642143,0.6081428571428571,85146.0
Fracture Case,2021-03-14 01:00:00+00:00,0.583,81098,-0.02833333333333332,-0.14390372638023863,0.601,83680.85714285714
Fracture Case,2021-03-15 01:00:00+00:00,0.561,73984,-0.037735849056603654,-0.08772102887864064,0.5935714285714285,82926.71428571429
Fracture Case,2021-03-16 01:00:00+00:00,0.547,81994,-0.024955436720142665,0.1082666522491349,0.5848571428571429,83555.14285714286
Fracture Case,2021-03-17 01:00:00+00:00,0.537,89324,-0.018281535648994485,0.08939678513061922,0.5755714285714285,84748.14285714286
Fracture Case,2021-03-18 01:00:00+00:00,0.548,86648,0.020484171322160183,-0.029958353857865716,0.5682857142857143,85275.57142857143
Fracture Case,2021-03-19 01:00:00+00:00,0.553,98006,0.009124087591240837,0.13108207921706216,0.5612857142857143,86540.57142857143
Fracture Case,2021-03-20 01:00:00+00:00,0.559,96527,0.010849909584086825,-0.015090912801257073,0.5554285714285715,86797.28571428571
Fracture Case,2021-03-21 01:00:00+00:00,0.542,91011,-0.030411449016100156,-0.05714463310783513,0.5495714285714286,88213.42857142857
Fracture Case,2021-03-22 01:00:00+00:00,0.54,85908,-0.0036900369003689537,-0.05607014536704358,0.5465714285714286,89916.85714285714
Fracture Case,2021-03-23 01:00:00+00:00,0.539,83083,-0.0018518518518518823,-0.032884015458397364,0.5454285714285715,90072.42857142857
Fracture Case,2021-03-24 01:00:00+00:00,0.547,84274,0.014842300556586308,0.014335062527833564,0.5468571428571429,89351.0
Fracture Case,2021-03-25 01:00:00+00:00,0.559,85161,0.021937842778793515,0.010525191636803655,0.5484285714285715,89138.57142857143
Fracture Case,2021-03-26 01:00:00+00:00,0.568,92473,0.016100178890876338,0.08586089876821545,0.5505714285714286,88348.14285714286
Fracture Case,2021-03-27 01:00:00+00:00,0.579,93627,0.01936619718309851,0.01247931828750004,0.5534285714285715,87933.85714285714
Fracture Case,2021-03-28 01:00:00+00:00,0.573,91066,-0.010362694300518172,-0.027353220758969066,0.5578571428571429,87941.71428571429
Fracture Case,2021-03-29 01:00:00+00:00,0.58,83740,0.01221640488656206,-0.08044714822216859,0.5635714285714286,87632.0
Fracture Case,2021-03-30 01:00:00+00:00,0.574,78649,-0.010344827586206917,-0.0607953188440411,0.5685714285714286,86998.57142857143
Fracture Case,2021-03-31 01:00:00+00:00,0.585,83289,0.019163763066202044,0.058996300016529224,0.574,86857.85714285714
Fracture Case,2021-04-01 01:00:00+00:00,0.597,84908,0.02051282051282044,0.019438341197516973,0.5794285714285713,86821.71428571429
Fracture Case,2021-04-02 01:00:00+00:00,0.605,90829,0.01340033500837512,0.06973430065482633,0.5847142857142857,86586.85714285714
Fracture Case,2021-04-03 01:00:00+00:00,0.607,91014,0.0033057851239668423,0.0020367944158803386,0.5887142857142856,86213.57142857143
Fracture Case,2021-04-04 01:00:00+00:00,0.603,86601,-0.00658978583196046,-0.048487045948974905,0.593,85575.71428571429
Fracture Case,2021-04-05 01:00:00+00:00,0.61,81361,0.011608623548922115,-0.060507384441288226,0.5972857142857142,85235.85714285714
Fracture Case,2021-04-06 01:00:00+00:00,0.599,77410,-0.0180327868852459,-0.048561350032570894,0.6008571428571428,85058.85714285714
Fracture Case,2021-04-07 01:00:00+00:00,0.565,74293,-0.056761268781302276,-0.04026611548895487,0.598,83773.71428571429
Fracture Case,2021-04-08 01:00:00+00:00,0.516,94803,-0.086725663716814,0.27606907784044266,0.5864285714285714,85187.28571428571
Fracture Case,2021-04-09 01:00:00+00:00,0.521,119716,0.009689922480620172,0.262787042604137,0.5744285714285714,89314.0
Fracture Case,2021-04-10 01:00:00+00:00,0.506,108614,-0.028790786948176605,-0.09273614220321424,0.5599999999999999,91828.28571428571
Fracture Case,2021-04-11 01:00:00+00:00,0.49,92652,-0.031620553359683834,-0.14696079695066933,0.5438571428571428,92692.71428571429
Fracture Case,2021-04-12 01:00:00+00:00,0.493,87020,0.00612244897959191,-0.060786599317877665,0.5271428571428571,93501.14285714286
Fracture Case,2021-04-13 01:00:00+00:00,0.489,80353,-0.008113590263691739,-0.07661457136290506,0.5114285714285715,93921.57142857143
Fracture Case,2021-04-14 01:00:00+00:00,0.503,25930,0.02862985685071573,-0.6772989185220215,0.5025714285714286,87012.57142857143
Fracture Case,2021-04-15 01:00:00+00:00,0.498,99878,-0.00994035785288272,2.851831854994215,0.5,87737.57142857143
Fracture Case,2021-04-16 01:00:00+00:00,0.487,92152,-0.02208835341365467,-0.0773543723342478,0.4951428571428571,83799.85714285714
Fracture Case,2021-04-17 01:00:00+00:00,0.487,90368,0.0,-0.019359319385363283,0.49242857142857144,81193.28571428571
Fracture Case,2021-04-18 01:00:00+00:00,0.474,82017,-0.026694045174537995,-0.09241103045325783,0.49014285714285716,79674.0
Fracture Case,2021-04-19 01:00:00+00:00,0.459,80029,-0.03164556962025311,-0.024238877305924333,0.48528571428571426,78675.28571428571
Fracture Case,2021-04-20 01:00:00+00:00,0.448,75012,-0.023965141612200425,-0.06268977495657824,0.4794285714285714,77912.28571428571
Fracture Case,2021-04-21 01:00:00+00:00,0.444,75211,-0.008928571428571397,0.002652908867914361,0.47100000000000003,84952.42857142857
Fracture Case,2021-04-22 01:00:00+00:00,0.452,77181,0.018018018018018056,0.026192977091116898,0.46442857142857147,81710.0
Fracture Case,2021-04-23 01:00:00+00:00,0.466,87856,0.030973451327433565,0.13831124240421855,0.4614285714285714,81096.28571428571
Fracture Case,2021-04-24 01:00:00+00:00,0.472,87404,0.012875536480686511,-0.00514478237115279,0.45928571428571424,80672.85714285714
Fracture Case,2021-04-25 01:00:00+00:00,0.466,82115,-0.012711864406779516,-0.06051210470916668,0.45814285714285713,80686.85714285714
Fracture Case,2021-04-26 01:00:00+00:00,0.466,76745,0.0,-0.06539609084820064,0.4591428571428572,80217.71428571429
Fracture Case,2021-04-27 01:00:00+00:00,0.468,73556,0.0042918454935623185,-0.04155319564792492,0.462,80009.71428571429
Fracture Case,2021-04-28 01:00:00+00:00,0.47,71974,0.004273504273504258,-0.021507422915873597,0.4657142857142857,79547.28571428571
Fracture Case,2021-04-29 01:00:00+00:00,0.469,70768,-0.0021276595744680327,-0.016756050796120858,0.46814285714285714,78631.14285714286
Fracture Case,2021-04-30 01:00:00+00:00,0.471,86127,0.004264392324093924,0.2170331223151707,0.46885714285714286,78384.14285714286
Fracture Case,2021-05-01 01:00:00+00:00,0.473,80334,0.00424628450106157,-0.06726113762234842,0.46900000000000003,77374.14285714286
Fracture Case,2021-05-02 01:00:00+00:00,0.464,80430,-0.019027484143763096,0.00119501082978557,0.46871428571428575,77133.42857142857
Fracture Case,2021-05-03 01:00:00+00:00,0.455,81589,-0.0193965517241379,0.01441004600273521,0.4671428571428571,77825.42857142857
Fracture Case,2021-05-04 01:00:00+00:00,0.395,113580,-0.13186813186813184,0.39209942516760843,0.45671428571428574,83543.14285714286
Fracture Case,2021-05-05 01:00:00+00:00,0.388,95899,-0.017721518987341756,-0.15567001232611377,0.445,86961.0
Fracture Case,2021-05-06 01:00:00+00:00,0.383,87456,-0.012886597938144395,-0.08804054265425088,0.4327142857142857,89345.0
Fracture Case,2021-05-07 01:00:00+00:00,0.396,92336,0.03394255874673635,0.055799487742407505,0.42200000000000004,90232.0
Fracture Case,2021-05-08 01:00:00+00:00,0.4,90929,0.010101010101010166,-0.015237827066366338,0.41157142857142853,91745.57142857143
Fracture Case,2021-05-09 01:00:00+00:00,0.397,86672,-0.007499999999999951,-0.046816747132378045,0.402,92637.28571428571
Fracture Case,2021-05-10 01:00:00+00:00,0.395,81951,-0.005037783375314908,-0.05446972494000368,0.3934285714285714,92689.0
Fracture Case,2021-05-11 01:00:00+00:00,0.389,80594,-0.015189873417721489,-0.016558675305975545,0.3925714285714285,87976.71428571429
Fracture Case,2021-05-12 01:00:00+00:00,0.391,84834,0.005141388174807249,0.052609375387745905,0.39299999999999996,86396.0
Fracture Case,2021-05-13 01:00:00+00:00,0.388,80714,-0.007672634271099765,-0.04856543367046229,0.39371428571428574,85432.85714285714
Fracture Case,2021-05-14 01:00:00+00:00,0.395,89592,0.018041237113401998,0.10999330971083077,0.39357142857142857,85040.85714285714
Fracture Case,2021-05-15 01:00:00+00:00,0.4,96554,0.012658227848101333,0.07770783105634438,0.3935714285714286,85844.42857142857
Fracture Case,2021-05-16 01:00:00+00:00,0.396,84773,-0.010000000000000009,-0.12201462394100715,0.3934285714285714,85573.14285714286
Fracture Case,2021-05-17 01:00:00+00:00,0.385,73699,-0.02777777777777779,-0.130631215127458,0.39199999999999996,84394.28571428571
Fracture Case,2021-05-18 01:00:00+00:00,0.374,75045,-0.02857142857142858,0.018263477116378768,0.38985714285714285,83601.57142857143
Fracture Case,2021-05-19 01:00:00+00:00,0.361,73055,-0.03475935828877008,-0.026517422879605568,0.3855714285714286,81918.85714285714
Fracture Case,2021-05-20 01:00:00+00:00,0.352,77575,-0.024930747922437657,0.06187119293682852,0.3804285714285714,81470.42857142857
Fracture Case,2021-05-21 01:00:00+00:00,0.353,81921,0.0028409090909091717,0.056023203351595274,0.3744285714285714,80374.57142857143
Fracture Case,2021-05-22 01:00:00+00:00,0.361,86681,0.022662889518413554,0.05810475946338545,0.36885714285714283,78964.14285714286
Fracture Case,2021-05-23 01:00:00+00:00,0.349,80162,-0.03324099722991691,-0.075206792722742,0.36214285714285716,78305.42857142857
Fracture Case,2021-05-24 01:00:00+00:00,0.35,77813,0.002865329512893977,-0.029303161098774955,0.35714285714285715,78893.14285714286
Fracture Case,2021-05-25 01:00:00+00:00,0.348,72313,-0.005714285714285672,-0.0706822767403904,0.3534285714285715,78502.85714285714
Fracture Case,2021-05-26 01:00:00+00:00,0.348,74457,0.0,0.02964888747528116,0.35157142857142853,78703.14285714286
Fracture Case,2021-05-27 01:00:00+00:00,0.349,76303,0.002873563218390718,0.024792833447493168,0.3511428571428571,78521.42857142857
Fracture Case,2021-05-28 01:00:00+00:00,0.349,84367,0.0,0.10568391806350985,0.35057142857142853,78870.85714285714
Fracture Case,2021-05-29 01:00:00+00:00,0.349,84056,0.0,-0.003686275439449105,0.3488571428571428,78495.85714285714
Fracture Case,2021-05-30 01:00:00+00:00,0.347,84573,-0.005730659025787954,0.006150661463786067,0.3485714285714286,79126.0
Fracture Case,2021-05-31 01:00:00+00:00,0.347,79533,0.0,-0.059593487283175484,0.34814285714285714,79371.71428571429
Fracture Case,2021-06-01 01:00:00+00:00,0.346,69356,-0.0028818443804035088,-0.12795946336740727,0.3478571428571428,78949.28571428571
Fracture Case,2021-06-02 01:00:00+00:00,0.347,72435,0.0028901734104045396,0.044394140377184366,0.3477142857142857,78660.42857142857
Fracture Case,2021-06-03 01:00:00+00:00,0.339,74504,-0.023054755043227515,0.028563539725271037,0.34628571428571425,78403.42857142857
Fracture Case,2021-06-04 01:00:00+00:00,0.36,105078,0.06194690265486713,0.4103672286051756,0.3478571428571428,81362.14285714286
Fracture Case,2021-06-05 01:00:00+00:00,0.38,99460,0.05555555555555558,-0.053465045014179924,0.3522857142857143,83562.71428571429
Fracture Case,2021-06-06 01:00:00+00:00,0.356,76587,-0.06315789473684219,-0.2299718479790871,0.3535714285714286,82421.85714285714
Fracture Case,2021-06-07 01:00:00+00:00,0.343,71390,-0.03651685393258419,-0.06785746928329872,0.35300000000000004,81258.57142857143
Fracture Case,2021-06-08 01:00:00+00:00,0.342,70523,-0.002915451895043719,-0.012144558061353172,0.3524285714285714,81425.28571428571
Fracture Case,2021-06-09 01:00:00+00:00,0.345,75749,0.008771929824561209,0.07410348396976874,0.35214285714285715,81898.71428571429
Fracture Case,2021-06-10 01:00:00+00:00,0.342,71134,-0.008695652173912882,-0.06092489669830625,0.3525714285714286,81417.28571428571
Fracture Case,2021-06-11 01:00:00+00:00,0.345,73238,0.008771929824561209,0.029577979587820158,0.3504285714285715,76868.71428571429
Fracture Case,2021-06-12 01:00:00+00:00,0.345,78605,0.0,0.07328162975504515,0.34542857142857136,73889.42857142857
Fracture Case,2021-06-13 01:00:00+00:00,0.346,81056,0.0028985507246377384,0.031181222568538836,0.344,74527.85714285714
Fracture Case,2021-06-14 01:00:00+00:00,0.343,73421,-0.00867052023121373,-0.09419413738649818,0.344,74818.0
Fracture Case,2021-06-15 01:00:00+00:00,0.343,71803,0.0,-0.022037291783004842,0.34414285714285714,75000.85714285714
Fracture Case,2021-06-16 01:00:00+00:00,0.338,67866,-0.014577259475218707,-0.05483057810954972,0.34314285714285714,73874.71428571429
Fracture Case,2021-06-17 01:00:00+00:00,0.335,69436,-0.00887573964497046,0.02313382253263785,0.34214285714285714,73632.14285714286
Fracture Case,2021-06-18 01:00:00+00:00,0.333,71724,-0.005970149253731294,0.03295120686675501,0.3404285714285714,73415.85714285714
Fracture Case,2021-06-19 01:00:00+00:00,0.338,73012,0.01501501501501501,0.017957726841782318,0.33942857142857147,72616.85714285714
Fracture Case,2021-06-20 01:00:00+00:00,0.329,71765,-0.026627218934911268,-0.017079384210814674,0.337,71289.57142857143
Fracture Case,2021-06-21 01:00:00+00:00,0.312,70089,-0.05167173252279644,-0.02335400264753018,0.33257142857142863,70813.57142857143
Fracture Case,2021-06-22 01:00:00+00:00,0.304,71299,-0.02564102564102566,0.01726376464209789,0.327,70741.57142857143
Fracture Case,2021-06-23 01:00:00+00:00,0.292,65348,-0.03947368421052633,-0.08346540624693188,0.32042857142857145,70381.85714285714
Fracture Case,2021-06-24 01:00:00+00:00,0.269,73118,-0.0787671232876711,0.1189018791699823,0.311,70907.85714285714
Fracture Case,2021-06-25 01:00:00+00:00,0.265,77006,-0.014869888475836479,0.05317432096063901,0.30128571428571427,71662.42857142857
Fracture Case,2021-06-26 01:00:00+00:00,0.261,73063,-0.015094339622641506,-0.05120380230111943,0.2902857142857143,71669.71428571429
Fracture Case,2021-06-27 01:00:00+00:00,0.265,70679,0.015325670498084198,-0.03262937464927529,0.28114285714285714,71514.57142857143
Fracture Case,2021-06-28 01:00:00+00:00,0.258,70059,-0.026415094339622636,-0.00877205393398317,0.27342857142857147,71510.28571428571
Fracture Case,2021-06-29 01:00:00+00:00,0.254,69165,-0.015503875968992276,-0.012760673146918977,0.2662857142857143,71205.42857142857
Fracture Case,2021-06-30 01:00:00+00:00,0.248,66086,-0.023622047244094557,-0.044516735343020364,0.26,71310.85714285714
Fracture Case,2021-07-01 01:00:00+00:00,0.247,64563,-0.0040322580645161255,-0.023045728293435874,0.25685714285714284,70088.71428571429
Fracture Case,2021-07-02 01:00:00+00:00,0.251,67923,0.0161943319838056,0.0520421913479856,0.25485714285714284,68791.14285714286
Fracture Case,2021-07-03 01:00:00+00:00,0.25,67211,-0.003984063745019917,-0.010482458077529011,0.2532857142857143,67955.14285714286
Fracture Case,2021-07-04 01:00:00+00:00,0.241,64591,-0.03600000000000003,-0.03898171430271835,0.24985714285714286,67085.42857142857
Fracture Case,2021-07-05 01:00:00+00:00,0.235,64440,-0.024896265560165998,-0.002337786998188651,0.24657142857142858,66282.71428571429
Fracture Case,2021-07-06 01:00:00+00:00,0.227,64977,-0.0340425531914893,0.008333333333333304,0.24271428571428572,65684.42857142857
Fracture Case,2021-07-07 01:00:00+00:00,0.22,62992,-0.03083700440528636,-0.030549271280607027,0.2387142857142857,65242.42857142857
Fracture Case,2021-07-08 01:00:00+00:00,0.207,59672,-0.059090909090909194,-0.052705105410210784,0.23299999999999996,64543.71428571428
Fracture Case,2021-07-09 01:00:00+00:00,0.203,60023,-0.019323671497584405,0.0058821557849577655,0.22614285714285715,63415.142857142855
Fracture Case,2021-07-10 01:00:00+00:00,0.206,60507,0.01477832512315258,0.008063575629342123,0.21985714285714283,62457.42857142857
Fracture Case,2021-07-11 01:00:00+00:00,0.202,56494,-0.01941747572815522,-0.06632290478787584,0.21428571428571427,61300.71428571428
Fracture Case,2021-07-12 01:00:00+00:00,0.19,57678,-0.05940594059405946,0.020957977838354624,0.20785714285714288,60334.71428571428
Fracture Case,2021-07-13 01:00:00+00:00,0.181,53992,-0.047368421052631615,-0.06390651548250637,0.20128571428571426,58765.42857142857
Fracture Case,2021-07-14 01:00:00+00:00,0.183,65245,0.011049723756906049,0.20841976589124322,0.19599999999999998,59087.28571428572
Fracture Case,2021-07-15 01:00:00+00:00,0.185,60382,0.010928961748633892,-0.07453444708406776,0.19285714285714287,59188.71428571428
Fracture Case,2021-07-16 01:00:00+00:00,0.19,61263,0.027027027027026973,0.014590440859858944,0.191,59365.857142857145
Fracture Case,2021-07-17 01:00:00+00:00,0.194,58126,0.021052631578947434,-0.051205458433312145,0.1892857142857143,59025.71428571428
Fracture Case,2021-07-18 01:00:00+00:00,0.19,56489,-0.020618556701030966,-0.028162956336235112,0.18757142857142858,59025.0
Fracture Case,2021-07-19 01:00:00+00:00,0.183,57970,-0.0368421052631579,0.02621749367133419,0.18657142857142858,59066.71428571428
Fracture Case,2021-07-20 01:00:00+00:00,0.185,55989,0.010928961748633892,-0.03417284802484044,0.1871428571428571,59352.0
Fracture Case,2021-07-21 01:00:00+00:00,0.18,58216,-0.027027027027027084,0.0397756702209362,0.1867142857142857,58347.857142857145
Fracture Case,2021-07-22 01:00:00+00:00,0.177,55056,-0.01666666666666672,-0.05428061014154184,0.18557142857142855,57587.0
Fracture Case,2021-07-23 01:00:00+00:00,0.179,61535,0.011299435028248705,0.11768018018018012,0.184,57625.857142857145
Fracture Case,2021-07-24 01:00:00+00:00,0.182,60131,0.016759776536312776,-0.022816283415942107,0.18228571428571425,57912.28571428572
Fracture Case,2021-07-25 01:00:00+00:00,0.181,61334,-0.005494505494505475,0.020006319535680328,0.181,58604.42857142857
Fracture Case,2021-07-26 01:00:00+00:00,0.18,58256,-0.0055248618784530246,-0.050184237127857356,0.18057142857142858,58645.28571428572
Fracture Case,2021-07-27 01:00:00+00:00,0.188,40239,0.04444444444444451,-0.30927286459763803,0.181,56395.28571428572
Fracture Case,2021-07-28 01:00:00+00:00,0.188,65584,0.0,0.6298615770769651,0.18214285714285713,57447.857142857145
Fracture Case,2021-07-29 01:00:00+00:00,0.177,67825,-0.0585106382978724,0.0341699194925591,0.18214285714285713,59272.0
Fracture Case,2021-07-30 01:00:00+00:00,0.18,70521,0.016949152542372836,0.03974935495761156,0.1822857142857143,60555.71428571428
Fracture Case,2021-07-31 01:00:00+00:00,0.187,65539,0.03888888888888897,-0.07064562328951662,0.18300000000000002,61328.28571428572
Fracture Case,2021-08-01 01:00:00+00:00,0.188,64437,0.005347593582887722,-0.01681441584400123,0.184,61771.57142857143
Fracture Case,2021-08-02 01:00:00+00:00,0.185,66570,-0.015957446808510634,0.03310209972531308,0.18471428571428575,62959.28571428572
Fracture Case,2021-08-03 01:00:00+00:00,0.189,63958,0.021621621621621623,-0.03923689349556858,0.18485714285714283,66347.71428571429
Fracture Case,2021-08-04 01:00:00+00:00,0.191,61281,0.010582010582010692,-0.04185559273273087,0.18528571428571428,65733.0
Fracture Case,2021-08-05 01:00:00+00:00,0.203,61284,0.06282722513089012,4.8954814706014815e-05,0.18900000000000003,64798.57142857143
Fracture Case,2021-08-06 01:00:00+00:00,0.192,68793,-0.054187192118226646,0.1225279028784021,0.1907142857142857,64551.71428571428
Fracture Case,2021-08-07 01:00:00+00:00,0.189,66991,-0.015625,-0.026194525605802932,0.19100000000000003,64759.142857142855
Fracture Case,2021-08-08 01:00:00+00:00,0.189,64155,0.0,-0.04233404487169923,0.19114285714285714,64718.857142857145
Fracture Case,2021-08-09 01:00:00+00:00,0.182,62804,-0.03703703703703709,-0.021058374249863565,0.1907142857142857,64180.857142857145
Fracture Case,2021-08-10 01:00:00+00:00,0.175,60820,-0.03846153846153855,-0.03159034456404053,0.18871428571428575,63732.57142857143
Fracture Case,2021-08-11 01:00:00+00:00,0.171,59770,-0.022857142857142687,-0.017264057875698735,0.18585714285714286,63516.71428571428
Fracture Case,2021-08-12 01:00:00+00:00,0.165,58471,-0.03508771929824561,-0.021733311025598168,0.1804285714285714,63114.857142857145
Fracture Case,2021-08-13 01:00:00+00:00,0.166,64529,0.0060606060606061,0.1036069162490807,0.17671428571428574,62505.71428571428
Fracture Case,2021-08-14 01:00:00+00:00,0.165,63510,-0.0060240963855421326,-0.015791349625749684,0.1732857142857143,62008.42857142857
Fracture Case,2021-08-15 01:00:00+00:00,0.165,60417,0.0,-0.048700991969768515,0.16985714285714285,61474.42857142857
Fracture Case,2021-08-16 01:00:00+00:00,0.154,60765,-0.06666666666666676,0.005759968220864886,0.16585714285714287,61183.142857142855
Fracture Case,2021-08-17 01:00:00+00:00,0.151,58327,-0.019480519480519543,-0.04012178063029703,0.16242857142857142,60827.0
Fracture Case,2021-08-18 01:00:00+00:00,0.149,60118,-0.013245033112582849,0.030706190957875412,0.15928571428571428,60876.71428571428
Fracture Case,2021-08-19 01:00:00+00:00,0.147,60340,-0.01342281879194629,0.003692737616021846,0.15671428571428572,61143.71428571428
Fracture Case,2021-08-20 01:00:00+00:00,0.15,65393,0.020408163265306145,0.08374212794166391,0.15442857142857142,61267.142857142855
Fracture Case,2021-08-21 01:00:00+00:00,0.153,64672,0.020000000000000018,-0.01102564494670688,0.15271428571428572,61433.142857142855
Fracture Case,2021-08-22 01:00:00+00:00,0.154,67431,0.006535947712418277,0.04266142998515576,0.1511428571428571,62435.142857142855
Fracture Case,2021-08-23 01:00:00+00:00,0.154,62172,0.0,-0.07799083507585536,0.15114285714285716,62636.142857142855
Fracture Case,2021-08-24 01:00:00+00:00,0.149,64199,-0.032467532467532534,0.032603101074438756,0.15085714285714286,63475.0
Fracture Case,2021-08-25 01:00:00+00:00,0.148,63500,-0.006711409395973145,-0.010888020062617798,0.15071428571428572,63958.142857142855
Fracture Case,2021-08-26 01:00:00+00:00,0.149,63535,0.006756756756756799,0.000551181102362186,0.151,64414.57142857143
Fracture Case,2021-08-27 01:00:00+00:00,0.151,68720,0.01342281879194629,0.08160856220980572,0.15114285714285716,64889.857142857145
Fracture Case,2021-08-28 01:00:00+00:00,0.158,65925,0.04635761589403975,-0.040672293364377166,0.15185714285714286,65068.857142857145
Fracture Case,2021-08-29 01:00:00+00:00,0.154,59354,-0.025316455696202556,-0.09967387182404253,0.15185714285714286,63915.0
Fracture Case,2021-08-30 01:00:00+00:00,0.15,63391,-0.025974025974025983,0.06801563500353813,0.15128571428571427,64089.142857142855
Fracture Case,2021-08-31 01:00:00+00:00,0.155,63751,0.03333333333333344,0.00567903961130134,0.15214285714285714,64025.142857142855
Fracture Case,2021-09-01 01:00:00+00:00,0.158,58667,0.019354838709677358,-0.07974776866245237,0.15357142857142855,63334.71428571428
Fracture Case,2021-09-02 01:00:00+00:00,0.164,59243,0.03797468354430378,0.00981812603337473,0.15571428571428572,62721.57142857143
Fracture Case,2021-09-03 01:00:00+00:00,0.168,67125,0.024390243902439046,0.13304525429164626,0.15814285714285714,62493.71428571428
Fracture Case,2021-09-04 01:00:00+00:00,0.168,71928,0.0,0.07155307262569832,0.15957142857142856,63351.28571428572
Fracture Case,2021-09-05 01:00:00+00:00,0.17,68197,0.011904761904761862,-0.05187131576020465,0.16185714285714287,64614.57142857143
Fracture Case,2021-09-06 01:00:00+00:00,0.166,58892,-0.02352941176470591,-0.1364429520360133,0.16414285714285715,63971.857142857145
Fracture Case,2021-09-07 01:00:00+00:00,0.161,57449,-0.030120481927710885,-0.024502479114310916,0.165,63071.57142857143
Fracture Case,2021-09-08 01:00:00+00:00,0.154,54621,-0.0434782608695653,-0.04922627025709758,0.16442857142857142,62493.57142857143
Fracture Case,2021-09-09 01:00:00+00:00,0.153,58031,-0.006493506493506551,0.06243020083850537,0.16285714285714287,62320.42857142857
Fracture Case,2021-09-10 01:00:00+00:00,0.151,71583,-0.013071895424836666,0.23353035446571657,0.16042857142857142,62957.28571428572
Fracture Case,2021-09-11 01:00:00+00:00,0.148,76014,-0.019867549668874163,0.06190017182850682,0.15757142857142856,63541.0
Fracture Case,2021-09-12 01:00:00+00:00,0.151,76662,0.020270270270270396,0.008524745441629067,0.15485714285714286,64750.28571428572
Fracture Case,2021-09-13 01:00:00+00:00,0.153,65131,0.013245033112582849,-0.15041350343064364,0.153,65641.57142857143
Fracture Case,2021-09-14 01:00:00+00:00,0.147,58947,-0.03921568627450989,-0.09494710660054351,0.151,65855.57142857143
Fracture Case,2021-09-15 01:00:00+00:00,0.15,58184,0.020408163265306145,-0.012943830898943132,0.1504285714285714,66364.57142857143
Fracture Case,2021-09-16 01:00:00+00:00,0.149,66071,-0.00666666666666671,0.13555272927265238,0.14985714285714286,67513.14285714286
Fracture Case,2021-09-17 01:00:00+00:00,0.147,75093,-0.01342281879194629,0.13655007491940485,0.14928571428571427,68014.57142857143
Fracture Case,2021-09-18 01:00:00+00:00,0.147,75338,0.0,0.0032626210166060154,0.14914285714285716,67918.0
Fracture Case,2021-09-19 01:00:00+00:00,0.145,67942,-0.013605442176870763,-0.09817090976665166,0.14828571428571427,66672.28571428571
Fracture Case,2021-09-20 01:00:00+00:00,0.144,60040,-0.006896551724137945,-0.1163050837479026,0.147,65945.0
Fracture Case,2021-09-21 01:00:00+00:00,0.141,58128,-0.02083333333333337,-0.03184543637574955,0.14614285714285713,65828.0
Fracture Case,2021-09-22 01:00:00+00:00,0.102,94862,-0.276595744680851,0.6319501789154969,0.1392857142857143,71067.71428571429
Fracture Case,2021-09-23 01:00:00+00:00,0.083,70822,-0.18627450980392146,-0.2534207585756151,0.12985714285714284,71746.42857142857
Fracture Case,2021-09-24 01:00:00+00:00,0.08,64333,-0.03614457831325302,-0.09162407161616448,0.12028571428571429,70209.28571428571
Fracture Case,2021-09-25 01:00:00+00:00,0.081,69940,0.012499999999999956,0.0871558919994404,0.11085714285714286,69438.14285714286
Fracture Case,2021-09-26 01:00:00+00:00,0.083,61027,0.024691358024691468,-0.12743780383185588,0.102,68450.28571428571
Fracture Case,2021-09-27 01:00:00+00:00,0.079,50728,-0.048192771084337394,-0.16876136791911778,0.09271428571428572,67120.0
Fracture Case,2021-09-28 01:00:00+00:00,0.077,56331,-0.025316455696202556,0.11045182147926202,0.08357142857142856,66863.28571428571
Fracture Case,2021-09-29 01:00:00+00:00,0.076,57380,-0.012987012987012991,0.01862207310361974,0.07985714285714286,61508.71428571428
Fracture Case,2021-09-30 01:00:00+00:00,0.072,53822,-0.052631578947368474,-0.062007668177065156,0.07828571428571429,59080.142857142855
Fracture Case,2021-10-01 01:00:00+00:00,0.077,56971,0.06944444444444442,0.05850767344208685,0.07785714285714285,58028.42857142857
Fracture Case,2021-10-02 01:00:00+00:00,0.075,64641,-0.025974025974025983,0.13462989942251324,0.077,57271.42857142857
Fracture Case,2021-10-03 01:00:00+00:00,0.07,62580,-0.06666666666666654,-0.03188378892653265,0.07514285714285715,57493.28571428572
Fracture Case,2021-10-04 01:00:00+00:00,0.067,51021,-0.04285714285714293,-0.1847075743048897,0.07342857142857143,57535.142857142855
Fracture Case,2021-10-05 01:00:00+00:00,0.068,55332,0.014925373134328401,0.08449461986240969,0.07214285714285715,57392.42857142857
Fracture Case,2021-10-06 01:00:00+00:00,0.062,55235,-0.08823529411764708,-0.001753054290464795,0.07014285714285715,57086.0
Fracture Case,2021-10-07 01:00:00+00:00,0.059,50976,-0.048387096774193616,-0.07710690685253918,0.0682857142857143,56679.42857142857
Fracture Case,2021-10-08 01:00:00+00:00,0.064,56730,0.0847457627118644,0.11287664783427487,0.06642857142857143,56645.0
Fracture Case,2021-10-09 01:00:00+00:00,0.064,57224,0.0,0.008707914683588891,0.06485714285714286,55585.42857142857
Fracture Case,2021-10-10 01:00:00+00:00,0.061,51030,-0.046875,-0.10824129735775201,0.06357142857142857,53935.42857142857
Fracture Case,2021-10-11 01:00:00+00:00,0.061,49168,0.0,-0.036488340192043944,0.06271428571428571,53670.71428571428
Fracture Case,2021-10-12 01:00:00+00:00,0.06,48646,-0.016393442622950838,-0.010616661243084913,0.06157142857142857,52715.57142857143
Fracture Case,2021-10-13 01:00:00+00:00,0.058,51450,-0.033333333333333215,0.05764091600542698,0.061,52174.857142857145
Fracture Case,2021-10-14 01:00:00+00:00,0.056,51803,-0.034482758620689724,0.0068610301263363205,0.06057142857142857,52293.0
Fracture Case,2021-10-15 01:00:00+00:00,0.056,53847,0.0,0.03945717429492501,0.05942857142857143,51881.142857142855
Fracture Case,2021-10-16 01:00:00+00:00,0.055,61907,-0.017857142857142905,0.14968336211859534,0.05814285714285714,52550.142857142855
Fracture Case,2021-10-17 01:00:00+00:00,0.056,52154,0.0181818181818183,-0.15754276576154558,0.057428571428571426,52710.71428571428
Fracture Case,2021-10-18 01:00:00+00:00,0.056,47491,0.0,-0.08940829083100055,0.05671428571428572,52471.142857142855
Fracture Case,2021-10-19 01:00:00+00:00,0.056,49752,0.0,0.047609020656545376,0.05614285714285715,52629.142857142855
Fracture Case,2021-10-20 01:00:00+00:00,0.057,49207,0.017857142857142794,-0.010954333494130886,0.056,52308.71428571428
Fracture Case,2021-10-21 01:00:00+00:00,0.052,44517,-0.08771929824561409,-0.09531164265246816,0.05542857142857143,51267.857142857145
Fracture Case,2021-10-22 01:00:00+00:00,0.047,71798,-0.09615384615384615,0.6128220679740324,0.054142857142857145,53832.28571428572
Fracture Case,2021-10-23 01:00:00+00:00,0.049,64714,0.042553191489361764,-0.0986657009944567,0.053285714285714283,54233.28571428572
Fracture Case,2021-10-24 01:00:00+00:00,0.045,51540,-0.08163265306122458,-0.20357264270482434,0.05171428571428572,54145.57142857143
Fracture Case,2021-10-25 01:00:00+00:00,0.044,54080,-0.022222222222222254,0.04928211098176183,0.05,55086.857142857145
Fracture Case,2021-10-26 01:00:00+00:00,0.044,50209,0.0,-0.07157914201183435,0.04828571428571428,55152.142857142855
Fracture Case,2021-10-27 01:00:00+00:00,0.046,54938,0.045454545454545414,0.09418630126073024,0.04671428571428571,55970.857142857145
Fracture Case,2021-10-28 01:00:00+00:00,0.042,56743,-0.08695652173913038,0.03285521861006946,0.04528571428571428,57717.42857142857
Fracture Case,2021-10-29 01:00:00+00:00,0.041,70099,-0.023809523809523836,0.23537705091376915,0.04442857142857143,57474.71428571428
Fracture Case,2021-10-30 01:00:00+00:00,0.042,64084,0.024390243902439046,-0.08580721550949366,0.043428571428571434,57384.71428571428
Fracture Case,2021-10-31 01:00:00+00:00,0.041,65059,-0.023809523809523836,0.015214406092004307,0.04285714285714286,59316.0
Fracture Case,2021-11-01 01:00:00+00:00,0.042,55611,0.024390243902439046,-0.14522202923500205,0.04257142857142857,59534.71428571428
Fracture Case,2021-11-02 01:00:00+00:00,0.041,54945,-0.023809523809523836,-0.0119760479041916,0.04214285714285715,60211.28571428572
Fracture Case,2021-11-03 01:00:00+00:00,0.039,61808,-0.04878048780487809,0.12490672490672483,0.04114285714285715,61192.71428571428
Fracture Case,2021-11-04 01:00:00+00:00,0.042,60206,0.0769230769230771,-0.02591897488998185,0.04114285714285715,61687.42857142857
Fracture Case,2021-11-05 01:00:00+00:00,0.042,52296,0.0,-0.13138225426037276,0.041285714285714294,59144.142857142855
Fracture Case,2021-11-06 01:00:00+00:00,0.039,59582,-0.07142857142857151,0.13932231910662374,0.04085714285714286,58501.0
Fracture Case,2021-11-07 01:00:00+00:00,0.041,62748,0.05128205128205132,0.05313685341210439,0.04085714285714286,58170.857142857145
Fracture Case,2021-11-08 01:00:00+00:00,0.041,62062,0.0,-0.010932619366354257,0.04071428571428572,59092.42857142857
Fracture Case,2021-11-09 01:00:00+00:00,0.039,61349,-0.04878048780487809,-0.011488511488511488,0.04042857142857143,60007.28571428572
Fracture Case,2021-11-10 01:00:00+00:00,0.037,68016,-0.05128205128205132,0.10867332800860652,0.04014285714285715,60894.142857142855
Fracture Case,2021-11-11 01:00:00+00:00,0.038,61171,0.027027027027026973,-0.1006380851564338,0.03957142857142858,61032.0
Fracture Case,2021-11-12 01:00:00+00:00,0.037,57008,-0.02631578947368418,-0.06805512416014126,0.03885714285714286,61705.142857142855
Fracture Case,2021-11-13 01:00:00+00:00,0.037,60456,0.0,0.06048273926466452,0.038571428571428576,61830.0
Fracture Case,2021-11-14 01:00:00+00:00,0.039,57850,0.05405405405405417,-0.043105729786952485,0.03828571428571429,61130.28571428572
Fracture Case,2021-11-15 01:00:00+00:00,0.038,49660,-0.02564102564102566,-0.14157303370786511,0.03785714285714286,59358.57142857143
Fracture Case,2021-11-16 01:00:00+00:00,0.037,49789,-0.02631578947368418,0.002597664115988829,0.037571428571428575,57707.142857142855
Fracture Case,2021-11-17 01:00:00+00:00,0.039,54151,0.05405405405405417,0.0876097129888127,0.03785714285714286,55726.42857142857
Fracture Case,2021-11-18 01:00:00+00:00,0.038,51406,-0.02564102564102566,-0.05069158464294288,0.03785714285714286,54331.42857142857
Fracture Case,2021-11-19 01:00:00+00:00,0.036,55763,-0.052631578947368474,0.08475664319340148,0.037714285714285714,54153.57142857143
Fracture Case,2021-11-20 01:00:00+00:00,0.035,62313,-0.027777777777777568,0.11746139913562748,0.03742857142857143,54418.857142857145
Fracture Case,2021-11-21 01:00:00+00:00,0.038,58245,0.08571428571428563,-0.0652833277165279,0.03728571428571429,54475.28571428572
Fracture Case,2021-11-22 01:00:00+00:00,0.039,52910,0.026315789473684292,-0.09159584513692165,0.03742857142857143,54939.57142857143
Fracture Case,2021-11-23 01:00:00+00:00,0.039,51672,0.0,-0.023398223398223394,0.037714285714285714,55208.57142857143
Fracture Case,2021-11-24 01:00:00+00:00,0.037,58103,-0.05128205128205132,0.12445812045208227,0.03742857142857143,55773.142857142855
Fracture Case,2021-11-25 01:00:00+00:00,0.039,64855,0.05405405405405417,0.11620742474571011,0.037571428571428575,57694.42857142857
Fracture Case,2021-11-26 01:00:00+00:00,0.04,68572,0.025641025641025772,0.05731246627091213,0.038142857142857145,59524.28571428572
Fracture Case,2021-11-27 01:00:00+00:00,0.039,65801,-0.025000000000000022,-0.04041007991600065,0.038714285714285715,60022.57142857143
Fracture Case,2021-11-28 01:00:00+00:00,0.041,66775,0.05128205128205132,0.014802206653394379,0.039142857142857146,61241.142857142855
Fracture Case,2021-11-29 01:00:00+00:00,0.042,62163,0.024390243902439046,-0.06906776488206667,0.03957142857142858,62563.0
Fracture Case,2021-11-30 01:00:00+00:00,0.037,82938,-0.11904761904761918,0.3342020172771585,0.03928571428571429,67029.57142857143
Fracture Case,2021-12-01 01:00:00+00:00,0.038,71645,0.027027027027026973,-0.13616195230171935,0.03942857142857143,68964.14285714286
Fracture Case,2021-12-02 01:00:00+00:00,0.039,60145,0.026315789473684292,-0.1605136436597111,0.03942857142857143,68291.28571428571
Fracture Case,2021-12-03 01:00:00+00:00,0.043,74514,0.10256410256410242,0.23890597722171414,0.03985714285714286,69140.14285714286
Fracture Case,2021-12-04 01:00:00+00:00,0.042,74131,-0.02325581395348819,-0.005139973696218214,0.04028571428571429,70330.14285714286
Fracture Case,2021-12-05 01:00:00+00:00,0.042,76487,0.0,0.03178157585895236,0.04042857142857143,71717.57142857143
Fracture Case,2021-12-06 01:00:00+00:00,0.043,56114,0.023809523809523725,-0.26635898910926037,0.04057142857142857,70853.42857142857
Fracture Case,2021-12-07 01:00:00+00:00,0.042,56049,-0.02325581395348819,-0.0011583562034429562,0.041285714285714294,67012.14285714286
Fracture Case,2021-12-08 01:00:00+00:00,0.041,57253,-0.023809523809523836,0.021481203946546845,0.04171428571428571,64956.142857142855
Fracture Case,2021-12-09 01:00:00+00:00,0.043,52895,0.04878048780487787,-0.07611828201142301,0.04228571428571428,63920.42857142857
Fracture Case,2021-12-10 01:00:00+00:00,0.046,61937,0.06976744186046524,0.17094243312222335,0.04271428571428572,62123.71428571428
Fracture Case,2021-12-11 01:00:00+00:00,0.045,69576,-0.021739130434782594,0.12333500169527101,0.04314285714285714,61473.0
Fracture Case,2021-12-12 01:00:00+00:00,0.045,64816,0.0,-0.06841439576865582,0.04357142857142857,59805.71428571428
Fracture Case,2021-12-13 01:00:00+00:00,0.045,53830,0.0,-0.16949518637373484,0.04385714285714286,59479.42857142857
Fracture Case,2021-12-14 01:00:00+00:00,0.046,52371,0.022222222222222143,-0.027103845439346075,0.04442857142857142,58954.0
Fracture Case,2021-12-15 01:00:00+00:00,0.042,57352,-0.08695652173913038,0.0951098890607398,0.044571428571428574,58968.142857142855
Fracture Case,2021-12-16 01:00:00+00:00,0.042,55462,0.0,-0.03295438694378572,0.04442857142857143,59334.857142857145
Fracture Case,2021-12-17 01:00:00+00:00,0.043,55724,0.023809523809523725,0.004723955140456537,0.044000000000000004,58447.28571428572
Fracture Case,2021-12-18 01:00:00+00:00,0.042,58106,-0.02325581395348819,0.042746392936616084,0.04357142857142857,56808.71428571428
Fracture Case,2021-12-19 01:00:00+00:00,0.041,59545,-0.023809523809523836,0.02476508450074011,0.043,56055.71428571428
Fracture Case,2021-12-20 01:00:00+00:00,0.042,58522,0.024390243902439046,-0.017180283818960418,0.04257142857142858,56726.0
Fracture Case,2021-12-21 01:00:00+00:00,0.044,58330,0.04761904761904745,-0.0032808174703530257,0.04228571428571428,57577.28571428572
Fracture Case,2021-12-22 01:00:00+00:00,0.041,56338,-0.06818181818181812,-0.03415052288702214,0.04214285714285714,57432.42857142857
Fracture Case,2021-12-23 01:00:00+00:00,0.039,59798,-0.04878048780487809,0.06141503070751542,0.04171428571428572,58051.857142857145
Fracture Case,2021-12-24 01:00:00+00:00,0.044,73617,0.1282051282051282,0.23109468544098455,0.04185714285714286,60608.0
Fracture Case,2021-12-25 01:00:00+00:00,0.048,70761,0.09090909090909105,-0.03879538693508289,0.04271428571428572,62415.857142857145
Fracture Case,2021-12-26 01:00:00+00:00,0.044,73154,-0.08333333333333337,0.03381806362261708,0.04314285714285714,64360.0
Fracture Case,2021-12-27 01:00:00+00:00,0.044,70385,0.0,-0.037851655411870855,0.04342857142857143,66054.71428571429
Fracture Case,2021-12-28 01:00:00+00:00,0.043,68281,-0.022727272727272707,-0.029892732826596546,0.04328571428571428,67476.28571428571
Fracture Case,2021-12-29 01:00:00+00:00,0.043,77361,0.0,0.13297989191722448,0.04357142857142857,70479.57142857143
Fracture Case,2021-12-30 01:00:00+00:00,0.043,79483,0.0,0.027429841910006303,0.04414285714285714,73291.71428571429
Fracture Case,2021-12-31 01:00:00+00:00,0.047,73665,0.09302325581395365,-0.07319804234867833,0.044571428571428574,73298.57142857143
Fracture Case,2022-01-01 01:00:00+00:00,0.049,74582,0.042553191489361764,0.012448245435417116,0.044714285714285706,73844.42857142857
Fracture Case,2022-01-02 01:00:00+00:00,0.045,68762,-0.08163265306122458,-0.07803491459065193,0.04485714285714286,73217.0
Fracture Case,2022-01-03 01:00:00+00:00,0.046,67573,0.022222222222222143,-0.017291527297053633,0.045142857142857144,72815.28571428571
Fracture Case,2022-01-04 01:00:00+00:00,0.043,61941,-0.0652173913043479,-0.08334689890932767,0.045142857142857144,71909.57142857143
Fracture Case,2022-01-05 01:00:00+00:00,0.043,70666,0.0,0.14085985050289795,0.04514285714285714,70953.14285714286
Fracture Case,2022-01-06 01:00:00+00:00,0.047,103711,0.09302325581395365,0.4676223360597742,0.045714285714285714,74414.28571428571
Fracture Case,2022-01-07 01:00:00+00:00,0.047,69293,0.0,-0.3318645081042513,0.045714285714285714,73789.71428571429
Fracture Case,2022-01-08 01:00:00+00:00,0.056,78577,0.1914893617021276,0.13398178748214096,0.046714285714285715,74360.42857142857
Fracture Case,2022-01-09 01:00:00+00:00,0.055,66579,-0.017857142857142905,-0.1526909910024562,0.04814285714285714,74048.57142857143
Fracture Case,2022-01-10 01:00:00+00:00,0.057,65346,0.036363636363636376,-0.0185193529491281,0.04971428571428571,73730.42857142857
Fracture Case,2022-01-11 01:00:00+00:00,0.052,56496,-0.08771929824561409,-0.13543292626939674,0.051,72952.57142857143
Fracture Case,2022-01-12 01:00:00+00:00,0.054,63296,0.03846153846153855,0.12036250354007372,0.05257142857142857,71899.71428571429
Fracture Case,2022-01-13 01:00:00+00:00,0.053,59421,-0.01851851851851849,-0.06122029828109199,0.05342857142857143,65572.57142857143
Fracture Case,2022-01-14 01:00:00+00:00,0.054,81393,0.018867924528301883,0.3697682637451407,0.05442857142857143,67301.14285714286
Fracture Case,2022-01-15 01:00:00+00:00,0.05,78484,-0.07407407407407396,-0.03574017421645592,0.05357142857142857,67287.85714285714
Fracture Case,2022-01-16 01:00:00+00:00,0.05,74098,0.0,-0.055884001834768826,0.05285714285714286,68362.0
Fracture Case,2022-01-17 01:00:00+00:00,0.055,67218,0.09999999999999987,-0.09285000944694866,0.05257142857142857,68629.42857142857
Fracture Case,2022-01-18 01:00:00+00:00,0.052,66152,-0.054545454545454564,-0.01585884733255971,0.05257142857142857,70008.85714285714
Fracture Case,2022-01-19 01:00:00+00:00,0.052,66153,0.0,1.511670093123918e-05,0.05228571428571428,70417.0
Fracture Case,2022-01-20 01:00:00+00:00,0.054,69428,0.03846153846153855,0.049506447175487134,0.05242857142857143,71846.57142857143
Fracture Case,2022-01-21 01:00:00+00:00,0.055,97215,0.0185185185185186,0.4002275738894969,0.05257142857142857,74106.85714285714
Fracture Case,2022-01-22 01:00:00+00:00,0.055,100912,0.0,0.03802911073394033,0.053285714285714283,77310.85714285714
Fracture Case,2022-01-23 01:00:00+00:00,0.056,94113,0.0181818181818183,-0.06737553511970829,0.054142857142857145,80170.14285714286
Fracture Case,2022-01-24 01:00:00+00:00,0.054,73589,-0.0357142857142857,-0.21807826761446347,0.054,81080.28571428571
Fracture Case,2022-01-25 01:00:00+00:00,0.054,78472,0.0,0.06635502588702114,0.05428571428571428,82840.28571428571
Fracture Case,2022-01-26 01:00:00+00:00,0.056,79628,0.03703703703703698,0.014731369150779994,0.05485714285714286,84765.28571428571
Fracture Case,2022-01-27 01:00:00+00:00,0.054,80880,-0.0357142857142857,0.015723112472999512,0.05485714285714286,86401.28571428571
Fracture Case,2022-01-28 01:00:00+00:00,0.052,98794,-0.03703703703703709,0.22148862512363987,0.05442857142857143,86626.85714285714
Fracture Case,2022-01-29 01:00:00+00:00,0.056,99523,0.0769230769230771,0.007378990626961235,0.05457142857142857,86428.42857142857
Fracture Case,2022-01-30 01:00:00+00:00,0.056,95761,0.0,-0.03780030746661578,0.05457142857142857,86663.85714285714
Fracture Case,2022-01-31 01:00:00+00:00,0.055,91294,-0.017857142857142905,-0.046647382546130434,0.054714285714285715,89193.14285714286
Fracture Case,2022-02-01 01:00:00+00:00,0.056,87726,0.0181818181818183,-0.03908252459088224,0.055,90515.14285714286
Fracture Case,2022-02-02 01:00:00+00:00,0.056,91801,0.0,0.04645145110913518,0.05499999999999999,92254.14285714286
Fracture Case,2022-02-03 01:00:00+00:00,0.053,85601,-0.0535714285714286,-0.06753739066023245,0.05485714285714286,92928.57142857143
Fracture Case,2022-02-04 01:00:00+00:00,0.058,85050,0.09433962264150941,-0.006436840691113388,0.055714285714285716,90965.14285714286
Fracture Case,2022-02-05 01:00:00+00:00,0.058,88312,0.0,0.038353909465020486,0.056,89363.57142857143
Fracture Case,2022-02-06 01:00:00+00:00,0.061,86069,0.051724137931034475,-0.025398586828517034,0.05671428571428572,87979.0
Fracture Case,2022-02-07 01:00:00+00:00,0.057,72564,-0.06557377049180324,-0.1569089916230002,0.057,85303.28571428571
Fracture Case,2022-02-08 01:00:00+00:00,0.054,71990,-0.052631578947368474,-0.007910258530400727,0.05671428571428572,83055.28571428571
Fracture Case,2022-02-09 01:00:00+00:00,0.054,72254,0.0,0.0036671759966662165,0.05642857142857143,80262.85714285714
Fracture Case,2022-02-10 01:00:00+00:00,0.055,73018,0.0185185185185186,0.010573809062474071,0.05671428571428571,78465.28571428571
Fracture Case,2022-02-11 01:00:00+00:00,0.054,82762,-0.018181818181818188,0.13344654742666195,0.05614285714285714,78138.42857142857
Fracture Case,2022-02-12 01:00:00+00:00,0.054,90032,0.0,0.08784224644160354,0.05557142857142857,78384.14285714286
Fracture Case,2022-02-13 01:00:00+00:00,0.052,78000,-0.03703703703703709,-0.1336413719566376,0.054285714285714284,77231.42857142857
Fracture Case,2022-02-14 01:00:00+00:00,0.052,67541,0.0,-0.13408974358974357,0.05357142857142857,76513.85714285714
Fracture Case,2022-02-15 01:00:00+00:00,0.053,65538,0.019230769230769162,-0.029656060763092018,0.05342857142857143,75592.14285714286
Fracture Case,2022-02-16 01:00:00+00:00,0.051,65375,-0.037735849056603765,-0.002487106716713927,0.053,74609.42857142857
Fracture Case,2022-02-17 01:00:00+00:00,0.053,66504,0.03921568627450989,0.017269598470363245,0.052714285714285714,73678.85714285714
Fracture Case,2022-02-18 01:00:00+00:00,0.056,79059,0.05660377358490565,0.18878563695416828,0.053,73149.85714285714
Fracture Case,2022-02-19 01:00:00+00:00,0.054,82882,-0.0357142857142857,0.04835629087137461,0.05299999999999999,72128.42857142857
Fracture Case,2022-02-20 01:00:00+00:00,0.056,76528,0.03703703703703698,-0.07666320793417147,0.05357142857142857,71918.14285714286
Fracture Case,2022-02-21 01:00:00+00:00,0.052,65167,-0.07142857142857151,-0.14845546727994985,0.05357142857142857,71579.0
Fracture Case,2022-02-22 01:00:00+00:00,0.051,66611,-0.019230769230769273,0.02215845443245823,0.053285714285714283,71732.28571428571
Fracture Case,2022-02-23 01:00:00+00:00,0.052,69372,0.019607843137254832,0.04144961042470463,0.05342857142857143,72303.28571428571
Fracture Case,2022-02-24 01:00:00+00:00,0.053,70085,0.019230769230769162,0.010277921928155465,0.05342857142857143,72814.85714285714
Fracture Case,2022-02-25 01:00:00+00:00,0.056,71011,0.05660377358490565,0.01321252764500258,0.05342857142857143,71665.14285714286
Fracture Case,2022-02-26 01:00:00+00:00,0.055,80501,-0.017857142857142905,0.13364126684598165,0.05357142857142857,71325.0
Fracture Case,2022-02-27 01:00:00+00:00,0.053,77286,-0.036363636363636376,-0.03993739208208591,0.05314285714285714,71433.28571428571
Fracture Case,2022-02-28 01:00:00+00:00,0.055,100144,0.037735849056603765,0.295758610873897,0.05357142857142857,76430.0
Fracture Case,2022-03-01 01:00:00+00:00,0.054,133673,-0.018181818181818188,0.334807876657613,0.054,86010.28571428571
Fracture Case,2022-03-02 01:00:00+00:00,0.059,94435,0.09259259259259256,-0.2935372139474688,0.055,89590.71428571429
Fracture Case,2022-03-03 01:00:00+00:00,0.055,86865,-0.06779661016949146,-0.08016095727219785,0.055285714285714285,91987.85714285714
Fracture Case,2022-03-04 01:00:00+00:00,0.059,96075,0.07272727272727275,0.1060265929891211,0.055714285714285716,95568.42857142857
Fracture Case,2022-03-05 01:00:00+00:00,0.063,98882,0.06779661016949157,0.0292167577413478,0.05685714285714286,98194.28571428571
Fracture Case,2022-03-06 01:00:00+00:00,0.06,94494,-0.04761904761904767,-0.044376125078376294,0.057857142857142864,100652.57142857143
Fracture Case,2022-03-07 01:00:00+00:00,0.059,90310,-0.01666666666666672,-0.04427794357313697,0.05842857142857143,99247.71428571429
Fracture Case,2022-03-08 01:00:00+00:00,0.056,109629,-0.05084745762711862,0.2139187243937548,0.05871428571428571,95812.85714285714
Fracture Case,2022-03-09 01:00:00+00:00,0.06,85601,0.0714285714285714,-0.2191755831030111,0.05885714285714285,94550.85714285714
Fracture Case,2022-03-10 01:00:00+00:00,0.062,86561,0.03333333333333344,0.011214822256749413,0.05985714285714285,94507.42857142857
Fracture Case,2022-03-11 01:00:00+00:00,0.064,74759,0.032258064516129004,-0.1363431568489274,0.06057142857142857,91462.28571428571
Fracture Case,2022-03-12 01:00:00+00:00,0.062,82391,-0.03125,0.10208804291122142,0.06042857142857143,89106.42857142857
Fracture Case,2022-03-13 01:00:00+00:00,0.06,83488,-0.032258064516129115,0.013314561056426033,0.06042857142857143,87534.14285714286
Fracture Case,2022-03-14 01:00:00+00:00,0.063,74308,0.050000000000000044,-0.10995592180912228,0.061,85248.14285714286
Fracture Case,2022-03-15 01:00:00+00:00,0.062,75603,-0.015873015873015928,0.017427464068471732,0.061857142857142854,80387.28571428571
Fracture Case,2022-03-16 01:00:00+00:00,0.064,78604,0.032258064516129004,0.03969419202941693,0.06242857142857143,79387.71428571429
Fracture Case,2022-03-17 01:00:00+00:00,0.064,80697,0.0,0.026627143656811292,0.06271428571428571,78550.0
Fracture Case,2022-03-18 01:00:00+00:00,0.071,86525,0.10937499999999978,0.07222077648487546,0.06371428571428571,80230.85714285714
Fracture Case,2022-03-19 01:00:00+00:00,0.068,96723,-0.042253521126760396,0.1178618896272754,0.06457142857142857,82278.28571428571
Fracture Case,2022-03-20 01:00:00+00:00,0.067,96269,-0.014705882352941235,-0.004693816362188907,0.06557142857142857,84104.14285714286
Fracture Case,2022-03-21 01:00:00+00:00,0.076,94235,0.13432835820895517,-0.02112829675181005,0.06742857142857142,86950.85714285714
Fracture Case,2022-03-22 01:00:00+00:00,0.083,142142,0.09210526315789491,0.5083779911922321,0.07042857142857142,96456.42857142857
Fracture Case,2022-03-23 01:00:00+00:00,0.102,153902,0.22891566265060237,0.08273416724120941,0.07585714285714286,107213.28571428571
Fracture Case,2022-03-24 01:00:00+00:00,0.105,93197,0.02941176470588247,-0.39443931852737457,0.08171428571428571,108999.0
Fracture Case,2022-03-25 01:00:00+00:00,0.095,85277,-0.09523809523809523,-0.08498127622133755,0.08514285714285716,108820.71428571429
Fracture Case,2022-03-26 01:00:00+00:00,0.092,86536,-0.03157894736842104,0.014763652567515217,0.08857142857142856,107365.42857142857
Fracture Case,2022-03-27 01:00:00+00:00,0.089,89418,-0.03260869565217395,0.03330405842655071,0.09171428571428572,106386.71428571429
Fracture Case,2022-03-28 01:00:00+00:00,0.085,74149,-0.04494382022471899,-0.17075980227694643,0.093,103517.28571428571
Fracture Case,2022-03-29 01:00:00+00:00,0.083,79959,-0.02352941176470591,0.07835574316578775,0.093,94634.0
Fracture Case,2022-03-30 01:00:00+00:00,0.083,73530,0.0,-0.08040370689978615,0.09028571428571429,83152.28571428571
Fracture Case,2022-03-31 01:00:00+00:00,0.092,78888,0.10843373493975905,0.0728682170542636,0.08842857142857143,81108.14285714286
Fracture Case,2022-04-01 01:00:00+00:00,0.098,79953,0.0652173913043479,0.01350015211439004,0.08885714285714286,80347.57142857143
Fracture Case,2022-04-02 01:00:00+00:00,0.098,91974,0.0,0.15035083111327907,0.08971428571428572,81124.42857142857
Fracture Case,2022-04-03 01:00:00+00:00,0.094,95696,-0.04081632653061229,0.040467958336051435,0.09042857142857143,82021.28571428571
Fracture Case,2022-04-04 01:00:00+00:00,0.095,74015,0.010638297872340496,-0.22656119378030426,0.09185714285714286,82002.14285714286
Fracture Case,2022-04-05 01:00:00+00:00,0.096,84883,0.010526315789473717,0.14683510099304198,0.09371428571428572,82705.57142857143
Fracture Case,2022-04-06 01:00:00+00:00,0.107,85604,0.11458333333333326,0.008494044743941664,0.09714285714285716,84430.42857142857
Fracture Case,2022-04-07 01:00:00+00:00,0.111,87510,0.03738317757009346,0.022265314704920325,0.09985714285714287,85662.14285714286
Fracture Case,2022-04-08 01:00:00+00:00,0.119,93590,0.072072072072072,0.06947777396868937,0.10285714285714286,87610.28571428571
Fracture Case,2022-04-09 01:00:00+00:00,0.118,108129,-0.008403361344537785,0.1553477935676888,0.10571428571428572,89918.14285714286
Fracture Case,2022-04-10 01:00:00+00:00,0.124,97927,0.05084745762711873,-0.09435026681093883,0.11,90236.85714285714
Fracture Case,2022-04-11 01:00:00+00:00,0.122,87351,-0.016129032258064502,-0.10799881544415735,0.11385714285714287,92142.0
Fracture Case,2022-04-12 01:00:00+00:00,0.117,77100,-0.040983606557376984,-0.11735412302091563,0.11685714285714285,91030.14285714286
Fracture Case,2022-04-13 01:00:00+00:00,0.114,72781,-0.02564102564102566,-0.05601815823605705,0.11785714285714285,89198.28571428571
Fracture Case,2022-04-14 01:00:00+00:00,0.11,81316,-0.03508771929824561,0.1172696170703893,0.1177142857142857,88313.42857142857
Fracture Case,2022-04-15 01:00:00+00:00,0.109,90733,-0.00909090909090915,0.11580746716513346,0.1162857142857143,87905.28571428571
Fracture Case,2022-04-16 01:00:00+00:00,0.111,88258,0.01834862385321112,-0.027277837170599506,0.1152857142857143,85066.57142857143
Fracture Case,2022-04-17 01:00:00+00:00,0.111,81202,0.0,-0.07994742686215417,0.11342857142857143,82677.28571428571
Fracture Case,2022-04-18 01:00:00+00:00,0.111,73306,0.0,-0.09723898426147137,0.11185714285714286,80670.85714285714
Fracture Case,2022-04-19 01:00:00+00:00,0.11,67113,-0.009009009009009028,-0.08448148855482496,0.11085714285714286,79244.14285714286
Fracture Case,2022-04-20 01:00:00+00:00,0.112,66786,0.0181818181818183,-0.004872379419784578,0.11057142857142857,78387.71428571429
Fracture Case,2022-04-21 01:00:00+00:00,0.109,70940,-0.0267857142857143,0.06219866439074062,0.11042857142857143,76905.42857142857
Fracture Case,2022-04-22 01:00:00+00:00,0.109,81017,0.0,0.14204961939667315,0.11042857142857142,75517.42857142857
Fracture Case,2022-04-23 01:00:00+00:00,0.105,87044,-0.03669724770642202,0.07439179431477339,0.10957142857142856,75344.0
Fracture Case,2022-04-24 01:00:00+00:00,0.112,93986,0.06666666666666665,0.07975276871467307,0.10971428571428572,77170.28571428571
Fracture Case,2022-04-25 01:00:00+00:00,0.109,69146,-0.0267857142857143,-0.2642946821867087,0.10942857142857143,76576.0
Fracture Case,2022-04-26 01:00:00+00:00,0.109,77604,0.0,0.12232088624070814,0.10928571428571429,78074.71428571429
Fracture Case,2022-04-27 01:00:00+00:00,0.109,70355,0.0,-0.09341013349827332,0.10885714285714286,78584.57142857143
Fracture Case,2022-04-28 01:00:00+00:00,0.111,75383,0.01834862385321112,0.07146613602444751,0.10914285714285714,79219.28571428571
Fracture Case,2022-04-29 01:00:00+00:00,0.112,80869,0.009009009009008917,0.07277502885265918,0.10957142857142857,79198.14285714286
Fracture Case,2022-04-30 01:00:00+00:00,0.114,87553,0.017857142857142794,0.08265219057982653,0.11085714285714285,79270.85714285714
Fracture Case,2022-05-01 01:00:00+00:00,0.111,86980,-0.02631578947368418,-0.006544607266455782,0.1107142857142857,78270.0
Fracture Case,2022-05-02 01:00:00+00:00,0.111,84394,0.0,-0.029730972637387887,0.111,80448.28571428571
Fracture Case,2022-05-03 01:00:00+00:00,0.11,78462,-0.009009009009009028,-0.07028935706329831,0.11114285714285714,80570.85714285714
Fracture Case,2022-05-04 01:00:00+00:00,0.099,117763,-0.09999999999999998,0.5008921516147944,0.10971428571428572,87343.42857142857
Fracture Case,2022-05-05 01:00:00+00:00,0.098,78667,-0.010101010101010055,-0.3319888250129497,0.10785714285714286,87812.57142857143
Fracture Case,2022-05-06 01:00:00+00:00,0.099,85721,0.010204081632652962,0.0896691115715611,0.106,88505.71428571429
Fracture Case,2022-05-07 01:00:00+00:00,0.1,77531,0.010101010101010166,-0.0955425158362595,0.10400000000000001,87074.0
Fracture Case,2022-05-08 01:00:00+00:00,0.097,81841,-0.030000000000000027,0.05559066695902293,0.102,86339.85714285714
Fracture Case,2022-05-09 01:00:00+00:00,0.097,67975,0.0,-0.16942608228149703,0.09999999999999999,83994.28571428571
Fracture Case,2022-05-10 01:00:00+00:00,0.093,67726,-0.04123711340206193,-0.0036631114380286656,0.09757142857142857,82460.57142857143
Fracture Case,2022-05-11 01:00:00+00:00,0.092,76567,-0.010752688172043001,0.1305407081475356,0.09657142857142857,76575.42857142857
Fracture Case,2022-05-12 01:00:00+00:00,0.093,70268,0.010869565217391353,-0.08226781772826408,0.09585714285714286,75375.57142857143
Fracture Case,2022-05-13 01:00:00+00:00,0.093,75839,0.0,0.07928217680878924,0.095,73963.85714285714
Fracture Case,2022-05-14 01:00:00+00:00,0.092,79287,-0.010752688172043001,0.045464734503355864,0.09385714285714286,74214.71428571429
Fracture Case,2022-05-15 01:00:00+00:00,0.095,82256,0.032608695652173836,0.03744623961052884,0.09357142857142857,74274.0
Fracture Case,2022-05-16 01:00:00+00:00,0.091,62700,-0.04210526315789476,-0.23774557479089675,0.09271428571428572,73520.42857142857
Fracture Case,2022-05-17 01:00:00+00:00,0.092,68401,0.01098901098901095,0.09092503987240819,0.09257142857142857,73616.85714285714
Fracture Case,2022-05-18 01:00:00+00:00,0.091,75533,-0.010869565217391353,0.10426748146956921,0.09242857142857143,73469.14285714286
Fracture Case,2022-05-19 01:00:00+00:00,0.093,72760,0.0219780219780219,-0.03671243032846572,0.09242857142857143,73825.14285714286
Fracture Case,2022-05-20 01:00:00+00:00,0.099,75683,0.06451612903225823,0.04017317207256732,0.09328571428571429,73802.85714285714
Fracture Case,2022-05-21 01:00:00+00:00,0.096,78986,-0.030303030303030276,0.0436425617377747,0.09385714285714285,73759.85714285714
Fracture Case,2022-05-22 01:00:00+00:00,0.096,80675,0.0,0.021383536322892693,0.09399999999999999,73534.0
Fracture Case,2022-05-23 01:00:00+00:00,0.094,70729,-0.02083333333333337,-0.12328478462968706,0.09442857142857143,74681.0
Fracture Case,2022-05-24 01:00:00+00:00,0.093,69107,-0.010638297872340385,-0.022932601903038363,0.09457142857142857,74781.85714285714
Fracture Case,2022-05-25 01:00:00+00:00,0.094,74556,0.010752688172043001,0.07884874180618451,0.09499999999999999,74642.28571428571
Fracture Case,2022-05-26 01:00:00+00:00,0.095,75477,0.010638297872340496,0.012353130532753998,0.09528571428571429,75030.42857142857
Fracture Case,2022-05-27 01:00:00+00:00,0.095,78029,0.0,0.03381162473336241,0.09471428571428572,75365.57142857143
Fracture Case,2022-05-28 01:00:00+00:00,0.096,79468,0.010526315789473717,0.01844186135923831,0.09471428571428572,75434.42857142857
Fracture Case,2022-05-29 01:00:00+00:00,0.095,87359,-0.01041666666666663,0.09929783057331254,0.09457142857142856,76389.28571428571
Fracture Case,2022-05-30 01:00:00+00:00,0.097,71210,0.021052631578947434,-0.18485788527799085,0.095,76458.0
Fracture Case,2022-05-31 01:00:00+00:00,0.096,73971,-0.010309278350515427,0.038772644291532155,0.09542857142857143,77152.85714285714
Fracture Case,2022-06-01 01:00:00+00:00,0.103,82272,0.07291666666666652,0.11221965364805131,0.09671428571428572,78255.14285714286
Fracture Case,2022-06-02 01:00:00+00:00,0.103,78204,0.0,-0.04944574095682619,0.09785714285714286,78644.71428571429
Fracture Case,2022-06-03 01:00:00+00:00,0.104,114847,0.009708737864077666,0.46855659557055906,0.09914285714285713,83904.42857142857
Fracture Case,2022-06-04 01:00:00+00:00,0.102,103239,-0.019230769230769273,-0.10107360227084727,0.09999999999999999,87300.28571428571
Fracture Case,2022-06-05 01:00:00+00:00,0.099,97863,-0.02941176470588225,-0.052073344375672015,0.10057142857142856,88800.85714285714
Fracture Case,2022-06-06 01:00:00+00:00,0.102,89361,0.030303030303030276,-0.08687655191441102,0.1012857142857143,91393.85714285714
Fracture Case,2022-06-07 01:00:00+00:00,0.102,76934,0.0,-0.1390651402737212,0.10214285714285713,91817.14285714286
Fracture Case,2022-06-08 01:00:00+00:00,0.1,71048,-0.019607843137254832,-0.0765071359866899,0.10171428571428572,90213.71428571429
Fracture Case,2022-06-09 01:00:00+00:00,0.104,81066,0.039999999999999813,0.14100326539804087,0.10185714285714285,90622.57142857143
Fracture Case,2022-06-10 01:00:00+00:00,0.105,88266,0.009615384615384581,0.08881651987269623,0.102,86825.28571428571
Fracture Case,2022-06-11 01:00:00+00:00,0.1,80272,-0.04761904761904756,-0.09056714929871068,0.10171428571428572,83544.28571428571
Fracture Case,2022-06-12 01:00:00+00:00,0.096,76244,-0.040000000000000036,-0.050179390073749275,0.1012857142857143,80455.85714285714
Fracture Case,2022-06-13 01:00:00+00:00,0.103,87349,0.07291666666666652,0.14565080530927021,0.10142857142857142,80168.42857142857
Fracture Case,2022-06-14 01:00:00+00:00,0.096,71666,-0.06796116504854366,-0.1795441275801669,0.10057142857142856,79415.85714285714
Fracture Case,2022-06-15 01:00:00+00:00,0.093,70672,-0.03125,-0.013869896464153153,0.09957142857142856,79362.14285714286
Fracture Case,2022-06-16 01:00:00+00:00,0.093,81993,0.0,0.16019074032148528,0.098,79494.57142857143
Fracture Case,2022-06-17 01:00:00+00:00,0.092,76702,-0.010752688172043001,-0.064529898893808,0.09614285714285715,77842.57142857143
Fracture Case,2022-06-18 01:00:00+00:00,0.091,75651,-0.010869565217391353,-0.01370238064196505,0.09485714285714285,77182.42857142857
Fracture Case,2022-06-19 01:00:00+00:00,0.09,76549,-0.01098901098901095,0.01187029913682558,0.09399999999999999,77226.0
Fracture Case,2022-06-20 01:00:00+00:00,0.088,75767,-0.022222222222222254,-0.010215678846229204,0.09185714285714286,75571.42857142857
Fracture Case,2022-06-21 01:00:00+00:00,0.088,74173,0.0,-0.021038182850053433,0.09071428571428572,75929.57142857143
Fracture Case,2022-06-22 01:00:00+00:00,0.085,70623,-0.03409090909090895,-0.04786108152562252,0.08957142857142857,75922.57142857143
Fracture Case,2022-06-23 01:00:00+00:00,0.083,69536,-0.02352941176470591,-0.015391586310408822,0.08814285714285715,74143.0
Fracture Case,2022-06-24 01:00:00+00:00,0.08,77248,-0.03614457831325302,0.1109065807639209,0.08642857142857142,74221.0
Fracture Case,2022-06-25 01:00:00+00:00,0.081,79582,0.012499999999999956,0.030214374482187223,0.08499999999999999,74782.57142857143
Fracture Case,2022-06-26 01:00:00+00:00,0.077,75186,-0.04938271604938271,-0.05523862179889927,0.08314285714285716,74587.85714285714
Fracture Case,2022-06-27 01:00:00+00:00,0.078,84960,0.012987012987013102,0.1299976059372756,0.08171428571428573,75901.14285714286
Fracture Case,2022-06-28 01:00:00+00:00,0.076,70658,-0.02564102564102566,-0.16833804143126174,0.08,75399.0
Fracture Case,2022-06-29 01:00:00+00:00,0.074,72626,-0.02631578947368418,0.027852472473039125,0.07842857142857143,75685.14285714286
Fracture Case,2022-06-30 01:00:00+00:00,0.073,68560,-0.013513513513513487,-0.055985459752705635,0.077,75545.71428571429
Fracture Case,2022-07-01 01:00:00+00:00,0.079,83938,0.08219178082191791,0.22429988331388562,0.07685714285714286,76501.42857142857
Fracture Case,2022-07-02 01:00:00+00:00,0.08,102938,0.012658227848101333,0.2263575496199577,0.07671428571428571,79838.0
Fracture Case,2022-07-03 01:00:00+00:00,0.08,85455,0.0,-0.16984009792302157,0.07714285714285715,81305.0
Fracture Case,2022-07-04 01:00:00+00:00,0.079,84381,-0.012499999999999956,-0.012568018255222024,0.07728571428571429,81222.28571428571
Fracture Case,2022-07-05 01:00:00+00:00,0.079,96633,0.0,0.14519856365769535,0.07771428571428572,84933.0
Fracture Case,2022-07-06 01:00:00+00:00,0.075,91134,-0.05063291139240511,-0.05690602589177607,0.07785714285714285,87577.0
Fracture Case,2022-07-07 01:00:00+00:00,0.082,85731,0.09333333333333349,-0.05928632563039038,0.07914285714285715,90030.0
Fracture Case,2022-07-08 01:00:00+00:00,0.085,81613,0.03658536585365857,-0.04803396670982496,0.08,89697.85714285714
Fracture Case,2022-07-09 01:00:00+00:00,0.087,97141,0.0235294117647058,0.1902638060112971,0.08099999999999999,88869.71428571429
Fracture Case,2022-07-10 01:00:00+00:00,0.087,91694,0.0,-0.056073130809853766,0.08199999999999999,89761.0
Fracture Case,2022-07-11 01:00:00+00:00,0.086,85720,-0.011494252873563204,-0.06515148210351818,0.08299999999999999,89952.28571428571
Fracture Case,2022-07-12 01:00:00+00:00,0.089,92169,0.03488372093023262,0.0752333177788147,0.08442857142857142,89314.57142857143
Fracture Case,2022-07-13 01:00:00+00:00,0.095,81247,0.06741573033707882,-0.11849971248467495,0.08728571428571429,87902.14285714286
Fracture Case,2022-07-14 01:00:00+00:00,0.095,84722,0.0,0.042770809999138404,0.08914285714285715,87758.0
Fracture Case,2022-07-15 01:00:00+00:00,0.097,103823,0.021052631578947434,0.22545501758693143,0.09085714285714284,90930.85714285714
Fracture Case,2022-07-16 01:00:00+00:00,0.102,89195,0.051546391752577136,-0.14089363628483087,0.093,89795.71428571429
Fracture Case,2022-07-17 01:00:00+00:00,0.103,89236,0.009803921568627416,0.0004596670216940879,0.09528571428571429,89444.57142857143
Fracture Case,2022-07-18 01:00:00+00:00,0.105,86587,0.01941747572815533,-0.029685328791070886,0.09799999999999999,89568.42857142857
Fracture Case,2022-07-19 01:00:00+00:00,0.105,89389,0.0,0.032360516012796436,0.10028571428571428,89171.28571428571
Fracture Case,2022-07-20 01:00:00+00:00,0.108,77754,0.028571428571428692,-0.1301614292586336,0.10214285714285713,88672.28571428571
Fracture Case,2022-07-21 01:00:00+00:00,0.105,93151,-0.02777777777777779,0.19802196671553873,0.10357142857142856,89876.42857142857
Fracture Case,2022-07-22 01:00:00+00:00,0.105,85230,0.0,-0.08503397709095983,0.10471428571428569,87220.28571428571
Fracture Case,2022-07-23 01:00:00+00:00,0.108,90795,0.028571428571428692,0.0652939105948609,0.10557142857142855,87448.85714285714
Fracture Case,2022-07-24 01:00:00+00:00,0.11,101100,0.0185185185185186,0.1134974392863044,0.10657142857142857,89143.71428571429
Fracture Case,2022-07-25 01:00:00+00:00,0.112,106158,0.0181818181818183,0.050029673590504364,0.10757142857142857,91939.57142857143
Fracture Case,2022-07-26 01:00:00+00:00,0.116,100908,0.03571428571428581,-0.0494545865596564,0.10914285714285714,93585.14285714286
Fracture Case,2022-07-27 01:00:00+00:00,0.118,100863,0.01724137931034475,-0.0004459507670353524,0.11057142857142857,96886.42857142857
Fracture Case,2022-07-28 01:00:00+00:00,0.13,125570,0.10169491525423746,0.24495602946571093,0.11414285714285714,101517.71428571429
Fracture Case,2022-07-29 01:00:00+00:00,0.147,113318,0.13076923076923075,-0.09757107589392366,0.12014285714285715,105530.28571428571
Fracture Case,2022-07-30 01:00:00+00:00,0.154,108099,0.04761904761904767,-0.04605623113715385,0.12671428571428572,108002.28571428571
Fracture Case,2022-07-31 01:00:00+00:00,0.144,101909,-0.06493506493506496,-0.057262324350826566,0.13157142857142856,108117.85714285714
Fracture Case,2022-08-01 01:00:00+00:00,0.141,89183,-0.02083333333333337,-0.12487611496531215,0.1357142857142857,105692.85714285714
Fracture Case,2022-08-02 01:00:00+00:00,0.139,96093,-0.014184397163120366,0.07748113429689507,0.13899999999999998,105005.0
Fracture Case,2022-08-03 01:00:00+00:00,0.142,95134,0.021582733812949506,-0.009979915290395769,0.14242857142857143,104186.57142857143
Fracture Case,2022-08-04 01:00:00+00:00,0.14,89473,-0.014084507042253391,-0.05950553955473337,0.14385714285714285,99029.85714285714
Fracture Case,2022-08-05 01:00:00+00:00,0.142,100595,0.014285714285714013,0.12430565645502001,0.14314285714285716,97212.28571428571
Fracture Case,2022-08-06 01:00:00+00:00,0.146,98989,0.028169014084507005,-0.015965008201202835,0.142,95910.85714285714
Fracture Case,2022-08-07 01:00:00+00:00,0.144,111811,-0.013698630136986356,0.12952954368667235,0.142,97325.42857142857
Fracture Case,2022-08-08 01:00:00+00:00,0.152,104480,0.05555555555555558,-0.06556599976746469,0.14357142857142854,99510.71428571429
Fracture Case,2022-08-09 01:00:00+00:00,0.156,59231,0.026315789473684292,-0.43308767228177647,0.146,94244.71428571429
Fracture Case,2022-08-10 01:00:00+00:00,0.154,99407,-0.012820512820512886,0.678293461194307,0.14771428571428571,94855.14285714286
Fracture Case,2022-08-11 01:00:00+00:00,0.154,90339,0.0,-0.09122094017523918,0.14971428571428572,94978.85714285714
Fracture Case,2022-08-12 01:00:00+00:00,0.156,91007,0.012987012987013102,0.007394370094864877,0.15171428571428572,93609.14285714286
Fracture Case,2022-08-13 01:00:00+00:00,0.157,91497,0.0064102564102563875,0.005384201215291151,0.15328571428571428,92538.85714285714
Fracture Case,2022-08-14 01:00:00+00:00,0.157,100731,0.0,0.10092134168333389,0.15514285714285717,90956.0
Fracture Case,2022-08-15 01:00:00+00:00,0.154,87001,-0.019108280254777066,-0.13630362053389722,0.15542857142857144,88459.0
Fracture Case,2022-08-16 01:00:00+00:00,0.148,86591,-0.038961038961038974,-0.0047125895104653814,0.1542857142857143,92367.57142857143
Fracture Case,2022-08-17 01:00:00+00:00,0.139,105269,-0.060810810810810634,0.21570371054728543,0.15214285714285714,93205.0
Fracture Case,2022-08-18 01:00:00+00:00,0.135,89851,-0.02877697841726623,-0.14646287131064228,0.14942857142857144,93135.28571428571
Fracture Case,2022-08-19 01:00:00+00:00,0.135,96669,0.0,0.07588118106643216,0.1464285714285714,93944.14285714286
Fracture Case,2022-08-20 01:00:00+00:00,0.138,93119,0.022222222222222143,-0.036723251507722265,0.1437142857142857,94175.85714285714
Fracture Case,2022-08-21 01:00:00+00:00,0.14,92088,0.01449275362318847,-0.011071854293967953,0.1412857142857143,92941.14285714286
Fracture Case,2022-08-22 01:00:00+00:00,0.139,83342,-0.0071428571428571175,-0.09497437233950135,0.13914285714285715,92418.42857142857
Fracture Case,2022-08-23 01:00:00+00:00,0.14,81672,0.007194244604316502,-0.02003791605673011,0.138,91715.71428571429
Fracture Case,2022-08-24 01:00:00+00:00,0.139,83912,-0.0071428571428571175,0.027426780291899266,0.138,88664.71428571429
Fracture Case,2022-08-25 01:00:00+00:00,0.139,93213,0.0,0.11084231099246833,0.1385714285714286,89145.0
Fracture Case,2022-08-26 01:00:00+00:00,0.143,86954,0.028776978417266008,-0.06714728632272327,0.1397142857142857,87757.14285714286
Fracture Case,2022-08-27 01:00:00+00:00,0.143,85679,0.0,-0.01466292522483148,0.14042857142857143,86694.28571428571
Fracture Case,2022-08-28 01:00:00+00:00,0.146,92105,0.020979020979021046,0.0750008753603566,0.1412857142857143,86696.71428571429
Fracture Case,2022-08-29 01:00:00+00:00,0.143,84517,-0.020547945205479423,-0.08238423538352968,0.14185714285714285,86864.57142857143
Fracture Case,2022-08-30 01:00:00+00:00,0.142,85317,-0.006993006993006978,0.009465551309204123,0.14214285714285713,87385.28571428571
Fracture Case,2022-08-31 01:00:00+00:00,0.142,91423,0.0,0.07156838613640892,0.14257142857142854,88458.28571428571
Fracture Case,2022-09-01 01:00:00+00:00,0.139,83676,-0.021126760563380143,-0.08473797622042589,0.14257142857142854,87095.85714285714
Fracture Case,2022-09-02 01:00:00+00:00,0.139,99116,0.0,0.18452124862565134,0.142,88833.28571428571
Fracture Case,2022-09-03 01:00:00+00:00,0.142,96189,0.021582733812949506,-0.029531054521974243,0.14185714285714285,90334.71428571429
Fracture Case,2022-09-04 01:00:00+00:00,0.156,177262,0.09859154929577474,0.8428510536547837,0.14328571428571427,102500.0
Fracture Case,2022-09-05 01:00:00+00:00,0.177,126871,0.13461538461538458,-0.2842741253060441,0.14814285714285713,108550.57142857143
Fracture Case,2022-09-06 01:00:00+00:00,0.179,109405,0.011299435028248705,-0.13766739444002174,0.15342857142857144,111991.71428571429
Fracture Case,2022-09-07 01:00:00+00:00,0.187,118968,0.04469273743016755,0.08740916777112573,0.15985714285714286,115926.71428571429
Fracture Case,2022-09-08 01:00:00+00:00,0.206,116254,0.10160427807486627,-0.022812857238921347,0.16942857142857143,120580.71428571429
Fracture Case,2022-09-09 01:00:00+00:00,0.199,102473,-0.03398058252427172,-0.11854215768919774,0.178,121060.28571428571
Fracture Case,2022-09-10 01:00:00+00:00,0.184,106055,-0.07537688442211066,0.03495554926663602,0.184,122469.71428571429
Fracture Case,2022-09-11 01:00:00+00:00,0.179,106125,-0.02717391304347827,0.0006600348875582807,0.18728571428571428,112307.28571428571
Fracture Case,2022-09-12 01:00:00+00:00,0.171,85429,-0.04469273743016744,-0.19501531213191992,0.18642857142857142,106387.0
Fracture Case,2022-09-13 01:00:00+00:00,0.174,77109,0.01754385964912264,-0.0973908157651383,0.18571428571428572,101773.28571428571
Fracture Case,2022-09-14 01:00:00+00:00,0.18,106237,0.034482758620689724,0.3777509758912707,0.1847142857142857,99954.57142857143
Fracture Case,2022-09-15 01:00:00+00:00,0.188,95512,0.04444444444444451,-0.10095352843171401,0.18214285714285716,96991.42857142857
Fracture Case,2022-09-16 01:00:00+00:00,0.183,93517,-0.02659574468085113,-0.02088742775776864,0.17985714285714285,95712.0
Fracture Case,2022-09-17 01:00:00+00:00,0.182,104010,-0.005464480874316946,0.11220419816717819,0.17957142857142858,95419.85714285714
Fracture Case,2022-09-18 01:00:00+00:00,0.175,93866,-0.03846153846153855,-0.09752908374194791,0.179,93668.57142857143
Fracture Case,2022-09-19 01:00:00+00:00,0.17,78416,-0.02857142857142847,-0.16459633946263819,0.17885714285714285,92666.71428571429
Fracture Case,2022-09-20 01:00:00+00:00,0.17,81466,0.0,0.03889512344419499,0.1782857142857143,93289.14285714286
Fracture Case,2022-09-21 01:00:00+00:00,0.168,78644,-0.0117647058823529,-0.034640218005057344,0.1765714285714286,89347.28571428571
Fracture Case,2022-09-22 01:00:00+00:00,0.163,77761,-0.029761904761904767,-0.011227811403285659,0.173,86811.42857142857
Fracture Case,2022-09-23 01:00:00+00:00,0.164,82906,0.006134969325153339,0.0661642725787992,0.17028571428571432,85295.57142857143
Fracture Case,2022-09-24 01:00:00+00:00,0.171,102077,0.04268292682926833,0.2312377873736522,0.16871428571428573,85019.42857142857
Fracture Case,2022-09-25 01:00:00+00:00,0.171,93794,0.0,-0.08114462611557938,0.16814285714285715,85009.14285714286
Fracture Case,2022-09-26 01:00:00+00:00,0.173,78053,0.011695906432748426,-0.16782523402349836,0.16857142857142857,84957.28571428571
Fracture Case,2022-09-27 01:00:00+00:00,0.173,72035,0.0,-0.07710145670249702,0.169,83610.0
Fracture Case,2022-09-28 01:00:00+00:00,0.168,76663,-0.028901734104046062,0.06424654681751929,0.169,83327.0
Fracture Case,2022-09-29 01:00:00+00:00,0.167,75394,-0.005952380952380931,-0.016552965576614564,0.16957142857142857,82988.85714285714
Fracture Case,2022-09-30 01:00:00+00:00,0.171,89707,0.0239520958083832,0.18984269305249746,0.17057142857142857,83960.42857142857
Fracture Case,2022-10-01 01:00:00+00:00,0.169,95925,-0.011695906432748537,0.06931454624499755,0.1702857142857143,83081.57142857143
Fracture Case,2022-10-02 01:00:00+00:00,0.166,94999,-0.017751479289940808,-0.009653375032577571,0.16957142857142854,83253.71428571429
Fracture Case,2022-10-03 01:00:00+00:00,0.168,83520,0.012048192771084265,-0.12083285087211448,0.16885714285714287,84034.71428571429
Fracture Case,2022-10-04 01:00:00+00:00,0.166,74295,-0.011904761904761862,-0.11045258620689657,0.16785714285714287,84357.57142857143
Fracture Case,2022-10-05 01:00:00+00:00,0.164,72687,-0.012048192771084376,-0.021643448415101907,0.16728571428571432,83789.57142857143
Fracture Case,2022-10-06 01:00:00+00:00,0.162,66298,-0.012195121951219523,-0.0878974231980959,0.1665714285714286,82490.14285714286
Fracture Case,2022-10-07 01:00:00+00:00,0.161,77580,-0.006172839506172867,0.1701710458837371,0.16514285714285717,80757.71428571429
Fracture Case,2022-10-08 01:00:00+00:00,0.161,79510,0.0,0.024877545759216302,0.164,78412.71428571429
Fracture Case,2022-10-09 01:00:00+00:00,0.16,82354,-0.006211180124223614,0.03576908564960379,0.16314285714285712,76606.28571428571
Fracture Case,2022-10-10 01:00:00+00:00,0.162,76102,0.012499999999999956,-0.0759161667921412,0.1622857142857143,75546.57142857143
Fracture Case,2022-10-11 01:00:00+00:00,0.163,70732,0.006172839506172867,-0.07056319150613655,0.16185714285714287,75037.57142857143
Fracture Case,2022-10-12 01:00:00+00:00,0.159,66160,-0.024539877300613466,-0.0646383532206074,0.16114285714285717,74105.14285714286
Fracture Case,2022-10-13 01:00:00+00:00,0.157,82997,-0.012578616352201255,0.25448911729141477,0.16042857142857142,76490.71428571429
Fracture Case,2022-10-14 01:00:00+00:00,0.153,59595,-0.02547770700636942,-0.2819619986264563,0.15928571428571428,73921.42857142857
Fracture Case,2022-10-15 01:00:00+00:00,0.153,93947,0.0,0.5764241966607937,0.15814285714285714,75983.85714285714
Fracture Case,2022-10-16 01:00:00+00:00,0.15,76966,-0.019607843137254943,-0.18075084888288073,0.15671428571428572,75214.14285714286
Fracture Case,2022-10-17 01:00:00+00:00,0.153,73074,0.020000000000000018,-0.05056778317698729,0.15542857142857144,74781.57142857143
Fracture Case,2022-10-18 01:00:00+00:00,0.15,63193,-0.019607843137254943,-0.13521909297424528,0.15357142857142855,73704.57142857143
Fracture Case,2022-10-19 01:00:00+00:00,0.147,62523,-0.020000000000000018,-0.010602440143686831,0.15185714285714286,73185.0
Fracture Case,2022-10-20 01:00:00+00:00,0.148,64975,0.006802721088435382,0.039217567934999975,0.15057142857142858,70610.42857142857
Fracture Case,2022-10-21 01:00:00+00:00,0.148,79989,0.0,0.23107348980377074,0.14985714285714286,73523.85714285714
Fracture Case,2022-10-22 01:00:00+00:00,0.14,108529,-0.054054054054053946,0.35679905987073224,0.148,75607.0
Fracture Case,2022-10-23 01:00:00+00:00,0.14,92678,0.0,-0.1460531286568567,0.14657142857142857,77851.57142857143
Fracture Case,2022-10-24 01:00:00+00:00,0.137,70945,-0.021428571428571463,-0.2345000971104253,0.1442857142857143,77547.42857142857
Fracture Case,2022-10-25 01:00:00+00:00,0.14,71462,0.021897810218978186,0.007287335259708261,0.14285714285714285,78728.71428571429
Fracture Case,2022-10-26 01:00:00+00:00,0.135,70100,-0.0357142857142857,-0.01905908035039605,0.14114285714285715,79811.14285714286
Fracture Case,2022-10-27 01:00:00+00:00,0.132,73424,-0.022222222222222254,0.04741797432239658,0.13885714285714287,81018.14285714286
Fracture Case,2022-10-28 01:00:00+00:00,0.133,74263,0.007575757575757569,0.011426781433863553,0.13671428571428573,80200.14285714286
Fracture Case,2022-10-29 01:00:00+00:00,0.132,86347,-0.007518796992481258,0.16271898522817563,0.1355714285714286,77031.28571428571
Fracture Case,2022-10-30 01:00:00+00:00,0.131,87163,-0.007575757575757569,0.009450241467567011,0.13428571428571429,76243.42857142857
Fracture Case,2022-10-31 01:00:00+00:00,0.131,74624,0.0,-0.14385691176301874,0.13342857142857142,76769.0
Fracture Case,2022-11-01 01:00:00+00:00,0.131,69149,0.0,-0.07336781732418529,0.13214285714285715,76438.57142857143
Fracture Case,2022-11-02 01:00:00+00:00,0.131,71380,0.0,0.03226366252584989,0.1315714285714286,76621.42857142857
Fracture Case,2022-11-03 01:00:00+00:00,0.134,68976,0.022900763358778553,-0.03367890165312415,0.13185714285714287,75986.0
Fracture Case,2022-11-04 01:00:00+00:00,0.135,77953,0.00746268656716409,0.13014671769890973,0.13214285714285715,76513.14285714286
Fracture Case,2022-11-05 01:00:00+00:00,0.142,83967,0.051851851851851594,0.07714905135145544,0.1335714285714286,76173.14285714286
Fracture Case,2022-11-06 01:00:00+00:00,0.143,79421,0.007042253521126751,-0.054140317029309104,0.1352857142857143,75067.14285714286
Fracture Case,2022-11-07 01:00:00+00:00,0.14,66003,-0.020979020979020824,-0.16894775940872064,0.13657142857142857,73835.57142857143
Fracture Case,2022-11-08 01:00:00+00:00,0.14,65431,0.0,-0.008666272745178283,0.13785714285714287,73304.42857142857
Fracture Case,2022-11-09 01:00:00+00:00,0.139,66249,-0.0071428571428571175,0.01250171936849509,0.139,72571.42857142857
Fracture Case,2022-11-10 01:00:00+00:00,0.139,72442,0.0,0.09348065631179336,0.1397142857142857,73066.57142857143
Fracture Case,2022-11-11 01:00:00+00:00,0.145,76336,0.04316546762589901,0.05375334750559069,0.14114285714285715,72835.57142857143
Fracture Case,2022-11-12 01:00:00+00:00,0.144,81578,-0.006896551724137945,0.06867009012785585,0.14142857142857143,72494.28571428571
Fracture Case,2022-11-13 01:00:00+00:00,0.142,83020,-0.01388888888888895,0.01767633430581772,0.1412857142857143,73008.42857142857
Fracture Case,2022-11-14 01:00:00+00:00,0.14,69769,-0.014084507042253391,-0.15961214165261384,0.1412857142857143,73546.42857142857
Fracture Case,2022-11-15 01:00:00+00:00,0.138,69737,-0.014285714285714346,-0.0004586564233398649,0.141,74161.57142857143
Fracture Case,2022-11-16 01:00:00+00:00,0.131,65851,-0.050724637681159424,-0.05572364741815683,0.13985714285714287,74104.71428571429
Fracture Case,2022-11-17 01:00:00+00:00,0.133,68257,0.01526717557251911,0.03653703056901181,0.139,73506.85714285714
Fracture Case,2022-11-18 01:00:00+00:00,0.131,75938,-0.015037593984962405,0.11253058294387386,0.137,73450.0
Fracture Case,2022-11-19 01:00:00+00:00,0.13,94532,-0.007633587786259555,0.24485764702783852,0.135,75300.57142857143
Fracture Case,2022-11-20 01:00:00+00:00,0.129,80394,-0.007692307692307665,-0.14955782169000975,0.13314285714285715,74925.42857142857
Fracture Case,2022-11-21 01:00:00+00:00,0.147,126967,0.13953488372093004,0.5793094011990945,0.13414285714285715,83096.57142857143
Fracture Case,2022-11-22 01:00:00+00:00,0.173,171529,0.1768707482993197,0.350973087495176,0.13914285714285715,97638.28571428571
Fracture Case,2022-11-23 01:00:00+00:00,0.173,111943,0.0,-0.3473814923424028,0.14514285714285716,104222.85714285714
Fracture Case,2022-11-24 01:00:00+00:00,0.146,82841,-0.1560693641618497,-0.25997159268556314,0.147,106306.28571428571
Fracture Case,2022-11-25 01:00:00+00:00,0.139,82872,-0.04794520547945191,0.0003742108376287856,0.14814285714285713,107296.85714285714
Fracture Case,2022-11-26 01:00:00+00:00,0.142,92058,0.021582733812949506,0.11084564147118448,0.14985714285714286,106943.42857142857
Fracture Case,2022-11-27 01:00:00+00:00,0.141,88743,-0.007042253521126751,-0.03600990679788829,0.15157142857142855,108136.14285714286
Fracture Case,2022-11-28 01:00:00+00:00,0.139,75389,-0.014184397163120366,-0.15047947443742038,0.1504285714285714,100767.85714285714
Fracture Case,2022-11-29 01:00:00+00:00,0.138,70287,-0.007194244604316502,-0.0676756555996233,0.14542857142857143,86304.71428571429
Fracture Case,2022-11-30 01:00:00+00:00,0.143,68632,0.03623188405797095,-0.023546317242164272,0.14114285714285715,80117.42857142857
Fracture Case,2022-12-01 01:00:00+00:00,0.143,66138,0.0,-0.03633873411819555,0.1407142857142857,77731.28571428571
Fracture Case,2022-12-02 01:00:00+00:00,0.149,70562,0.04195804195804209,0.06689044119870569,0.14214285714285715,75972.71428571429
Fracture Case,2022-12-03 01:00:00+00:00,0.151,81605,0.01342281879194629,0.1565006660808934,0.14342857142857143,74479.42857142857
Fracture Case,2022-12-04 01:00:00+00:00,0.151,81027,0.0,-0.007082899332148784,0.14485714285714285,73377.14285714286
Fracture Case,2022-12-05 01:00:00+00:00,0.156,74034,0.0331125827814569,-0.08630456514495166,0.14728571428571427,73183.57142857143
Fracture Case,2022-12-06 01:00:00+00:00,0.158,70314,0.012820512820512775,-0.05024718372639603,0.15014285714285713,73187.42857142857
Fracture Case,2022-12-07 01:00:00+00:00,0.165,81738,0.044303797468354444,0.1624712006143869,0.15328571428571428,75059.71428571429
Fracture Case,2022-12-08 01:00:00+00:00,0.158,68012,-0.042424242424242475,-0.16792679047688952,0.15542857142857144,75327.42857142857
Fracture Case,2022-12-09 01:00:00+00:00,0.16,69056,0.012658227848101333,0.015350232311944989,0.157,75112.28571428571
Fracture Case,2022-12-10 01:00:00+00:00,0.161,84724,0.006250000000000089,0.22688832252085267,0.15842857142857142,75557.85714285714
Fracture Case,2022-12-11 01:00:00+00:00,0.156,78477,-0.03105590062111807,-0.07373353477172939,0.1591428571428571,75193.57142857143
Fracture Case,2022-12-12 01:00:00+00:00,0.155,65031,-0.0064102564102563875,-0.17133682480217138,0.159,73907.42857142857
Fracture Case,2022-12-13 01:00:00+00:00,0.153,68489,-0.012903225806451646,0.0531746397871784,0.1582857142857143,73646.71428571429
Fracture Case,2022-12-14 01:00:00+00:00,0.153,76217,0.0,0.11283563783965311,0.15657142857142858,72858.0
Fracture Case,2022-12-15 01:00:00+00:00,0.154,69335,0.006535947712418277,-0.09029481611713919,0.156,73047.0
Fracture Case,2022-12-16 01:00:00+00:00,0.154,77651,0.0,0.11993942453306405,0.15514285714285717,74274.85714285714
Fracture Case,2022-12-17 01:00:00+00:00,0.154,82321,0.0,0.06014088678832219,0.15414285714285714,73931.57142857143
Fracture Case,2022-12-18 01:00:00+00:00,0.151,79245,-0.019480519480519543,-0.03736592121086968,0.15342857142857141,74041.28571428571
Fracture Case,2022-12-19 01:00:00+00:00,0.152,72075,0.0066225165562914245,-0.0904788945674806,0.153,75047.57142857143
Fracture Case,2022-12-20 01:00:00+00:00,0.153,71551,0.006578947368421018,-0.0072702046479361515,0.153,75485.0
Fracture Case,2022-12-21 01:00:00+00:00,0.154,71814,0.006535947712418277,0.0036756998504563487,0.15314285714285716,74856.0
Fracture Case,2022-12-22 01:00:00+00:00,0.153,83571,-0.006493506493506551,0.16371459603976946,0.153,76889.71428571429
Fracture Case,2022-12-23 01:00:00+00:00,0.15,107017,-0.019607843137254943,0.2805518660779458,0.1524285714285714,81084.85714285714
Fracture Case,2022-12-24 01:00:00+00:00,0.155,104673,0.03333333333333344,-0.021903062130315787,0.15257142857142858,84278.0
Fracture Case,2022-12-25 01:00:00+00:00,0.156,101904,0.006451612903225712,-0.02645381330429053,0.15328571428571428,87515.0
Fracture Case,2022-12-26 01:00:00+00:00,0.158,92294,0.012820512820512775,-0.0943044433977076,0.15414285714285714,90403.42857142857
Fracture Case,2022-12-27 01:00:00+00:00,0.159,95234,0.006329113924050667,0.03185472511755916,0.155,93786.71428571429
Fracture Case,2022-12-28 01:00:00+00:00,0.162,89313,0.018867924528301883,-0.06217317344645823,0.15614285714285714,96286.57142857143
Fracture Case,2022-12-29 01:00:00+00:00,0.165,94915,0.0185185185185186,0.06272323178036787,0.15785714285714286,97907.14285714286
Fracture Case,2022-12-30 01:00:00+00:00,0.164,92287,-0.0060606060606061,-0.0276879313069589,0.15985714285714286,95802.85714285714
Fracture Case,2022-12-31 01:00:00+00:00,0.17,94989,0.03658536585365857,0.029278229869862393,0.16199999999999998,94419.42857142857
Fracture Case,2023-01-01 01:00:00+00:00,0.171,85856,0.00588235294117645,-0.09614797502868755,0.16414285714285715,92126.85714285714
Fracture Case,2023-01-02 01:00:00+00:00,0.166,91122,-0.0292397660818714,0.06133525903838977,0.16528571428571429,91959.42857142857
Fracture Case,2023-01-03 01:00:00+00:00,0.164,85601,-0.012048192771084376,-0.06058910032703413,0.16599999999999998,90583.28571428571
Fracture Case,2023-01-04 01:00:00+00:00,0.162,88145,-0.012195121951219523,0.029719278980385733,0.166,90416.42857142857
Fracture Case,2023-01-05 01:00:00+00:00,0.164,85772,0.012345679012345734,-0.02692154971921268,0.16585714285714287,89110.28571428571
Fracture Case,2023-01-06 01:00:00+00:00,0.168,89784,0.024390243902439046,0.046775171384600966,0.16642857142857143,88752.71428571429
Fracture Case,2023-01-07 01:00:00+00:00,0.174,105894,0.03571428571428559,0.17943063352044897,0.167,90310.57142857143
Fracture Case,2023-01-08 01:00:00+00:00,0.168,85125,-0.0344827586206895,-0.19613009235650747,0.16657142857142856,90206.14285714286
Fracture Case,2023-01-09 01:00:00+00:00,0.164,74435,-0.023809523809523836,-0.1255800293685756,0.16628571428571431,87822.28571428571
Fracture Case,2023-01-10 01:00:00+00:00,0.168,79811,0.024390243902439046,0.07222408813058379,0.16685714285714284,86995.14285714286
Fracture Case,2023-01-11 01:00:00+00:00,0.175,81357,0.04166666666666652,0.019370763428600002,0.16871428571428573,86025.42857142857
Fracture Case,2023-01-12 01:00:00+00:00,0.177,79045,0.011428571428571344,-0.0284179603476038,0.17057142857142857,85064.42857142857
Fracture Case,2023-01-13 01:00:00+00:00,0.184,95316,0.039548022598870025,0.20584477196533624,0.17285714285714285,85854.71428571429
Fracture Case,2023-01-14 01:00:00+00:00,0.179,83923,-0.02717391304347827,-0.1195287255025389,0.17357142857142854,82716.0
Fracture Case,2023-01-15 01:00:00+00:00,0.18,94657,0.005586592178770999,0.12790295866448997,0.1752857142857143,84077.71428571429
Fracture Case,2023-01-16 01:00:00+00:00,0.185,76451,0.0277777777777779,-0.1923365414073972,0.17828571428571424,84365.71428571429
Fracture Case,2023-01-17 01:00:00+00:00,0.184,74593,-0.005405405405405461,-0.024303148421864984,0.18057142857142858,83620.28571428571
Fracture Case,2023-01-18 01:00:00+00:00,0.185,79235,0.005434782608695565,0.06223104044615457,0.182,83317.14285714286
Fracture Case,2023-01-19 01:00:00+00:00,0.182,74989,-0.016216216216216273,-0.053587429797438024,0.1827142857142857,82737.71428571429
Fracture Case,2023-01-20 01:00:00+00:00,0.18,81692,-0.01098901098901095,0.08938644334502399,0.18214285714285713,80791.42857142857
Fracture Case,2023-01-21 01:00:00+00:00,0.183,99291,0.016666666666666607,0.2154311315673505,0.18271428571428575,82986.85714285714
Fracture Case,2023-01-22 01:00:00+00:00,0.185,98844,0.010928961748633892,-0.004501918602894506,0.1834285714285714,83585.0
Fracture Case,2023-01-23 01:00:00+00:00,0.182,80952,-0.016216216216216273,-0.1810125045526284,0.183,84228.0
Fracture Case,2023-01-24 01:00:00+00:00,0.18,77080,-0.01098901098901095,-0.04783081332147443,0.1824285714285714,84583.28571428571
Fracture Case,2023-01-25 01:00:00+00:00,0.185,84540,0.0277777777777779,0.09678256357031656,0.18242857142857144,85341.14285714286
Fracture Case,2023-01-26 01:00:00+00:00,0.184,81652,-0.005405405405405461,-0.03416134374260704,0.1827142857142857,86293.0
Fracture Case,2023-01-27 01:00:00+00:00,0.185,90393,0.005434782608695565,0.10705187870474697,0.18342857142857144,87536.0
Fracture Case,2023-01-28 01:00:00+00:00,0.185,96209,0.0,0.06434126536346851,0.18371428571428572,87095.71428571429
Fracture Case,2023-01-29 01:00:00+00:00,0.184,96736,-0.005405405405405461,0.005477658015362374,0.18357142857142855,86794.57142857143
Fracture Case,2023-01-30 01:00:00+00:00,0.184,83217,0.0,-0.13975148858749586,0.18385714285714286,87118.14285714286
Fracture Case,2023-01-31 01:00:00+00:00,0.188,90917,0.021739130434782705,0.09252917072232836,0.185,89094.85714285714
Fracture Case,2023-02-01 01:00:00+00:00,0.189,85122,0.005319148936170137,-0.0637394546674439,0.18557142857142855,89178.0
Fracture Case,2023-02-02 01:00:00+00:00,0.19,88567,0.005291005291005346,0.04047132351213545,0.18642857142857142,90165.85714285714
Fracture Case,2023-02-03 01:00:00+00:00,0.196,95211,0.03157894736842115,0.07501665405850932,0.18799999999999997,90854.14285714286
Fracture Case,2023-02-04 01:00:00+00:00,0.199,121055,0.015306122448979664,0.27143922445935864,0.18999999999999997,94403.57142857143
Fracture Case,2023-02-05 01:00:00+00:00,0.201,107245,0.01005025125628145,-0.11408037668828219,0.19242857142857142,95904.85714285714
Fracture Case,2023-02-06 01:00:00+00:00,0.201,85670,0.0,-0.20117487994778316,0.19485714285714287,96255.28571428571
Fracture Case,2023-02-07 01:00:00+00:00,0.2,89596,-0.00497512437810943,0.045827010622154774,0.1965714285714286,96066.57142857143
Fracture Case,2023-02-08 01:00:00+00:00,0.201,95860,0.004999999999999893,0.06991383543908203,0.19828571428571432,97600.57142857143
Fracture Case,2023-02-09 01:00:00+00:00,0.201,83231,0.0,-0.13174421030669725,0.19985714285714287,96838.28571428571
Fracture Case,2023-02-10 01:00:00+00:00,0.193,170838,-0.03980099502487566,1.0525765640206175,0.19942857142857143,107642.14285714286
Fracture Case,2023-02-11 01:00:00+00:00,0.19,148859,-0.015544041450777257,-0.12865404652360712,0.19814285714285715,111614.14285714286
Fracture Case,2023-02-12 01:00:00+00:00,0.19,137956,0.0,-0.07324380789874985,0.1965714285714286,116001.42857142857
Fracture Case,2023-02-13 01:00:00+00:00,0.193,117769,0.015789473684210575,-0.14632926440314298,0.19542857142857142,120587.0
Fracture Case,2023-02-14 01:00:00+00:00,0.195,123107,0.010362694300518172,0.04532601958070459,0.1947142857142857,125374.28571428571
Fracture Case,2023-02-15 01:00:00+00:00,0.199,124217,0.02051282051282044,0.009016546581429141,0.19442857142857142,129425.28571428571
Fracture Case,2023-02-16 01:00:00+00:00,0.209,136319,0.05025125628140703,0.09742627820668659,0.1955714285714286,137009.2857142857
Fracture Case,2023-02-17 01:00:00+00:00,0.217,151745,0.038277511961722466,0.11316104138087857,0.199,134281.7142857143
Fracture Case,2023-02-18 01:00:00+00:00,0.229,167881,0.055299539170506895,0.10633628785132943,0.20457142857142857,136999.14285714287
Fracture Case,2023-02-19 01:00:00+00:00,0.225,149763,-0.017467248908296984,-0.10792168262042756,0.20957142857142858,138685.85714285713
Fracture Case,2023-02-20 01:00:00+00:00,0.228,120047,0.01333333333333342,-0.19842017053611372,0.21457142857142858,139011.2857142857
Fracture Case,2023-02-21 01:00:00+00:00,0.223,116241,-0.021929824561403577,-0.03170424916907544,0.21857142857142858,138030.42857142858
Fracture Case,2023-02-22 01:00:00+00:00,0.223,116881,0.0,0.005505802599771181,0.222,136982.42857142858
Fracture Case,2023-02-23 01:00:00+00:00,0.222,116638,-0.004484304932735439,-0.0020790376536820032,0.22385714285714284,134170.85714285713
Fracture Case,2023-02-24 01:00:00+00:00,0.224,134714,0.009009009009008917,0.1549752224832388,0.22485714285714287,131737.85714285713
Fracture Case,2023-02-25 01:00:00+00:00,0.239,149645,0.06696428571428559,0.11083480558813497,0.22628571428571428,129132.71428571429
Fracture Case,2023-02-26 01:00:00+00:00,0.243,133150,0.01673640167364021,-0.11022753850780176,0.22885714285714284,126759.42857142857
Fracture Case,2023-02-27 01:00:00+00:00,0.251,115294,0.03292181069958855,-0.13410439354111903,0.23214285714285715,126080.42857142857
Fracture Case,2023-02-28 01:00:00+00:00,0.254,121792,0.01195219123505975,0.05636026159210372,0.2365714285714286,126873.42857142857
Fracture Case,2023-03-01 01:00:00+00:00,0.264,121749,0.03937007874015741,-0.0003530609563846543,0.24242857142857144,127568.85714285714
Fracture Case,2023-03-02 01:00:00+00:00,0.285,188028,0.07954545454545436,0.5443905083409308,0.25142857142857145,137767.42857142858
Fracture Case,2023-03-03 01:00:00+00:00,0.311,170420,0.09122807017543866,-0.09364562724700576,0.26385714285714285,142868.2857142857
Fracture Case,2023-03-04 01:00:00+00:00,0.299,150282,-0.03858520900321549,-0.11816688182138246,0.2724285714285714,142959.2857142857
Fracture Case,2023-03-05 01:00:00+00:00,0.28,146357,-0.06354515050167209,-0.02611756564325729,0.2777142857142857,144846.0
Fracture Case,2023-03-06 01:00:00+00:00,0.285,123730,0.01785714285714257,-0.15460141981592956,0.2825714285714286,146051.14285714287
Fracture Case,2023-03-07 01:00:00+00:00,0.296,124799,0.038596491228070295,0.008639780166491473,0.2885714285714286,146480.7142857143
Fracture Case,2023-03-08 01:00:00+00:00,0.3,126482,0.013513513513513598,0.013485684981450197,0.2937142857142857,147156.85714285713
Fracture Case,2023-03-09 01:00:00+00:00,0.324,137978,0.08000000000000007,0.09089040337755572,0.29928571428571427,140006.85714285713
Fracture Case,2023-03-10 01:00:00+00:00,0.343,138664,0.058641975308642014,0.004971807099682479,0.3038571428571428,135470.2857142857
Fracture Case,2023-03-11 01:00:00+00:00,0.353,150113,0.02915451895043719,0.08256649166330132,0.31157142857142855,135446.14285714287
Fracture Case,2023-03-12 01:00:00+00:00,0.351,154830,-0.005665722379603388,0.031422994677343,0.3217142857142857,136656.57142857142
Fracture Case,2023-03-13 01:00:00+00:00,0.361,133078,0.028490028490028463,-0.1404895692049345,0.3325714285714286,137992.0
Fracture Case,2023-03-14 01:00:00+00:00,0.382,141747,0.05817174515235468,0.06514224740377816,0.34485714285714286,140413.14285714287
Fracture Case,2023-03-15 01:00:00+00:00,0.402,144846,0.05235602094240832,0.021862896569239565,0.35942857142857143,143036.57142857142
Fracture Case,2023-03-16 01:00:00+00:00,0.437,178641,0.08706467661691542,0.23331676401143286,0.37557142857142856,148845.57142857142
Fracture Case,2023-03-17 01:00:00+00:00,0.413,180679,-0.05491990846681927,0.011408355304773243,0.38557142857142856,154847.7142857143
Fracture Case,2023-03-18 01:00:00+00:00,0.379,160858,-0.08232445520581111,-0.10970284316384304,0.3892857142857143,156382.7142857143
Fracture Case,2023-03-19 01:00:00+00:00,0.368,163939,-0.029023746701847042,0.01915353914632778,0.39171428571428574,157684.0
Fracture Case,2023-03-20 01:00:00+00:00,0.36,141207,-0.021739130434782594,-0.1386613313488554,0.39157142857142857,158845.2857142857
Fracture Case,2023-03-21 01:00:00+00:00,0.351,127629,-0.025000000000000022,-0.0961567061123032,0.3871428571428571,156828.42857142858
Fracture Case,2023-03-22 01:00:00+00:00,0.375,215674,0.06837606837606836,0.6898510526604456,0.3832857142857143,166946.7142857143
Fracture Case,2023-03-23 01:00:00+00:00,0.416,185188,0.10933333333333328,-0.14135222604486397,0.3802857142857143,167882.0
Fracture Case,2023-03-24 01:00:00+00:00,0.425,189117,0.02163461538461542,0.021216277512581705,0.382,169087.42857142858
Fracture Case,2023-03-25 01:00:00+00:00,0.463,219502,0.08941176470588252,0.16066773478851726,0.394,177465.14285714287
Fracture Case,2023-03-26 01:00:00+00:00,0.497,235279,0.07343412526997839,0.071876338256599,0.41242857142857137,187656.57142857142
Fracture Case,2023-03-27 01:00:00+00:00,0.558,219636,0.12273641851106643,-0.06648702179115007,0.4407142857142857,198860.7142857143
Fracture Case,2023-03-28 01:00:00+00:00,0.584,192249,0.04659498207885293,-0.12469267333224066,0.47400000000000003,208092.14285714287
Fracture Case,2023-03-29 01:00:00+00:00,0.561,178401,-0.039383561643835496,-0.07203158403944887,0.5005714285714286,202767.42857142858
Fracture Case,2023-03-30 01:00:00+00:00,0.585,151415,0.04278074866310133,-0.1512659682400883,0.5247142857142857,197942.7142857143
Fracture Case,2023-03-31 01:00:00+00:00,0.684,177220,0.1692307692307693,0.170425651355546,0.5617142857142857,196243.14285714287
Fracture Case,2023-04-01 01:00:00+00:00,0.725,216691,0.059941520467836185,0.22272316894255728,0.5991428571428571,195841.57142857142
Fracture Case,2023-04-02 01:00:00+00:00,0.728,212105,0.004137931034482678,-0.021163776991199423,0.6321428571428572,192531.0
Fracture Case,2023-04-03 01:00:00+00:00,0.693,192941,-0.04807692307692313,-0.09035147686287448,0.6514285714285714,188717.42857142858
Fracture Case,2023-04-04 01:00:00+00:00,0.686,185256,-0.010101010101009944,-0.03983082911356317,0.666,187718.42857142858
Fracture Case,2023-04-05 01:00:00+00:00,0.699,173641,0.018950437317784008,-0.06269702465777083,0.6857142857142857,187038.42857142858
Fracture Case,2023-04-06 01:00:00+00:00,0.718,189437,0.027181688125894166,0.0909692987255315,0.7047142857142857,192470.14285714287
Fracture Case,2023-04-07 01:00:00+00:00,0.768,181601,0.0696378830083566,-0.04136467532741761,0.7167142857142856,193096.0
Fracture Case,2023-04-08 01:00:00+00:00,0.836,195104,0.08854166666666652,0.07435531742666623,0.7325714285714285,190012.14285714287
Fracture Case,2023-04-09 01:00:00+00:00,0.866,211303,0.035885167464114964,0.08302751353124482,0.7522857142857143,189897.57142857142
Fracture Case,2023-04-10 01:00:00+00:00,0.884,187669,0.020785219399538146,-0.11184886158738871,0.7795714285714286,189144.42857142858
Fracture Case,2023-04-11 01:00:00+00:00,0.865,170185,-0.021493212669683293,-0.09316402815595548,0.8051428571428572,186991.42857142858
Fracture Case,2023-04-12 01:00:00+00:00,0.839,169146,-0.030057803468208077,-0.006105120897846428,0.8251428571428571,186349.2857142857
Fracture Case,2023-04-13 01:00:00+00:00,0.842,169359,0.0035756853396902155,0.0012592671419957568,0.8428571428571429,183481.0
Fracture Case,2023-04-14 01:00:00+00:00,0.901,185571,0.07007125890736354,0.09572564788408067,0.8618571428571429,184048.14285714287
Fracture Case,2023-04-15 01:00:00+00:00,1.012,180475,0.12319644839067712,-0.02746118736224945,0.8869999999999999,181958.2857142857
Fracture Case,2023-04-16 01:00:00+00:00,1.128,171970,0.11462450592885354,-0.047125640670452995,0.9244285714285715,176339.2857142857
Fracture Case,2023-04-17 01:00:00+00:00,1.134,185763,0.005319148936170137,0.08020584985753332,0.9601428571428572,176067.0
Fracture Case,2023-04-18 01:00:00+00:00,1.203,171679,0.060846560846560926,-0.07581703568525489,1.0084285714285712,176280.42857142858
Fracture Case,2023-04-19 01:00:00+00:00,1.154,147892,-0.040731504571903665,-0.13855509410003553,1.0534285714285716,173244.14285714287
Fracture Case,2023-04-20 01:00:00+00:00,1.021,229988,-0.1152512998266898,0.5551077813539611,1.079,181905.42857142858
Fracture Case,2023-04-21 01:00:00+00:00,0.986,203794,-0.03428011753183147,-0.11389289875993525,1.0911428571428572,184508.7142857143
Fracture Case,2023-04-22 01:00:00+00:00,0.962,198316,-0.024340770791075106,-0.026880084791505165,1.0839999999999999,187057.42857142858
Fracture Case,2023-04-23 01:00:00+00:00,0.816,233150,-0.15176715176715183,0.17564896427923116,1.0394285714285714,195797.42857142858
Fracture Case,2023-04-24 01:00:00+00:00,0.775,187505,-0.05024509803921562,-0.1957752519837015,0.9881428571428571,196046.2857142857
Fracture Case,2023-04-25 01:00:00+00:00,0.688,224031,-0.11225806451612907,0.19480013866296897,0.9145714285714286,203525.14285714287
Fracture Case,2023-04-26 01:00:00+00:00,0.612,184238,-0.11046511627906974,-0.17762273971012943,0.8371428571428571,208717.42857142858
Fracture Case,2023-04-27 01:00:00+00:00,0.747,169343,0.22058823529411775,-0.08084651374852092,0.798,200053.85714285713
Fracture Case,2023-04-28 01:00:00+00:00,0.827,175353,0.107095046854083,0.035490099974607725,0.7752857142857142,195990.85714285713
Fracture Case,2023-04-29 01:00:00+00:00,0.823,179972,-0.0048367593712213,0.026341151847986577,0.7554285714285714,193370.2857142857
Fracture Case,2023-04-30 01:00:00+00:00,0.806,163922,-0.020656136087484733,-0.08918053919498592,0.7540000000000001,183480.57142857142
Fracture Case,2023-05-01 01:00:00+00:00,0.74,153520,-0.08188585607940457,-0.06345701004136117,0.7489999999999999,178625.57142857142
Fracture Case,2023-05-02 01:00:00+00:00,0.718,141447,-0.02972972972972976,-0.07864121938509638,0.7532857142857142,166827.85714285713
Fracture Case,2023-05-03 01:00:00+00:00,0.731,151137,0.01810584958217265,0.06850622494644631,0.7702857142857142,162099.14285714287
Fracture Case,2023-05-04 01:00:00+00:00,0.755,140120,0.03283173734610134,-0.07289412916757643,0.7714285714285715,157924.42857142858
Fracture Case,2023-05-05 01:00:00+00:00,0.67,205530,-0.11258278145695355,0.4668141592920354,0.749,162235.42857142858
Fracture Case,2023-05-06 01:00:00+00:00,0.689,181910,0.028358208955223674,-0.11492239575731034,0.7298571428571429,162512.2857142857
Fracture Case,2023-05-07 01:00:00+00:00,0.65,168174,-0.05660377358490554,-0.07550986751690392,0.7075714285714286,163119.7142857143
Fracture Case,2023-05-08 01:00:00+00:00,0.584,160660,-0.10153846153846158,-0.0446799148500957,0.6852857142857144,164139.7142857143
Fracture Case,2023-05-09 01:00:00+00:00,0.59,141783,0.010273972602739656,-0.11749657662143653,0.667,164187.7142857143
Fracture Case,2023-05-10 01:00:00+00:00,0.623,141578,0.055932203389830626,-0.0014458715078676798,0.6515714285714286,162822.14285714287
Fracture Case,2023-05-11 01:00:00+00:00,0.642,135829,0.03049759229534521,-0.04060659141957079,0.6354285714285715,162209.14285714287
Fracture Case,2023-05-12 01:00:00+00:00,0.646,155016,0.006230529595015577,0.14125849413600933,0.632,154992.85714285713
Fracture Case,2023-05-13 01:00:00+00:00,0.664,156101,0.02786377708978338,0.006999277493936029,0.6284285714285714,151305.85714285713
Fracture Case,2023-05-14 01:00:00+00:00,0.646,147877,-0.027108433734939763,-0.052683839309165204,0.6278571428571429,148406.2857142857
Fracture Case,2023-05-15 01:00:00+00:00,0.639,126387,-0.010835913312693513,-0.14532347829615155,0.6357142857142858,143510.14285714287
Fracture Case,2023-05-16 01:00:00+00:00,0.632,125381,-0.010954616588419452,-0.007959679397406383,0.6417142857142857,141167.0
Fracture Case,2023-05-17 01:00:00+00:00,0.629,133641,-0.004746835443038,0.06587920019779703,0.6425714285714286,140033.14285714287
Fracture Case,2023-05-18 01:00:00+00:00,0.629,137259,0.0,0.027072530136709627,0.6407142857142858,140237.42857142858
Fracture Case,2023-05-19 01:00:00+00:00,0.621,138082,-0.012718600953895098,0.005995963834794171,0.6371428571428571,137818.2857142857
Fracture Case,2023-05-20 01:00:00+00:00,0.617,148954,-0.006441223832528209,0.07873582364102494,0.6304285714285714,136797.2857142857
Fracture Case,2023-05-21 01:00:00+00:00,0.613,151098,-0.00648298217179899,0.014393705439263105,0.6257142857142857,137257.42857142858
Fracture Case,2023-05-22 01:00:00+00:00,0.601,131886,-0.019575856443719397,-0.12714926736290355,0.6202857142857142,138043.0
Fracture Case,2023-05-23 01:00:00+00:00,0.586,131223,-0.024958402662229595,-0.005027068832173187,0.6137142857142858,138877.57142857142
Fracture Case,2023-05-24 01:00:00+00:00,0.583,132935,-0.005119453924914641,0.013046493373874979,0.6071428571428571,138776.7142857143
Fracture Case,2023-05-25 01:00:00+00:00,0.613,136554,0.05145797598627788,0.027223831195697157,0.6048571428571429,138676.0
Fracture Case,2023-05-26 01:00:00+00:00,0.639,158010,0.04241435562805873,0.15712465398303976,0.6074285714285714,141522.85714285713
Fracture Case,2023-05-27 01:00:00+00:00,0.643,151739,0.006259780907668322,-0.03968736155939501,0.6111428571428571,141920.7142857143
Fracture Case,2023-05-28 01:00:00+00:00,0.65,142238,0.010886469673405896,-0.06261409393761652,0.6164285714285714,140655.0
Fracture Case,2023-05-29 01:00:00+00:00,0.651,135226,0.0015384615384614886,-0.04929765604128289,0.6235714285714286,141132.14285714287
Fracture Case,2023-05-30 01:00:00+00:00,0.652,121263,0.001536098310291889,-0.1032567701477527,0.633,139709.2857142857
Fracture Case,2023-05-31 01:00:00+00:00,0.657,133047,0.0076687116564417845,0.09717720986615874,0.6435714285714286,139725.2857142857
Fracture Case,2023-06-01 01:00:00+00:00,0.676,134985,0.028919330289193246,0.014566281088637778,0.6525714285714287,139501.14285714287
Fracture Case,2023-06-02 01:00:00+00:00,0.688,143924,0.017751479289940697,0.06622217283401866,0.6595714285714286,137488.85714285713
Fracture Case,2023-06-03 01:00:00+00:00,0.705,138655,0.024709302325581328,-0.036609599510852964,0.6684285714285715,135619.7142857143
Fracture Case,2023-06-04 01:00:00+00:00,0.708,131573,0.004255319148936065,-0.051076412678951355,0.6767142857142857,134096.14285714287
Fracture Case,2023-06-05 01:00:00+00:00,0.698,116066,-0.01412429378531077,-0.11785852720542966,0.6834285714285714,131359.0
Fracture Case,2023-06-06 01:00:00+00:00,0.689,119152,-0.012893982808022897,0.026588320438371227,0.6887142857142857,131057.42857142857
Fracture Case,2023-06-07 01:00:00+00:00,0.681,123860,-0.011611030478954842,0.039512555391432835,0.6921428571428571,129745.0
Fracture Case,2023-06-08 01:00:00+00:00,0.684,124176,0.004405286343612369,0.0025512675601484514,0.6932857142857143,128200.85714285714
Fracture Case,2023-06-09 01:00:00+00:00,0.692,140709,0.011695906432748426,0.1331416698879011,0.6938571428571428,127741.57142857143
Fracture Case,2023-06-10 01:00:00+00:00,0.789,218712,0.1401734104046244,0.5543568641664711,0.7058571428571428,139178.2857142857
Fracture Case,2023-06-11 01:00:00+00:00,0.774,121578,-0.019011406844106515,-0.4441182925491056,0.7152857142857142,137750.42857142858
Fracture Case,2023-06-12 01:00:00+00:00,0.762,104283,-0.015503875968992276,-0.14225435522874208,0.7244285714285714,136067.14285714287
Fracture Case,2023-06-13 01:00:00+00:00,0.797,95245,0.04593175853018372,-0.08666800916736184,0.7398571428571429,132651.85714285713
Fracture Case,2023-06-14 01:00:00+00:00,0.761,126523,-0.04516938519447933,0.32839519134862716,0.7512857142857143,133032.2857142857
Fracture Case,2023-06-15 01:00:00+00:00,0.75,116002,-0.014454664914586135,-0.0831548414122334,0.7607142857142858,131864.57142857142
Fracture Case,2023-06-16 01:00:00+00:00,0.759,104285,0.01200000000000001,-0.10100687919173812,0.7702857142857142,126661.14285714286
Fracture Case,2023-06-17 01:00:00+00:00,0.778,108164,0.025032938076416267,0.037196145179076545,0.7687142857142858,110868.57142857143
Fracture Case,2023-06-18 01:00:00+00:00,0.772,97897,-0.007712082262210762,-0.09492067601050258,0.7684285714285715,107485.57142857143
Fracture Case,2023-06-19 01:00:00+00:00,0.759,90228,-0.01683937823834203,-0.07833743628507517,0.768,105477.71428571429
Fracture Case,2023-06-20 01:00:00+00:00,0.754,82025,-0.006587615283267456,-0.09091412865185977,0.7618571428571429,103589.14285714286
Fracture Case,2023-06-21 01:00:00+00:00,0.699,117609,-0.07294429708222816,0.43381895763486744,0.753,102315.71428571429
Fracture Case,2023-06-22 01:00:00+00:00,0.675,105598,-0.03433476394849777,-0.10212653793502202,0.7422857142857142,100829.42857142857
Fracture Case,2023-06-23 01:00:00+00:00,0.645,130330,-0.04444444444444451,0.2342089812307051,0.7260000000000001,104550.14285714286
Fracture Case,2023-06-24 01:00:00+00:00,0.663,108109,0.027906976744185963,-0.17049796669991557,0.7095714285714285,104542.28571428571
Fracture Case,2023-06-25 01:00:00+00:00,0.676,92266,0.019607843137254832,-0.1465465409910368,0.6958571428571428,103737.85714285714
Fracture Case,2023-06-26 01:00:00+00:00,0.675,85378,-0.0014792899408283544,-0.0746537185962326,0.6838571428571429,103045.0
Fracture Case,2023-06-27 01:00:00+00:00,0.68,81852,0.007407407407407307,-0.0412986952142238,0.6732857142857143,103020.28571428571
Fracture Case,2023-06-28 01:00:00+00:00,0.646,127480,-0.050000000000000044,0.5574451448956654,0.6657142857142857,104430.42857142857
Fracture Case,2023-06-29 01:00:00+00:00,0.616,121660,-0.04643962848297223,-0.045654220269846224,0.6572857142857143,106725.0
Fracture Case,2023-06-30 01:00:00+00:00,0.588,123324,-0.045454545454545525,0.01367746177872764,0.6491428571428572,105724.14285714286
Fracture Case,2023-07-01 01:00:00+00:00,0.598,108986,0.017006802721088343,-0.11626285232395961,0.6398571428571429,105849.42857142857
Fracture Case,2023-07-02 01:00:00+00:00,0.596,103402,-0.0033444816053511683,-0.05123593856091613,0.6284285714285714,107440.28571428571
Fracture Case,2023-07-03 01:00:00+00:00,0.597,90314,0.001677852348993314,-0.12657395408212602,0.6172857142857142,108145.42857142857
Fracture Case,2023-07-04 01:00:00+00:00,0.629,95394,0.05360134003350092,0.05624820072192582,0.61,110080.0
Fracture Case,2023-07-05 01:00:00+00:00,0.62,132005,-0.014308426073131986,0.3837872402876492,0.6062857142857142,110726.42857142857
Fracture Case,2023-07-06 01:00:00+00:00,0.602,108261,-0.029032258064516148,-0.17987197454641868,0.6042857142857142,108812.28571428571
Fracture Case,2023-07-07 01:00:00+00:00,0.603,105724,0.0016611295681063787,-0.02343410831231929,0.6064285714285713,106298.0
Fracture Case,2023-07-08 01:00:00+00:00,0.614,103226,0.018242122719734688,-0.023627558548673933,0.6087142857142858,105475.14285714286
Fracture Case,2023-07-09 01:00:00+00:00,0.606,90457,-0.013029315960912058,-0.1236994555635208,0.6101428571428571,103625.85714285714
Fracture Case,2023-07-10 01:00:00+00:00,0.606,80885,0.0,-0.10581823407807023,0.6114285714285714,102278.85714285714
Fracture Case,2023-07-11 01:00:00+00:00,0.615,77175,0.014851485148514865,-0.045867589787970564,0.6094285714285714,99676.14285714286
Fracture Case,2023-07-12 01:00:00+00:00,0.589,121694,-0.04227642276422772,0.5768577907353418,0.6050000000000001,98203.14285714286
Fracture Case,2023-07-13 01:00:00+00:00,0.582,103579,-0.011884550084889645,-0.14885696911926638,0.6021428571428571,97534.28571428571
Fracture Case,2023-07-14 01:00:00+00:00,0.619,94391,0.06357388316151202,-0.08870523947904496,0.6044285714285714,95915.28571428571
Fracture Case,2023-07-15 01:00:00+00:00,0.659,94348,0.06462035541195488,-0.00045555190643176147,0.6108571428571429,94647.0
Fracture Case,2023-07-16 01:00:00+00:00,0.664,86767,0.007587253414264028,-0.08035146478992661,0.6191428571428572,94119.85714285714
Fracture Case,2023-07-17 01:00:00+00:00,0.671,77000,0.010542168674698704,-0.11256583724226954,0.6284285714285714,93564.85714285714
Fracture Case,2023-07-18 01:00:00+00:00,0.677,75518,0.008941877794336861,-0.01924675324675329,0.6372857142857143,93328.14285714286
Fracture Case,2023-07-19 01:00:00+00:00,0.625,117352,-0.0768094534711965,0.5539606451442041,0.6424285714285715,92707.85714285714
Fracture Case,2023-07-20 01:00:00+00:00,0.606,95284,-0.030399999999999983,-0.18804962846819828,0.645857142857143,91522.85714285714
Fracture Case,2023-07-21 01:00:00+00:00,0.633,88931,0.044554455445544594,-0.06667436295705464,0.6478571428571429,90742.85714285714
Fracture Case,2023-07-22 01:00:00+00:00,0.669,97877,0.056872037914692086,0.10059484319303724,0.6492857142857142,91247.0
Fracture Case,2023-07-23 01:00:00+00:00,0.671,92833,0.002989536621823552,-0.05153406826935847,0.6502857142857144,92113.57142857143
Fracture Case,2023-07-24 01:00:00+00:00,0.675,79342,0.005961251862891315,-0.1453254769316945,0.6508571428571429,92448.14285714286
Fracture Case,2023-07-25 01:00:00+00:00,0.672,85070,-0.004444444444444473,0.07219379395528214,0.6501428571428571,93812.71428571429
Fracture Case,2023-07-26 01:00:00+00:00,0.632,119413,-0.059523809523809534,0.4037028329610908,0.6511428571428571,94107.14285714286
Fracture Case,2023-07-27 01:00:00+00:00,0.631,101156,-0.0015822784810126667,-0.15288955138887728,0.6547142857142857,94946.0
Fracture Case,2023-07-28 01:00:00+00:00,0.645,97377,0.022187004754358197,-0.03735813990272452,0.6564285714285715,96152.57142857143
Fracture Case,2023-07-29 01:00:00+00:00,0.658,98296,0.020155038759690047,0.009437546853979795,0.6548571428571429,96212.42857142857
Fracture Case,2023-07-30 01:00:00+00:00,0.663,92960,0.0075987841945288626,-0.054285016684300524,0.6537142857142857,96230.57142857143
Fracture Case,2023-07-31 01:00:00+00:00,0.679,88217,0.02413273001508287,-0.0510219449225473,0.6542857142857142,97498.42857142857
Fracture Case,2023-08-01 01:00:00+00:00,0.686,80371,0.010309278350515427,-0.08893977351304172,0.6562857142857144,96827.14285714286
Fracture Case,2023-08-02 01:00:00+00:00,0.642,117142,-0.06413994169096215,0.4575157706137787,0.6577142857142857,96502.71428571429
Fracture Case,2023-08-03 01:00:00+00:00,0.632,99592,-0.015576323987538943,-0.1498181694012395,0.6578571428571429,96279.28571428571
Fracture Case,2023-08-04 01:00:00+00:00,0.64,93183,0.012658227848101333,-0.0643525584384288,0.6571428571428573,95680.14285714286
Fracture Case,2023-08-05 01:00:00+00:00,0.649,94130,0.014062500000000089,0.01016279793524566,0.6558571428571429,95085.0
Fracture Case,2023-08-06 01:00:00+00:00,0.638,87822,-0.016949152542372947,-0.06701370445129073,0.6522857142857142,94351.0
Fracture Case,2023-08-07 01:00:00+00:00,0.635,81352,-0.00470219435736674,-0.07367174512081254,0.646,93370.28571428571
Fracture Case,2023-08-08 01:00:00+00:00,0.625,74518,-0.015748031496062964,-0.08400531025666236,0.6372857142857143,92534.14285714286
Fracture Case,2023-08-09 01:00:00+00:00,0.591,113486,-0.054400000000000004,0.5229340562011864,0.63,92011.85714285714
Fracture Case,2023-08-10 01:00:00+00:00,0.571,95085,-0.03384094754653133,-0.1621433480781771,0.6212857142857143,91368.0
Fracture Case,2023-08-11 01:00:00+00:00,0.587,91723,0.028021015761821477,-0.03535783772414158,0.6137142857142858,91159.42857142857
Fracture Case,2023-08-12 01:00:00+00:00,0.604,87499,0.028960817717206266,-0.04605169913762086,0.6072857142857143,90212.14285714286
Fracture Case,2023-08-13 01:00:00+00:00,0.609,84474,0.008278145695364225,-0.034571823677984836,0.6031428571428572,89733.85714285714
Fracture Case,2023-08-14 01:00:00+00:00,0.611,74404,0.003284072249589487,-0.11920827710301396,0.5997142857142856,88741.28571428571
Fracture Case,2023-08-15 01:00:00+00:00,0.611,71959,0.0,-0.03286113649803779,0.5977142857142858,88375.71428571429
Fracture Case,2023-08-16 01:00:00+00:00,0.578,111446,-0.05400981996726684,0.5487430342278241,0.5958571428571428,88084.28571428571
Fracture Case,2023-08-17 01:00:00+00:00,0.582,97093,0.006920415224913601,-0.12878883046497858,0.5974285714285713,88371.14285714286
Fracture Case,2023-08-18 01:00:00+00:00,0.599,96309,0.029209621993127266,-0.008074732472989843,0.5991428571428571,89026.28571428571
Fracture Case,2023-08-19 01:00:00+00:00,0.616,95186,0.028380634390651194,-0.011660384803081736,0.6008571428571428,90124.42857142857
Fracture Case,2023-08-20 01:00:00+00:00,0.62,86511,0.006493506493506551,-0.091137352131616,0.6024285714285714,90415.42857142857
Fracture Case,2023-08-21 01:00:00+00:00,0.619,73347,-0.001612903225806428,-0.1521656205569234,0.6035714285714285,90264.42857142857
Fracture Case,2023-08-22 01:00:00+00:00,0.607,63973,-0.01938610662358642,-0.12780345481069433,0.603,89123.57142857143
Fracture Case,2023-08-23 01:00:00+00:00,0.563,109390,-0.07248764415156517,0.7099401309927627,0.6008571428571428,88829.85714285714
Fracture Case,2023-08-24 01:00:00+00:00,0.563,96142,0.0,-0.12110796233659382,0.5981428571428571,88694.0
Fracture Case,2023-08-25 01:00:00+00:00,0.589,88285,0.04618117229129659,-0.0817228682573693,0.5967142857142856,87547.71428571429
Fracture Case,2023-08-26 01:00:00+00:00,0.604,89584,0.025466893039049365,0.0147137112759812,0.595,86747.42857142857
Fracture Case,2023-08-27 01:00:00+00:00,0.601,81083,-0.004966887417218513,-0.09489417753170204,0.5922857142857143,85972.0
Fracture Case,2023-08-28 01:00:00+00:00,0.606,70836,0.008319467554076532,-0.12637667575200717,0.5904285714285714,85613.28571428571
Fracture Case,2023-08-29 01:00:00+00:00,0.606,73407,0.0,0.03629510418431314,0.5902857142857142,86961.0
Fracture Case,2023-08-30 01:00:00+00:00,0.576,118160,-0.04950495049504955,0.6096557549007589,0.5921428571428571,88213.85714285714
Fracture Case,2023-08-31 01:00:00+00:00,0.575,103064,-0.0017361111111111605,-0.127758970886933,0.5938571428571429,89202.71428571429
Fracture Case,2023-09-01 01:00:00+00:00,0.598,99524,0.040000000000000036,-0.0343475898470853,0.5951428571428571,90808.28571428571
Fracture Case,2023-09-02 01:00:00+00:00,0.607,109455,0.015050167224080369,0.09978497648808338,0.5955714285714285,93647.0
Fracture Case,2023-09-03 01:00:00+00:00,0.624,98553,0.028006589785831926,-0.0996025764012608,0.5988571428571428,96142.71428571429
Fracture Case,2023-09-04 01:00:00+00:00,0.621,89763,-0.004807692307692291,-0.08919058780554623,0.601,98846.57142857143
Fracture Case,2023-09-05 01:00:00+00:00,0.615,76562,-0.009661835748792313,-0.1470650490736718,0.6022857142857143,99297.28571428571
Fracture Case,2023-09-06 01:00:00+00:00,0.578,126358,-0.06016260162601628,0.6504009822104961,0.6025714285714285,100468.42857142857
Fracture Case,2023-09-07 01:00:00+00:00,0.579,113705,0.0017301038062282892,-0.10013612117950588,0.6031428571428571,101988.57142857143
Fracture Case,2023-09-08 01:00:00+00:00,0.601,106888,0.03799654576856648,-0.05995338815355522,0.6035714285714285,103040.57142857143
Fracture Case,2023-09-09 01:00:00+00:00,0.61,110587,0.014975041597337757,0.0346063168924482,0.604,103202.28571428571
Fracture Case,2023-09-10 01:00:00+00:00,0.61,100566,0.0,-0.0906164377368045,0.602,103489.85714285714
Fracture Case,2023-09-11 01:00:00+00:00,0.612,80913,0.003278688524590123,-0.19542390072191396,0.6007142857142858,102225.57142857143
Fracture Case,2023-09-12 01:00:00+00:00,0.617,75986,0.008169934640522847,-0.06089256361771289,0.601,102143.28571428571
Fracture Case,2023-09-13 01:00:00+00:00,0.591,125151,-0.04213938411669371,0.6470270839365146,0.6028571428571429,101970.85714285714
Fracture Case,2023-09-14 01:00:00+00:00,0.592,108750,0.0016920473773265332,-0.1310496919720977,0.6047142857142856,101263.0
Fracture Case,2023-09-15 01:00:00+00:00,0.602,105179,0.016891891891891886,-0.03283678160919545,0.6048571428571429,101018.85714285714
Fracture Case,2023-09-16 01:00:00+00:00,0.609,109751,0.011627906976744207,0.04346875326823785,0.6047142857142856,100899.42857142857
Fracture Case,2023-09-17 01:00:00+00:00,0.615,102132,0.009852216748768461,-0.06942077976510463,0.6054285714285713,101123.14285714286
Fracture Case,2023-09-18 01:00:00+00:00,0.616,79367,0.001626016260162677,-0.22289781850938006,0.606,100902.28571428571
Fracture Case,2023-09-19 01:00:00+00:00,0.615,74339,-0.0016233766233766378,-0.06335126689934101,0.6057142857142858,100667.0
Fracture Case,2023-09-20 01:00:00+00:00,0.584,112823,-0.05040650406504066,0.5176825085083201,0.6047142857142856,98905.85714285714
Fracture Case,2023-09-21 01:00:00+00:00,0.592,99055,0.013698630136986356,-0.12203185520682835,0.6047142857142858,97520.85714285714
Fracture Case,2023-09-22 01:00:00+00:00,0.607,97877,0.02533783783783794,-0.011892383019534547,0.6054285714285713,96477.71428571429
Fracture Case,2023-09-23 01:00:00+00:00,0.616,97867,0.014827018121911006,-0.00010216904890836265,0.6064285714285714,94780.0
Fracture Case,2023-09-24 01:00:00+00:00,0.618,89811,0.0032467532467532756,-0.08231579592712557,0.6068571428571429,93019.85714285714
Fracture Case,2023-09-25 01:00:00+00:00,0.62,79904,0.003236245954692629,-0.11030942757568674,0.6074285714285714,93096.57142857143
Fracture Case,2023-09-26 01:00:00+00:00,0.636,76301,0.02580645161290329,-0.0450916099319183,0.6104285714285714,93376.85714285714
Fracture Case,2023-09-27 01:00:00+00:00,0.629,187709,-0.011006289308176154,1.460111925138596,0.6168571428571428,104074.85714285714
Fracture Case,2023-09-28 01:00:00+00:00,0.67,251992,0.06518282988871227,0.3424609368756959,0.628,125923.0
Fracture Case,2023-09-29 01:00:00+00:00,0.7,214121,0.04477611940298498,-0.1502865170322868,0.6412857142857142,142529.2857142857
Fracture Case,2023-09-30 01:00:00+00:00,0.708,208898,0.011428571428571344,-0.02439274989375162,0.6544285714285715,158390.85714285713
Fracture Case,2023-10-01 01:00:00+00:00,0.738,190360,0.04237288135593231,-0.08874187402464362,0.6715714285714285,172755.0
Fracture Case,2023-10-02 01:00:00+00:00,0.774,161042,0.04878048780487809,-0.15401344820340412,0.6935714285714285,184346.14285714287
Fracture Case,2023-10-03 01:00:00+00:00,0.785,150323,0.01421188630490966,-0.06656027620123939,0.7148571428571427,194920.7142857143
Fracture Case,2023-10-04 01:00:00+00:00,0.721,186192,-0.08152866242038226,0.2386128536551293,0.728,194704.0
Fracture Case,2023-10-05 01:00:00+00:00,0.717,167084,-0.00554785020804438,-0.10262524705680154,0.7347142857142857,182574.2857142857
Fracture Case,2023-10-06 01:00:00+00:00,0.758,177675,0.057182705718270554,0.06338727825524892,0.743,177367.7142857143
Fracture Case,2023-10-07 01:00:00+00:00,0.784,190445,0.03430079155672816,0.07187280146334607,0.7538571428571428,174731.57142857142
Fracture Case,2023-10-08 01:00:00+00:00,0.793,162999,0.011479591836734748,-0.14411509884743623,0.7617142857142857,170822.85714285713
Fracture Case,2023-10-09 01:00:00+00:00,0.808,142887,0.018915510718789497,-0.12338726004454015,0.7665714285714287,168229.2857142857
Fracture Case,2023-10-10 01:00:00+00:00,0.808,136816,0.0,-0.04248811998292357,0.7698571428571429,166299.7142857143
Fracture Case,2023-10-11 01:00:00+00:00,0.762,176524,-0.05693069306930698,0.2902292129575488,0.7757142857142857,164918.57142857142
Fracture Case,2023-10-12 01:00:00+00:00,0.775,153313,0.01706036745406836,-0.131489202601346,0.784,162951.2857142857
Fracture Case,2023-10-13 01:00:00+00:00,0.807,167864,0.041290322580645133,0.09491041203290007,0.7910000000000001,161549.7142857143
Fracture Case,2023-10-14 01:00:00+00:00,0.833,168773,0.03221809169764556,0.005415097936424695,0.7979999999999999,158453.7142857143
Fracture Case,2023-10-15 01:00:00+00:00,0.85,147727,0.020408163265306145,-0.12470004088331665,0.8061428571428573,156272.0
Fracture Case,2023-10-16 01:00:00+00:00,0.86,124246,0.0117647058823529,-0.15894860113587905,0.8135714285714285,153609.0
Fracture Case,2023-10-17 01:00:00+00:00,0.864,120621,0.0046511627906977715,-0.02917598956908074,0.8215714285714285,151295.42857142858
Fracture Case,2023-10-18 01:00:00+00:00,0.811,166500,-0.06134259259259256,0.3803566543139254,0.8285714285714286,149863.42857142858
Fracture Case,2023-10-19 01:00:00+00:00,0.804,138785,-0.008631319358816336,-0.16645645645645646,0.8327142857142856,147788.0
Fracture Case,2023-10-20 01:00:00+00:00,0.827,141128,0.028606965174129195,0.01688222790647398,0.8355714285714285,143968.57142857142
Fracture Case,2023-10-21 01:00:00+00:00,0.834,147746,0.00846432889963733,0.04689360013604671,0.8357142857142857,140964.7142857143
Fracture Case,2023-10-22 01:00:00+00:00,0.835,130250,0.0011990407673860837,-0.1184194495959281,0.8335714285714285,138468.0
Fracture Case,2023-10-23 01:00:00+00:00,0.831,104664,-0.004790419161676662,-0.19643761996161224,0.8294285714285714,135670.57142857142
Fracture Case,2023-10-24 01:00:00+00:00,0.821,100406,-0.012033694344163681,-0.040682565160895856,0.8232857142857143,132782.7142857143
Fracture Case,2023-10-25 01:00:00+00:00,0.768,151495,-0.06455542021924476,0.5088241738541521,0.8171428571428571,130639.14285714286
Fracture Case,2023-10-26 01:00:00+00:00,0.751,131127,-0.02213541666666674,-0.13444668140862737,0.8095714285714285,129545.14285714286
Fracture Case,2023-10-27 01:00:00+00:00,0.756,133737,0.0066577896138482195,0.019904367521563104,0.7994285714285715,128489.28571428571
Fracture Case,2023-10-28 01:00:00+00:00,0.766,127386,0.013227513227513255,-0.047488727876354386,0.7897142857142857,125580.71428571429
Fracture Case,2023-10-29 01:00:00+00:00,0.75,113109,-0.02088772845953002,-0.11207668032593854,0.7775714285714285,123132.0
Fracture Case,2023-10-30 01:00:00+00:00,0.751,95932,0.0013333333333334085,-0.15186236285353072,0.7661428571428572,121884.57142857143
Fracture Case,2023-10-31 01:00:00+00:00,0.761,99510,0.013315579227696439,0.03729725222032276,0.7575714285714286,121756.57142857143
Fracture Case,2023-11-01 01:00:00+00:00,0.722,144000,-0.05124835742444156,0.44709074464877907,0.751,120685.85714285714
Fracture Case,2023-11-02 01:00:00+00:00,0.705,119658,-0.023545706371191133,-0.16904166666666665,0.7444285714285714,119047.42857142857
Fracture Case,2023-11-03 01:00:00+00:00,0.72,111486,0.02127659574468077,-0.06829463972321115,0.7392857142857142,115868.71428571429
Fracture Case,2023-11-04 01:00:00+00:00,0.736,108381,0.022222222222222143,-0.02785103062267913,0.735,113153.71428571429
Fracture Case,2023-11-05 01:00:00+00:00,0.739,96228,0.0040760869565217295,-0.11213220029340931,0.7334285714285714,110742.14285714286
Fracture Case,2023-11-06 01:00:00+00:00,0.738,74594,-0.0013531799729363803,-0.2248202186473791,0.7315714285714285,107693.85714285714
Fracture Case,2023-11-07 01:00:00+00:00,0.747,73836,0.012195121951219523,-0.010161675201758813,0.7295714285714284,104026.14285714286
Fracture Case,2023-11-08 01:00:00+00:00,0.702,118380,-0.06024096385542177,0.6032829514058182,0.7267142857142856,100366.14285714286
Fracture Case,2023-11-09 01:00:00+00:00,0.701,101331,-0.0014245014245014564,-0.14401926001013687,0.7261428571428572,97748.0
Fracture Case,2023-11-10 01:00:00+00:00,0.703,100519,0.0028530670470756636,-0.008013342412489743,0.7237142857142856,96181.28571428571
Fracture Case,2023-11-11 01:00:00+00:00,0.685,102802,-0.02560455192034128,0.02271212407604528,0.7164285714285715,95384.28571428571
Fracture Case,2023-11-12 01:00:00+00:00,0.668,88036,-0.02481751824817524,-0.14363533783389426,0.7062857142857143,94214.0
Fracture Case,2023-11-13 01:00:00+00:00,0.657,72038,-0.01646706586826352,-0.1817211140896906,0.6947142857142857,93848.85714285714
Fracture Case,2023-11-14 01:00:00+00:00,0.621,80203,-0.0547945205479452,0.11334295788333937,0.6767142857142857,94758.42857142857
Fracture Case,2023-11-15 01:00:00+00:00,0.556,144604,-0.10466988727858284,0.802974951061681,0.6558571428571429,98504.71428571429
Fracture Case,2023-11-16 01:00:00+00:00,0.541,101407,-0.026978417266187105,-0.29872617631600784,0.633,98515.57142857143
Fracture Case,2023-11-17 01:00:00+00:00,0.564,91762,0.042513863216266046,-0.09511177729348075,0.6131428571428571,97264.57142857143
Fracture Case,2023-11-18 01:00:00+00:00,0.566,96331,0.0035460992907800915,0.0497918528366863,0.5961428571428572,96340.14285714286
Fracture Case,2023-11-19 01:00:00+00:00,0.558,84467,-0.014134275618374326,-0.12315869242507604,0.5804285714285715,95830.28571428571
Fracture Case,2023-11-20 01:00:00+00:00,0.558,66007,0.0,-0.2185468881338274,0.5662857142857144,94968.71428571429
Fracture Case,2023-11-21 01:00:00+00:00,0.556,69887,-0.0035842293906810374,0.0587816443710516,0.557,93495.0
Fracture Case,2023-11-22 01:00:00+00:00,0.526,138652,-0.0539568345323741,0.983945512040866,0.5527142857142857,92644.71428571429
Fracture Case,2023-11-23 01:00:00+00:00,0.515,111720,-0.020912547528517123,-0.19424169864120244,0.549,94118.0
Fracture Case,2023-11-24 01:00:00+00:00,0.521,108708,0.011650485436893288,-0.02696025778732547,0.5428571428571429,96538.85714285714
Fracture Case,2023-11-25 01:00:00+00:00,0.529,101870,0.015355086372360827,-0.06290245428119368,0.5375714285714286,97330.14285714286
Fracture Case,2023-11-26 01:00:00+00:00,0.545,99798,0.030245746691871522,-0.020339648571709,0.5357142857142857,99520.28571428571
Fracture Case,2023-11-27 01:00:00+00:00,0.537,72229,-0.014678899082568808,-0.27624802100242485,0.5327142857142858,100409.14285714286
Fracture Case,2023-11-28 01:00:00+00:00,0.55,71358,0.024208566108007368,-0.012058868321588312,0.5318571428571428,100619.28571428571
Fracture Case,2023-11-29 01:00:00+00:00,0.569,102909,0.034545454545454435,0.44215084503489455,0.538,95513.14285714286
Fracture Case,2023-11-30 01:00:00+00:00,0.584,87627,0.026362038664323295,-0.14850013118386152,0.5478571428571428,92071.28571428571
Fracture Case,2023-12-01 01:00:00+00:00,0.608,89769,0.041095890410958846,0.02444452052449586,0.5602857142857143,89365.71428571429
Fracture Case,2023-12-02 01:00:00+00:00,0.629,93981,0.03453947368421062,0.04692042910136007,0.5745714285714286,88238.71428571429
Fracture Case,2023-12-03 01:00:00+00:00,0.669,84161,0.06359300476947549,-0.10448920526489391,0.5922857142857143,86004.85714285714
Fracture Case,2023-12-04 01:00:00+00:00,0.671,64641,0.002989536621823552,-0.23193640759971956,0.6114285714285714,84920.85714285714
Fracture Case,2023-12-05 01:00:00+00:00,0.667,64528,-0.005961251862891204,-0.0017481165204745741,0.6281428571428572,83945.14285714286
Fracture Case,2023-12-06 01:00:00+00:00,0.63,108090,-0.05547226386806603,0.675086784031738,0.6368571428571429,84685.28571428571
Fracture Case,2023-12-07 01:00:00+00:00,0.611,85742,-0.030158730158730163,-0.20675363123323154,0.6407142857142858,84416.0
Fracture Case,2023-12-08 01:00:00+00:00,0.619,86119,0.013093289689034338,0.004396911665228265,0.6422857142857143,83894.57142857143
Fracture Case,2023-12-09 01:00:00+00:00,0.624,84424,0.008077544426494443,-0.019682067836365946,0.6415714285714286,82529.28571428571
Fracture Case,2023-12-10 01:00:00+00:00,0.624,72538,0.0,-0.14078934900028428,0.6351428571428571,80868.85714285714
Fracture Case,2023-12-11 01:00:00+00:00,0.634,62014,0.01602564102564097,-0.14508257740770358,0.6298571428571428,80493.57142857143
Fracture Case,2023-12-12 01:00:00+00:00,0.649,63255,0.023659305993690927,0.020011610281549297,0.6272857142857143,80311.71428571429
Fracture Case,2023-12-13 01:00:00+00:00,0.632,95504,-0.026194144838212696,0.5098253102521539,0.6275714285714286,78513.71428571429
Fracture Case,2023-12-14 01:00:00+00:00,0.597,84796,-0.05537974683544311,-0.11212095828446977,0.6255714285714287,78378.57142857143
Fracture Case,2023-12-15 01:00:00+00:00,0.6,83720,0.005025125628140614,-0.0126892777961225,0.6228571428571429,78035.85714285714
Fracture Case,2023-12-16 01:00:00+00:00,0.599,84503,-0.0016666666666667052,0.009352603917821334,0.6192857142857143,78047.14285714286
Fracture Case,2023-12-17 01:00:00+00:00,0.607,90355,0.013355592654423987,0.06925197921967263,0.6168571428571429,80592.42857142857
Fracture Case,2023-12-18 01:00:00+00:00,0.597,60471,-0.016474464579901205,-0.33073985944330697,0.6115714285714285,80372.0
Fracture Case,2023-12-19 01:00:00+00:00,0.592,57599,-0.008375209380234505,-0.04749384002249013,0.6034285714285714,79564.0
Fracture Case,2023-12-20 01:00:00+00:00,0.558,102859,-0.057432432432432345,0.7857775308599109,0.5928571428571429,80614.71428571429
Fracture Case,2023-12-21 01:00:00+00:00,0.539,83569,-0.03405017921146958,-0.18753828055882327,0.5845714285714285,80439.42857142857
Fracture Case,2023-12-22 01:00:00+00:00,0.537,93612,-0.0037105751391465214,0.1201761418707894,0.5755714285714285,81852.57142857143
Fracture Case,2023-12-23 01:00:00+00:00,0.543,90193,0.011173184357541999,-0.036523095329658584,0.5675714285714285,82665.42857142857
Fracture Case,2023-12-24 01:00:00+00:00,0.538,81060,-0.009208103130755041,-0.10126062998237118,0.5577142857142857,81337.57142857143
Fracture Case,2023-12-25 01:00:00+00:00,0.544,74721,0.011152416356877248,-0.07820133234641002,0.5501428571428572,83373.28571428571
Fracture Case,2023-12-26 01:00:00+00:00,0.555,76518,0.020220588235294157,0.02404946400610264,0.5448571428571428,86076.0
Fracture Case,2023-12-27 01:00:00+00:00,0.53,112390,-0.04504504504504503,0.4688047256854597,0.5408571428571429,87437.57142857143
Fracture Case,2023-12-28 01:00:00+00:00,0.523,97204,-0.013207547169811318,-0.13511878280985856,0.5385714285714286,89385.42857142857
Fracture Case,2023-12-29 01:00:00+00:00,0.525,83983,0.003824091778202643,-0.1360129212789597,0.5368571428571429,88009.85714285714
Fracture Case,2023-12-30 01:00:00+00:00,0.538,84435,0.024761904761904763,0.00538204160365785,0.5361428571428571,87187.28571428571
Fracture Case,2023-12-31 01:00:00+00:00,0.555,71209,0.03159851301115246,-0.15664120329247355,0.5385714285714286,85780.0
Fracture Case,2024-01-01 01:00:00+00:00,0.556,75650,0.0018018018018017834,0.06236571219930065,0.5402857142857143,85912.71428571429
Fracture Case,2024-01-02 01:00:00+00:00,0.544,76183,-0.021582733812949617,0.007045604758757484,0.5387142857142858,85864.85714285714
Fracture Case,2024-01-03 01:00:00+00:00,0.52,111503,-0.044117647058823595,0.46362049276085227,0.5372857142857143,85738.14285714286
Fracture Case,2024-01-04 01:00:00+00:00,0.504,94774,-0.03076923076923077,-0.15003183770840245,0.5345714285714286,85391.0
Fracture Case,2024-01-05 01:00:00+00:00,0.511,68930,0.01388888888888884,-0.27269082237744524,0.5325714285714286,83240.57142857143
Fracture Case,2024-01-06 01:00:00+00:00,0.522,78765,0.021526418786692814,0.14268098070506308,0.5302857142857144,82430.57142857143
Fracture Case,2024-01-07 01:00:00+00:00,0.531,77377,0.01724137931034475,-0.017622040246302317,0.5268571428571429,83311.71428571429
Fracture Case,2024-01-08 01:00:00+00:00,0.534,59125,0.005649717514124353,-0.23588404823138653,0.5237142857142858,80951.0
Fracture Case,2024-01-09 01:00:00+00:00,0.533,60525,-0.0018726591760299671,0.02367864693446098,0.5221428571428571,78714.14285714286
Fracture Case,2024-01-10 01:00:00+00:00,0.513,101351,-0.03752345215759856,0.6745311854605536,0.5211428571428571,77263.85714285714
Fracture Case,2024-01-11 01:00:00+00:00,0.506,76484,-0.013645224171540016,-0.24535525056486862,0.5214285714285715,74651.0
Fracture Case,2024-01-12 01:00:00+00:00,0.507,73110,0.0019762845849802257,-0.04411380157941536,0.5208571428571428,75248.14285714286
Fracture Case,2024-01-13 01:00:00+00:00,0.503,77899,-0.007889546351084853,0.06550403501572966,0.5181428571428571,75124.42857142857
Fracture Case,2024-01-14 01:00:00+00:00,0.486,67373,-0.03379721669980118,-0.13512368579827727,0.5117142857142858,73695.28571428571
Fracture Case,2024-01-15 01:00:00+00:00,0.483,63548,-0.006172839506172867,-0.05677348492719636,0.5044285714285713,74327.14285714286
Fracture Case,2024-01-16 01:00:00+00:00,0.478,56843,-0.010351966873705987,-0.10551079498961413,0.49657142857142855,73801.14285714286
Fracture Case,2024-01-17 01:00:00+00:00,0.45,96373,-0.05857740585774052,0.6954242386925391,0.4875714285714286,73090.0
Fracture Case,2024-01-18 01:00:00+00:00,0.416,94726,-0.0755555555555556,-0.01708984881657727,0.4747142857142857,75696.0
Fracture Case,2024-01-19 01:00:00+00:00,0.408,98354,-0.019230769230769273,0.038299938770770536,0.4605714285714285,79302.28571428571
Fracture Case,2024-01-20 01:00:00+00:00,0.399,83446,-0.022058823529411686,-0.15157492323647237,0.44571428571428573,80094.71428571429
Fracture Case,2024-01-21 01:00:00+00:00,0.395,77497,-0.010025062656641603,-0.0712916137382259,0.4327142857142857,81541.0
Fracture Case,2024-01-22 01:00:00+00:00,0.382,70485,-0.032911392405063356,-0.09048092184213585,0.4182857142857143,82532.0
Fracture Case,2024-01-23 01:00:00+00:00,0.377,81594,-0.01308900523560208,0.1576080017024899,0.40385714285714286,86067.85714285714
Fracture Case,2024-01-24 01:00:00+00:00,0.362,104585,-0.03978779840848812,0.2817731695958037,0.3912857142857143,87241.0
Fracture Case,2024-01-25 01:00:00+00:00,0.341,81543,-0.05801104972375681,-0.22031840130037772,0.3805714285714285,85357.71428571429
Fracture Case,2024-01-26 01:00:00+00:00,0.339,74954,-0.0058651026392961825,-0.08080399298529606,0.3707142857142857,82014.85714285714
Fracture Case,2024-01-27 01:00:00+00:00,0.344,82957,0.014749262536873031,0.10677215358753367,0.3628571428571429,81945.0
Fracture Case,2024-01-28 01:00:00+00:00,0.337,77538,-0.02034883720930214,-0.06532299866195745,0.3545714285714286,81950.85714285714
Fracture Case,2024-01-29 01:00:00+00:00,0.33,74199,-0.020771513353115778,-0.043062756325930485,0.3471428571428571,82481.42857142857
Fracture Case,2024-01-30 01:00:00+00:00,0.329,64267,-0.00303030303030305,-0.13385625143196,0.3402857142857143,80006.14285714286
Fracture Case,2024-01-31 01:00:00+00:00,0.317,115068,-0.03647416413373861,0.7904678917640469,0.3338571428571429,81503.71428571429
Fracture Case,2024-02-01 01:00:00+00:00,0.301,95322,-0.050473186119873836,-0.17160287829804988,0.3281428571428572,83472.14285714286
Fracture Case,2024-02-02 01:00:00+00:00,0.3,88073,-0.0033222591362126463,-0.0760475021506053,0.32257142857142856,85346.28571428571
Fracture Case,2024-02-03 01:00:00+00:00,0.314,95473,0.046666666666666634,0.08402120967833504,0.3182857142857142,87134.28571428571
Fracture Case,2024-02-04 01:00:00+00:00,0.356,100204,0.13375796178343946,0.04955327684266764,0.321,90372.28571428571
Fracture Case,2024-02-05 01:00:00+00:00,0.379,69708,0.06460674157303381,-0.30433914813779894,0.32799999999999996,89730.71428571429
Fracture Case,2024-02-06 01:00:00+00:00,0.356,69104,-0.06068601583113464,-0.008664715671085066,0.33185714285714285,90421.71428571429
Fracture Case,2024-02-07 01:00:00+00:00,0.311,338027,-0.1264044943820224,3.8915692289881916,0.33099999999999996,122273.0
Fracture Case,2024-02-08 01:00:00+00:00,0.277,133933,-0.10932475884244364,-0.6037801714064261,0.32757142857142857,127788.85714285714
Fracture Case,2024-02-09 01:00:00+00:00,0.284,135710,0.025270758122743597,0.013267827943822752,0.3252857142857143,134594.14285714287
Fracture Case,2024-02-10 01:00:00+00:00,0.3,125997,0.05633802816901423,-0.07157173384422666,0.3232857142857143,138954.7142857143
Fracture Case,2024-02-11 01:00:00+00:00,0.307,117475,0.023333333333333428,-0.06763653102851652,0.3162857142857143,141422.0
Fracture Case,2024-02-12 01:00:00+00:00,0.312,93049,0.016286644951140072,-0.20792509044477547,0.3067142857142858,144756.42857142858
Fracture Case,2024-02-13 01:00:00+00:00,0.309,91484,-0.009615384615384581,-0.016819095315371513,0.3,147953.57142857142
Fracture Case,2024-02-14 01:00:00+00:00,0.283,137597,-0.08414239482200658,0.5040553539416728,0.296,119320.71428571429
Fracture Case,2024-02-15 01:00:00+00:00,0.283,122030,0.0,-0.11313473404216656,0.2968571428571428,117620.28571428571
Fracture Case,2024-02-16 01:00:00+00:00,0.283,121229,0.0,-0.006563959682045373,0.2967142857142857,115551.57142857143
Fracture Case,2024-02-17 01:00:00+00:00,0.282,134607,-0.0035335689045936647,0.11035313332618424,0.29414285714285715,116781.57142857143
Fracture Case,2024-02-18 01:00:00+00:00,0.281,127811,-0.0035460992907799804,-0.05048771609203084,0.2904285714285714,118258.14285714286
Fracture Case,2024-02-19 01:00:00+00:00,0.278,99699,-0.010676156583629859,-0.2199497695816479,0.2855714285714286,119208.14285714286
Fracture Case,2024-02-20 01:00:00+00:00,0.273,97160,-0.017985611510791366,-0.025466654630437624,0.2804285714285714,120019.0
Fracture Case,2024-02-21 01:00:00+00:00,0.261,135602,-0.04395604395604402,0.3956566488266777,0.27728571428571425,119734.0
Fracture Case,2024-02-22 01:00:00+00:00,0.258,107736,-0.011494252873563204,-0.20549844397575256,0.2737142857142857,117692.0
Fracture Case,2024-02-23 01:00:00+00:00,0.264,123243,0.023255813953488413,0.1439351748719091,0.271,117979.71428571429
Fracture Case,2024-02-24 01:00:00+00:00,0.271,110961,0.026515151515151603,-0.09965677563837294,0.26942857142857146,114601.71428571429
Fracture Case,2024-02-25 01:00:00+00:00,0.273,103034,0.007380073800737907,-0.07143951478447386,0.2682857142857143,111062.14285714286
Fracture Case,2024-02-26 01:00:00+00:00,0.275,86227,0.0073260073260073,-0.1631209115437623,0.26785714285714285,109137.57142857143
Fracture Case,2024-02-27 01:00:00+00:00,0.28,87513,0.0181818181818183,0.01491412202674347,0.26885714285714285,107759.42857142857
Fracture Case,2024-02-28 01:00:00+00:00,0.275,132641,-0.017857142857142905,0.5156719573091997,0.27085714285714285,107336.42857142857
Fracture Case,2024-02-29 01:00:00+00:00,0.29,143804,0.05454545454545445,0.0841594981943743,0.2754285714285714,112489.0
Fracture Case,2024-03-01 01:00:00+00:00,0.306,120225,0.05517241379310356,-0.16396623181552672,0.2814285714285715,112057.85714285714
Fracture Case,2024-03-02 01:00:00+00:00,0.313,123116,0.02287581699346397,0.02404657933042209,0.2874285714285714,113794.28571428571
Fracture Case,2024-03-03 01:00:00+00:00,0.319,103486,0.019169329073482455,-0.1594431268072387,0.294,113858.85714285714
Fracture Case,2024-03-04 01:00:00+00:00,0.317,87745,-0.006269592476489061,-0.15210753145352995,0.3,114075.71428571429
Fracture Case,2024-03-05 01:00:00+00:00,0.311,93688,-0.018927444794952675,0.06773035500598334,0.30442857142857144,114957.85714285714
Fracture Case,2024-03-06 01:00:00+00:00,0.3,137240,-0.03536977491961413,0.4648620954658014,0.308,115614.85714285714
Fracture Case,2024-03-07 01:00:00+00:00,0.297,118970,-0.010000000000000009,-0.13312445351209556,0.30900000000000005,112067.14285714286
Fracture Case,2024-03-08 01:00:00+00:00,0.298,116667,0.0033670033670034627,-0.019357821299487266,0.30785714285714283,111558.85714285714
Fracture Case,2024-03-09 01:00:00+00:00,0.303,110363,0.016778523489932917,-0.05403413133105339,0.30642857142857144,109737.0
Fracture Case,2024-03-10 01:00:00+00:00,0.301,104880,-0.0066006600660065695,-0.04968150557705031,0.3038571428571429,109936.14285714286
Fracture Case,2024-03-11 01:00:00+00:00,0.3,90570,-0.0033222591362126463,-0.13644164759725397,0.30142857142857143,110339.71428571429
Fracture Case,2024-03-12 01:00:00+00:00,0.297,90463,-0.010000000000000009,-0.00118140664679256,0.29942857142857143,109879.0
Fracture Case,2024-03-13 01:00:00+00:00,0.285,130786,-0.04040404040404044,0.44574024739396223,0.29728571428571426,108957.0
Fracture Case,2024-03-14 01:00:00+00:00,0.279,166861,-0.021052631578947212,0.27583227562583157,0.29471428571428565,115798.57142857143
Fracture Case,2024-03-15 01:00:00+00:00,0.274,127741,-0.017921146953405076,-0.23444663522332965,0.29128571428571426,117380.57142857143
Fracture Case,2024-03-16 01:00:00+00:00,0.282,123706,0.029197080291970545,-0.03158735253364231,0.28828571428571426,119286.71428571429
Fracture Case,2024-03-17 01:00:00+00:00,0.284,107174,0.007092198581560183,-0.13363943543562962,0.28585714285714287,119614.42857142857
Fracture Case,2024-03-18 01:00:00+00:00,0.284,86913,0.0,-0.1890477167969843,0.28357142857142853,119092.0
Fracture Case,2024-03-19 01:00:00+00:00,0.284,78906,0.0,-0.09212660936798867,0.2817142857142857,117441.0
Fracture Case,2024-03-20 01:00:00+00:00,0.273,125391,-0.03873239436619702,0.5891186981978558,0.27999999999999997,116670.28571428571
Fracture Case,2024-03-21 01:00:00+00:00,0.266,119825,-0.02564102564102566,-0.044389150736496186,0.27814285714285714,109950.85714285714
Fracture Case,2024-03-22 01:00:00+00:00,0.284,94382,0.06766917293233066,-0.21233465470477775,0.2795714285714285,105185.28571428571
Fracture Case,2024-03-23 01:00:00+00:00,0.285,109222,0.0035211267605634866,0.1572333707698501,0.27999999999999997,103116.14285714286
Fracture Case,2024-03-24 01:00:00+00:00,0.291,99596,0.021052631578947434,-0.08813242753291461,0.281,102033.57142857143
Fracture Case,2024-03-25 01:00:00+00:00,0.297,77873,0.020618556701030855,-0.218111169123258,0.28285714285714286,100742.14285714286
Fracture Case,2024-03-26 01:00:00+00:00,0.3,80583,0.010101010101010166,0.0348002516918573,0.28514285714285714,100981.71428571429
Fracture Case,2024-03-27 01:00:00+00:00,0.285,121279,-0.050000000000000044,0.5050196691609894,0.28685714285714287,100394.28571428571
Fracture Case,2024-03-28 01:00:00+00:00,0.287,98938,0.007017543859649145,-0.1842116112434964,0.28985714285714287,97410.42857142857
Fracture Case,2024-03-29 01:00:00+00:00,0.297,102533,0.03484320557491283,0.03633588712122737,0.2917142857142857,98574.85714285714
Fracture Case,2024-03-30 01:00:00+00:00,0.304,101643,0.023569023569023573,-0.008680132250104888,0.29442857142857143,97492.14285714286
Fracture Case,2024-03-31 01:00:00+00:00,0.308,94000,0.013157894736842035,-0.0751945534862214,0.2968571428571428,96692.71428571429
Fracture Case,2024-04-01 01:00:00+00:00,0.31,91329,0.006493506493506551,-0.02841489361702132,0.29871428571428565,98615.0
Fracture Case,2024-04-02 01:00:00+00:00,0.298,78847,-0.03870967741935483,-0.1366707179537715,0.29842857142857143,98367.0
Fracture Case,2024-04-03 01:00:00+00:00,0.286,120844,-0.04026845637583898,0.5326391619211892,0.29857142857142854,98304.85714285714
Fracture Case,2024-04-04 01:00:00+00:00,0.284,97267,-0.006993006993006978,-0.19510277713415647,0.2981428571428571,98066.14285714286
Fracture Case,2024-04-05 01:00:00+00:00,0.294,99019,0.035211267605633756,0.018012275489117657,0.29771428571428565,97564.14285714286
Fracture Case,2024-04-06 01:00:00+00:00,0.299,97442,0.017006802721088343,-0.0159262363788768,0.297,96964.0
Fracture Case,2024-04-07 01:00:00+00:00,0.299,94876,0.0,-0.02633361384208044,0.2957142857142857,97089.14285714286
Fracture Case,2024-04-08 01:00:00+00:00,0.299,75905,0.0,-0.19995573169189262,0.2941428571428571,94885.71428571429
Fracture Case,2024-04-09 01:00:00+00:00,0.3,89495,0.0033444816053511683,0.17903958895988414,0.29442857142857143,96406.85714285714
Fracture Case,2024-04-10 01:00:00+00:00,0.29,121479,-0.033333333333333326,0.35738309402759927,0.295,96497.57142857143
Fracture Case,2024-04-11 01:00:00+00:00,0.294,109055,0.01379310344827589,-0.1022728208167667,0.2964285714285714,98181.57142857143
Fracture Case,2024-04-12 01:00:00+00:00,0.301,119245,0.023809523809523725,0.09343909036724596,0.29742857142857143,101071.0
Fracture Case,2024-04-13 01:00:00+00:00,0.297,102128,-0.013289036544850474,-0.14354480271709502,0.29714285714285715,101740.42857142857
Fracture Case,2024-04-14 01:00:00+00:00,0.295,96501,-0.006734006734006703,-0.0550975246749178,0.2965714285714286,101972.57142857143
Fracture Case,2024-04-15 01:00:00+00:00,0.297,83409,0.006779661016949268,-0.13566698790686105,0.29628571428571426,103044.57142857143
Fracture Case,2024-04-16 01:00:00+00:00,0.294,85375,-0.010101010101010055,0.02357059789710947,0.29542857142857143,102456.0
Fracture Case,2024-04-17 01:00:00+00:00,0.286,138544,-0.027210884353741527,0.6227701317715959,0.2948571428571429,104893.85714285714
Fracture Case,2024-04-18 01:00:00+00:00,0.282,98722,-0.013986013986013957,-0.2874321515186511,0.2931428571428571,103417.71428571429
Fracture Case,2024-04-19 01:00:00+00:00,0.283,123193,0.0035460992907800915,0.247877879297421,0.29057142857142854,103981.71428571429
Fracture Case,2024-04-20 01:00:00+00:00,0.285,120977,0.007067137809187329,-0.017988035034458116,0.2888571428571428,106674.42857142857
Fracture Case,2024-04-21 01:00:00+00:00,0.281,104438,-0.014035087719298067,-0.13671193697975648,0.28685714285714287,107808.28571428571
Fracture Case,2024-04-22 01:00:00+00:00,0.278,97055,-0.010676156583629859,-0.0706926597598575,0.28414285714285714,109757.71428571429
Fracture Case,2024-04-23 01:00:00+00:00,0.272,73028,-0.021582733812949617,-0.24756066148060374,0.28099999999999997,107993.85714285714
Fracture Case,2024-04-24 01:00:00+00:00,0.263,121767,-0.03308823529411764,0.667401544613025,0.2777142857142857,105597.14285714286
Fracture Case,2024-04-25 01:00:00+00:00,0.26,100939,-0.011406844106463865,-0.17104798508627128,0.2745714285714286,105913.85714285714
Fracture Case,2024-04-26 01:00:00+00:00,0.252,165908,-0.03076923076923077,0.6436461625338075,0.27014285714285713,112016.0
Fracture Case,2024-04-27 01:00:00+00:00,0.247,107619,-0.019841269841269882,-0.3513332690406732,0.26471428571428574,110107.71428571429
Fracture Case,2024-04-28 01:00:00+00:00,0.25,101905,0.012145748987854255,-0.05309471375872288,0.2602857142857143,109745.85714285714
Fracture Case,2024-04-29 01:00:00+00:00,0.252,81215,0.008000000000000007,-0.20303223590599084,0.25657142857142856,107483.0
Fracture Case,2024-04-30 01:00:00+00:00,0.251,91603,-0.003968253968253954,0.12790740626731512,0.25357142857142856,110136.57142857143
Fracture Case,2024-05-01 01:00:00+00:00,0.243,146536,-0.031872509960159445,0.5996855998166,0.2507142857142857,113675.0
Fracture Case,2024-05-02 01:00:00+00:00,0.246,104234,0.012345679012345734,-0.2886799148332151,0.24871428571428572,114145.71428571429
Fracture Case,2024-05-03 01:00:00+00:00,0.25,108341,0.016260162601626105,0.03940173072126174,0.24842857142857142,105921.85714285714
Fracture Case,2024-05-04 01:00:00+00:00,0.253,110045,0.01200000000000001,0.015728117702439537,0.2492857142857143,106268.42857142857
Fracture Case,2024-05-05 01:00:00+00:00,0.253,100718,0.0,-0.08475623608523786,0.24971428571428572,106098.85714285714
Fracture Case,2024-05-06 01:00:00+00:00,0.252,90464,-0.0039525691699604515,-0.1018090112988741,0.24971428571428572,107420.14285714286
Fracture Case,2024-05-07 01:00:00+00:00,0.25,95042,-0.007936507936507908,0.05060576582950116,0.24957142857142856,107911.42857142857
Fracture Case,2024-05-08 01:00:00+00:00,0.243,133986,-0.028000000000000025,0.4097556869594494,0.24957142857142856,106118.57142857143
Fracture Case,2024-05-09 01:00:00+00:00,0.24,104646,-0.012345679012345734,-0.21897810218978098,0.24871428571428572,106177.42857142857
Fracture Case,2024-05-10 01:00:00+00:00,0.245,105816,0.02083333333333326,0.01118055157387765,0.248,105816.71428571429
Fracture Case,2024-05-11 01:00:00+00:00,0.244,93549,-0.004081632653061273,-0.11592764799274213,0.24671428571428572,103460.14285714286
Fracture Case,2024-05-12 01:00:00+00:00,0.246,94170,0.008196721311475308,0.006638232370201669,0.24571428571428572,102524.71428571429
Fracture Case,2024-05-13 01:00:00+00:00,0.248,84385,0.008130081300812941,-0.10390782627163642,0.24514285714285713,101656.28571428571
Fracture Case,2024-05-14 01:00:00+00:00,0.244,92539,-0.016129032258064502,0.0966285477276767,0.24428571428571427,101298.71428571429
Fracture Case,2024-05-15 01:00:00+00:00,0.238,129718,-0.024590163934426257,0.4017657420114762,0.24357142857142858,100689.0
Fracture Case,2024-05-16 01:00:00+00:00,0.231,112933,-0.02941176470588225,-0.12939607456174163,0.24228571428571427,101872.85714285714
Fracture Case,2024-05-17 01:00:00+00:00,0.23,107154,-0.0043290043290042934,-0.05117193380145746,0.24014285714285716,102064.0
Fracture Case,2024-05-18 01:00:00+00:00,0.225,111948,-0.021739130434782594,0.04473934710790073,0.2374285714285714,104692.42857142857
Fracture Case,2024-05-19 01:00:00+00:00,0.221,108081,-0.01777777777777778,-0.034542823453746374,0.23385714285714285,106679.71428571429
Fracture Case,2024-05-20 01:00:00+00:00,0.213,112017,-0.03619909502262442,0.036417131595747554,0.22885714285714287,110627.14285714286
Fracture Case,2024-05-21 01:00:00+00:00,0.201,135461,-0.05633802816901401,0.20928966139068184,0.2227142857142857,116758.85714285714
Fracture Case,2024-05-22 01:00:00+00:00,0.187,145682,-0.06965174129353235,0.07545345154693961,0.21542857142857144,119039.42857142857
Fracture Case,2024-05-23 01:00:00+00:00,0.194,123735,0.03743315508021383,-0.15065004599058218,0.21014285714285713,120582.57142857143
Fracture Case,2024-05-24 01:00:00+00:00,0.208,132532,0.07216494845360821,0.07109548632157425,0.207,124208.0
Fracture Case,2024-05-25 01:00:00+00:00,0.212,98491,0.019230769230769162,-0.2568511755651466,0.20514285714285715,122285.57142857143
Fracture Case,2024-05-26 01:00:00+00:00,0.223,93963,0.051886792452830344,-0.04597374379384922,0.20542857142857143,120268.71428571429
Fracture Case,2024-05-27 01:00:00+00:00,0.22,82671,-0.013452914798206317,-0.12017496248523352,0.2064285714285714,116076.42857142857
Fracture Case,2024-05-28 01:00:00+00:00,0.211,79448,-0.040909090909090895,-0.03898585961219769,0.20785714285714288,108074.57142857143
Fracture Case,2024-05-29 01:00:00+00:00,0.202,151894,-0.04265402843601884,0.9118668814822273,0.21,108962.0
Fracture Case,2024-05-30 01:00:00+00:00,0.221,111405,0.09405940594059392,-0.26656089114777415,0.21385714285714288,107200.57142857143
Fracture Case,2024-05-31 01:00:00+00:00,0.224,97263,0.013574660633484115,-0.12694223778106906,0.21614285714285716,102162.14285714286
Fracture Case,2024-06-01 01:00:00+00:00,0.229,95578,0.022321428571428603,-0.01732416232277434,0.21857142857142858,101746.0
Fracture Case,2024-06-02 01:00:00+00:00,0.234,80881,0.02183406113537112,-0.15376969595513612,0.22014285714285717,99877.14285714286
Fracture Case,2024-06-03 01:00:00+00:00,0.244,77578,0.04273504273504258,-0.04083777401367439,0.2235714285714286,99149.57142857143
Fracture Case,2024-06-04 01:00:00+00:00,0.245,82261,0.004098360655737654,0.06036505194771724,0.22842857142857143,99551.42857142857
Fracture Case,2024-06-05 01:00:00+00:00,0.236,135626,-0.03673469387755102,0.6487278297127437,0.2332857142857143,97227.42857142857
Fracture Case,2024-06-06 01:00:00+00:00,0.227,121487,-0.03813559322033888,-0.10424992258121601,0.23414285714285715,98667.71428571429
Fracture Case,2024-06-07 01:00:00+00:00,0.224,96449,-0.013215859030836996,-0.20609612551137158,0.23414285714285715,98551.42857142857
Fracture Case,2024-06-08 01:00:00+00:00,0.217,117339,-0.03125,0.2165911518004333,0.23242857142857143,101660.14285714286
Fracture Case,2024-06-09 01:00:00+00:00,0.215,95670,-0.009216589861751112,-0.18467005854830876,0.2297142857142857,103772.85714285714
Fracture Case,2024-06-10 01:00:00+00:00,0.218,79564,0.013953488372093092,-0.16834953485941262,0.22599999999999998,104056.57142857143
Fracture Case,2024-06-11 01:00:00+00:00,0.215,84194,-0.013761467889908285,0.05819214720225219,0.22171428571428572,104332.71428571429
Fracture Case,2024-06-12 01:00:00+00:00,0.209,115859,-0.027906976744186074,0.37609568377794145,0.2178571428571429,101508.85714285714
Fracture Case,2024-06-13 01:00:00+00:00,0.209,96500,0.0,-0.16709103306605444,0.21528571428571427,97939.28571428571
Fracture Case,2024-06-14 01:00:00+00:00,0.209,99762,0.0,0.03380310880829018,0.21314285714285713,98412.57142857143
Fracture Case,2024-06-15 01:00:00+00:00,0.213,97132,0.019138755980861344,-0.02636274332912336,0.21257142857142858,95525.85714285714
Fracture Case,2024-06-16 01:00:00+00:00,0.217,89318,0.018779342723004744,-0.08044722645472147,0.21285714285714286,94618.42857142857
Fracture Case,2024-06-17 01:00:00+00:00,0.217,80927,0.0,-0.09394522940504713,0.21271428571428572,94813.14285714286
Fracture Case,2024-06-18 01:00:00+00:00,0.232,112525,0.06912442396313367,0.3904506530576939,0.21514285714285714,98860.42857142857
Fracture Case,2024-06-19 01:00:00+00:00,0.229,126368,-0.012931034482758674,0.12302155076649623,0.21799999999999997,100361.71428571429
Fracture Case,2024-06-20 01:00:00+00:00,0.229,114757,0.0,-0.09188243859204859,0.22085714285714286,102969.85714285714
Fracture Case,2024-06-21 01:00:00+00:00,0.23,92497,0.004366812227074135,-0.19397509520116418,0.22385714285714284,101932.0
Fracture Case,2024-06-22 01:00:00+00:00,0.23,94679,0.0,0.023589954268787183,0.22628571428571428,101581.57142857143
Fracture Case,2024-06-23 01:00:00+00:00,0.231,83576,0.004347826086956497,-0.1172699331425131,0.2282857142857143,100761.28571428571
Fracture Case,2024-06-24 01:00:00+00:00,0.228,77247,-0.012987012987012991,-0.0757274815736575,0.22985714285714284,100235.57142857143
Fracture Case,2024-06-25 01:00:00+00:00,0.234,76941,0.026315789473684292,-0.003961318886170351,0.23014285714285715,95152.14285714286
Fracture Case,2024-06-26 01:00:00+00:00,0.225,124157,-0.03846153846153855,0.61366501605126,0.2295714285714286,94836.28571428571
Fracture Case,2024-06-27 01:00:00+00:00,0.218,103546,-0.03111111111111109,-0.16600755495058672,0.228,93234.71428571429
Fracture Case,2024-06-28 01:00:00+00:00,0.214,128300,-0.01834862385321101,0.2390628319780581,0.22571428571428573,98349.42857142857
Fracture Case,2024-06-29 01:00:00+00:00,0.215,104039,0.004672897196261738,-0.1890958690568979,0.2235714285714286,99686.57142857143
Fracture Case,2024-06-30 01:00:00+00:00,0.218,113635,0.013953488372093092,0.09223464277818905,0.22171428571428572,103980.71428571429
Fracture Case,2024-07-01 01:00:00+00:00,0.218,89550,0.0,-0.21195054340652086,0.22028571428571428,105738.28571428571
Fracture Case,2024-07-02 01:00:00+00:00,0.217,94166,-0.004587155963302725,0.05154662199888338,0.2178571428571429,108199.0
Fracture Case,2024-07-03 01:00:00+00:00,0.213,127482,-0.018433179723502335,0.3538007348724592,0.21614285714285714,108674.0
Fracture Case,2024-07-04 01:00:00+00:00,0.219,111055,0.028169014084507005,-0.12885740732024908,0.21628571428571428,109746.71428571429
Fracture Case,2024-07-05 01:00:00+00:00,0.22,97567,0.004566210045662045,-0.12145333393363644,0.21714285714285714,105356.28571428571
Fracture Case,2024-07-06 01:00:00+00:00,0.225,98771,0.022727272727272707,0.012340237990304148,0.21857142857142858,104603.71428571429
Fracture Case,2024-07-07 01:00:00+00:00,0.223,96465,-0.008888888888888946,-0.02334693381660613,0.21928571428571428,102150.85714285714
Fracture Case,2024-07-08 01:00:00+00:00,0.223,88557,0.0,-0.0819779194526512,0.22,102009.0
Fracture Case,2024-07-09 01:00:00+00:00,0.226,90611,0.013452914798206317,0.023194100974513576,0.22128571428571428,101501.14285714286
Fracture Case,2024-07-10 01:00:00+00:00,0.215,134131,-0.04867256637168149,0.48029488693425737,0.22157142857142859,102451.0
Fracture Case,2024-07-11 01:00:00+00:00,0.212,103850,-0.013953488372092981,-0.22575690929017156,0.22057142857142858,101421.71428571429
Fracture Case,2024-07-12 01:00:00+00:00,0.225,88115,0.061320754716981174,-0.1515166104959076,0.22128571428571428,100071.42857142857
Fracture Case,2024-07-13 01:00:00+00:00,0.226,80012,0.004444444444444473,-0.09195937127617315,0.2214285714285714,97391.57142857143
Fracture Case,2024-07-14 01:00:00+00:00,0.225,73347,-0.004424778761061954,-0.08330000499925017,0.22171428571428572,94089.0
Fracture Case,2024-07-15 01:00:00+00:00,0.234,73380,0.040000000000000036,0.00044991615198974877,0.22328571428571428,91920.85714285714
Fracture Case,2024-07-16 01:00:00+00:00,0.234,74944,0.0,0.021313709457617902,0.22442857142857142,89682.71428571429
Fracture Case,2024-07-17 01:00:00+00:00,0.225,97274,-0.03846153846153855,0.29795580700256186,0.22585714285714284,84417.42857142857
Fracture Case,2024-07-18 01:00:00+00:00,0.228,89283,0.01333333333333342,-0.0821493924378559,0.22814285714285715,82336.42857142857
Fracture Case,2024-07-19 01:00:00+00:00,0.228,71260,0.0,-0.20186373665759438,0.2285714285714286,79928.57142857143
Fracture Case,2024-07-20 01:00:00+00:00,0.231,83185,0.013157894736842035,0.1673449340443447,0.22928571428571431,80381.85714285714
Fracture Case,2024-07-21 01:00:00+00:00,0.234,73084,0.012987012987013102,-0.1214281420929254,0.2305714285714286,80344.28571428571
Fracture Case,2024-07-22 01:00:00+00:00,0.235,64866,0.004273504273504258,-0.1124459526024848,0.23071428571428573,79128.0
Fracture Case,2024-07-23 01:00:00+00:00,0.239,74211,0.017021276595744705,0.1440662288409953,0.23142857142857146,79023.28571428571
Fracture Case,2024-07-24 01:00:00+00:00,0.229,102234,-0.041841004184100306,0.3776124833245744,0.232,79731.85714285714
Fracture Case,2024-07-25 01:00:00+00:00,0.231,91747,0.008733624454148492,-0.1025783985758163,0.23242857142857143,80083.85714285714
Fracture Case,2024-07-26 01:00:00+00:00,0.236,82827,0.021645021645021467,-0.09722388742956178,0.23357142857142857,81736.28571428571
Fracture Case,2024-07-27 01:00:00+00:00,0.241,81465,0.021186440677966045,-0.016443913216704686,0.23500000000000001,81490.57142857143
Fracture Case,2024-07-28 01:00:00+00:00,0.241,81603,0.0,0.0016939790093906115,0.236,82707.57142857143
Fracture Case,2024-07-29 01:00:00+00:00,0.242,75469,0.004149377593360981,-0.07516880506844115,0.23699999999999996,84222.28571428571
Fracture Case,2024-07-30 01:00:00+00:00,0.241,77455,-0.004132231404958664,0.02631544077700787,0.2372857142857143,84685.71428571429
Fracture Case,2024-07-31 01:00:00+00:00,0.237,118179,-0.016597510373444035,0.5257762571815894,0.2384285714285714,86963.57142857143
Fracture Case,2024-08-01 01:00:00+00:00,0.242,94802,0.021097046413502074,-0.19781010162550028,0.24,87400.0
Fracture Case,2024-08-02 01:00:00+00:00,0.244,102873,0.008264462809917328,0.08513533469758028,0.24114285714285713,90263.71428571429
Fracture Case,2024-08-03 01:00:00+00:00,0.247,91851,0.012295081967213184,-0.10714181563675595,0.242,91747.42857142857
Fracture Case,2024-08-04 01:00:00+00:00,0.254,109635,0.028340080971659853,0.19361792468236594,0.24385714285714286,95752.0
Fracture Case,2024-08-05 01:00:00+00:00,0.259,91935,0.019685039370078705,-0.16144479408947876,0.24628571428571427,98104.28571428571
Fracture Case,2024-08-06 01:00:00+00:00,0.256,75744,-0.01158301158301156,-0.17611355849241317,0.24842857142857142,97859.85714285714
Fracture Case,2024-08-07 01:00:00+00:00,0.245,106031,-0.04296875,0.39986005492184207,0.24957142857142858,96124.42857142857
Fracture Case,2024-08-08 01:00:00+00:00,0.243,98724,-0.008163265306122436,-0.06891380822589621,0.24971428571428572,96684.71428571429
Fracture Case,2024-08-09 01:00:00+00:00,0.252,94919,0.03703703703703698,-0.03854179328228191,0.25085714285714283,95548.42857142857
Fracture Case,2024-08-10 01:00:00+00:00,0.259,97287,0.0277777777777779,0.02494758688987453,0.25257142857142856,96325.0
Fracture Case,2024-08-11 01:00:00+00:00,0.266,96641,0.027027027027026973,-0.0066401471933557055,0.2542857142857143,94468.71428571429
Fracture Case,2024-08-12 01:00:00+00:00,0.275,101223,0.03383458646616555,0.04741258885980071,0.25657142857142856,95795.57142857143
Fracture Case,2024-08-13 01:00:00+00:00,0.272,90380,-0.010909090909090868,-0.10711992333758136,0.25885714285714284,97886.42857142857
Fracture Case,2024-08-14 01:00:00+00:00,0.257,130811,-0.05514705882352944,0.44734454525337464,0.26057142857142856,101426.42857142857
Fracture Case,2024-08-15 01:00:00+00:00,0.261,111140,0.015564202334630295,-0.1503772618510676,0.2631428571428572,103200.14285714286
Fracture Case,2024-08-16 01:00:00+00:00,0.264,97122,0.011494252873563315,-0.1261292064063344,0.26485714285714285,103514.85714285714
Fracture Case,2024-08-17 01:00:00+00:00,0.266,114776,0.007575757575757569,0.1817713803257759,0.26585714285714285,106013.28571428571
Fracture Case,2024-08-18 01:00:00+00:00,0.26,102120,-0.022556390977443663,-0.11026695476406212,0.265,106796.0
Fracture Case,2024-08-19 01:00:00+00:00,0.25,101580,-0.03846153846153855,-0.005287896592244379,0.26142857142857145,106847.0
Fracture Case,2024-08-20 01:00:00+00:00,0.249,100198,-0.0040000000000000036,-0.013605040362276055,0.2581428571428572,108249.57142857143
Fracture Case,2024-08-21 01:00:00+00:00,0.245,133738,-0.016064257028112428,0.3347372203037984,0.2564285714285714,108667.71428571429
Fracture Case,2024-08-22 01:00:00+00:00,0.245,107339,0.0,-0.1973934109976222,0.25414285714285717,108124.71428571429
Fracture Case,2024-08-23 01:00:00+00:00,0.246,103068,0.004081632653061273,-0.039789824760804504,0.2515714285714286,108974.14285714286
Fracture Case,2024-08-24 01:00:00+00:00,0.25,96124,0.016260162601626105,-0.06737299646835104,0.2492857142857143,106309.57142857143
Fracture Case,2024-08-25 01:00:00+00:00,0.249,88452,-0.0040000000000000036,-0.07981357413341106,0.24771428571428572,104357.0
Fracture Case,2024-08-26 01:00:00+00:00,0.256,87483,0.028112449799196915,-0.01095509428842767,0.24857142857142858,102343.14285714286
Fracture Case,2024-08-27 01:00:00+00:00,0.257,79063,0.00390625,-0.09624727089834595,0.24971428571428572,99323.85714285714
Fracture Case,2024-08-28 01:00:00+00:00,0.251,114649,-0.023346303501945553,0.45009675828137063,0.25057142857142856,96596.85714285714
Fracture Case,2024-08-29 01:00:00+00:00,0.249,91248,-0.007968127490039834,-0.20410993554239465,0.25114285714285717,94298.14285714286
Fracture Case,2024-08-30 01:00:00+00:00,0.259,101333,0.04016064257028118,0.11052297036647385,0.253,94050.28571428571
Fracture Case,2024-08-31 01:00:00+00:00,0.261,100661,0.007722007722007707,-0.006631600761844658,0.25457142857142856,94698.42857142857
Fracture Case,2024-09-01 01:00:00+00:00,0.262,92681,0.003831417624521105,-0.07927598573429628,0.25642857142857145,95302.57142857143
Fracture Case,2024-09-02 01:00:00+00:00,0.273,108598,0.041984732824427606,0.17173962300795198,0.25885714285714284,98319.0
Fracture Case,2024-09-03 01:00:00+00:00,0.278,98221,0.01831501831501825,-0.09555424593454764,0.26185714285714284,101055.85714285714
Fracture Case,2024-09-04 01:00:00+00:00,0.261,113069,-0.06115107913669071,0.1511693018804532,0.2632857142857143,100830.14285714286
Fracture Case,2024-09-05 01:00:00+00:00,0.266,89130,0.019157088122605304,-0.21172027699900065,0.26571428571428574,100527.57142857143
Fracture Case,2024-09-06 01:00:00+00:00,0.273,98118,0.026315789473684292,0.10084146751935386,0.26771428571428574,100068.28571428571
Fracture Case,2024-09-07 01:00:00+00:00,0.275,90683,0.0073260073260073,-0.07577610632096043,0.26971428571428574,98642.85714285714
Fracture Case,2024-09-08 01:00:00+00:00,0.279,93178,0.014545454545454639,0.027513425890188792,0.27214285714285713,98713.85714285714
Fracture Case,2024-09-09 01:00:00+00:00,0.287,97519,0.028673835125447855,0.04658825044538406,0.27414285714285713,97131.14285714286
Fracture Case,2024-09-10 01:00:00+00:00,0.286,84582,-0.0034843205574912606,-0.13266132753617244,0.2752857142857143,95182.71428571429
Fracture Case,2024-09-11 01:00:00+00:00,0.278,134361,-0.027972027972027802,0.5885294743562459,0.2777142857142857,98224.42857142857
Fracture Case,2024-09-12 01:00:00+00:00,0.284,120409,0.021582733812949506,-0.10383965585251675,0.2802857142857143,102692.85714285714
Fracture Case,2024-09-13 01:00:00+00:00,0.29,108605,0.021126760563380254,-0.0980325390959148,0.28271428571428575,104191.0
Fracture Case,2024-09-14 01:00:00+00:00,0.289,109307,-0.0034482758620689724,0.0064637908015283685,0.2847142857142857,106851.57142857143
Fracture Case,2024-09-15 01:00:00+00:00,0.294,105499,0.01730103806228378,-0.03483765907032488,0.28685714285714287,108611.71428571429
Fracture Case,2024-09-16 01:00:00+00:00,0.304,104925,0.03401360544217691,-0.005440809865496332,0.28928571428571426,109669.71428571429
Fracture Case,2024-09-17 01:00:00+00:00,0.308,108789,0.013157894736842035,0.03682630450321667,0.2924285714285714,113127.85714285714
Fracture Case,2024-09-18 01:00:00+00:00,0.299,138652,-0.02922077922077926,0.27450385608839123,0.29542857142857143,113740.85714285714
Fracture Case,2024-09-19 01:00:00+00:00,0.296,96182,-0.010033444816053505,-0.30630643625768106,0.29714285714285715,110279.85714285714
Fracture Case,2024-09-20 01:00:00+00:00,0.299,98770,0.010135135135135087,0.02690732153625408,0.29842857142857143,108874.85714285714
Fracture Case,2024-09-21 01:00:00+00:00,0.304,117185,0.01672240802675584,0.1864432519995951,0.3005714285714286,110000.28571428571
Fracture Case,2024-09-22 01:00:00+00:00,0.309,92164,0.016447368421052655,-0.21351708836455174,0.30271428571428566,108095.28571428571
Fracture Case,2024-09-23 01:00:00+00:00,0.315,88177,0.01941747572815533,-0.04325984115272774,0.30428571428571427,105702.71428571429
Fracture Case,2024-09-24 01:00:00+00:00,0.326,90678,0.03492063492063502,0.02836340542318294,0.3068571428571429,103115.42857142857
Fracture Case,2024-09-25 01:00:00+00:00,0.327,133725,0.0030674846625766694,0.47472374776682336,0.3108571428571429,102411.57142857143
Fracture Case,2024-09-26 01:00:00+00:00,0.33,90252,0.00917431192660545,-0.32509254066180593,0.3157142857142857,101564.42857142857
Fracture Case,2024-09-27 01:00:00+00:00,0.337,93802,0.021212121212121238,0.03933430838097762,0.3211428571428572,100854.71428571429
Fracture Case,2024-09-28 01:00:00+00:00,0.34,97263,0.008902077151335286,0.036896867870621186,0.32628571428571435,98008.71428571429
Fracture Case,2024-09-29 01:00:00+00:00,0.345,94012,0.014705882352941124,-0.0334248378108839,0.3314285714285714,98272.71428571429
Fracture Case,2024-09-30 01:00:00+00:00,0.349,88591,0.011594202898550732,-0.05766285155086581,0.3362857142857143,98331.85714285714
Fracture Case,2024-10-01 01:00:00+00:00,0.357,94583,0.022922636103151817,0.06763666738156249,0.3407142857142857,98889.71428571429
Fracture Case,2024-10-02 01:00:00+00:00,0.345,136021,-0.03361344537815125,0.4381125572248712,0.3432857142857143,99217.71428571429
Fracture Case,2024-10-03 01:00:00+00:00,0.265,242528,-0.2318840579710144,0.7830187985678683,0.334,120971.42857142857
Fracture Case,2024-10-04 01:00:00+00:00,0.286,121053,0.07924528301886768,-0.5008700026388706,0.3267142857142857,124864.42857142857
Fracture Case,2024-10-05 01:00:00+00:00,0.303,102912,0.05944055944055959,-0.1498599786870214,0.32142857142857145,125671.42857142857
Fracture Case,2024-10-06 01:00:00+00:00,0.306,86262,0.00990099009900991,-0.16178871268656714,0.31585714285714284,124564.28571428571
Fracture Case,2024-10-07 01:00:00+00:00,0.309,73607,0.009803921568627416,-0.14670422665831995,0.3101428571428571,122423.71428571429
Fracture Case,2024-10-08 01:00:00+00:00,0.304,68902,-0.016181229773462813,-0.0639205510345483,0.30257142857142855,118755.0
Fracture Case,2024-10-09 01:00:00+00:00,0.283,100323,-0.06907894736842113,0.45602449856317673,0.2937142857142857,113655.28571428571
Fracture Case,2024-10-10 01:00:00+00:00,0.276,98470,-0.02473498233215532,-0.0184703407992185,0.2952857142857143,93075.57142857143
Fracture Case,2024-10-11 01:00:00+00:00,0.276,105949,0.0,0.075952066619275,0.2938571428571429,90917.85714285714
Fracture Case,2024-10-12 01:00:00+00:00,0.28,99702,0.01449275362318847,-0.05896233093280734,0.29057142857142854,90459.28571428571
Fracture Case,2024-10-13 01:00:00+00:00,0.279,90680,-0.0035714285714285587,-0.09048965918436946,0.28671428571428575,91090.42857142857
Fracture Case,2024-10-14 01:00:00+00:00,0.284,80845,0.017921146953404854,-0.1084583149536833,0.28314285714285714,92124.42857142857
Fracture Case,2024-10-15 01:00:00+00:00,0.286,74270,0.007042253521126751,-0.08132846805615679,0.2805714285714286,92891.28571428571
Fracture Case,2024-10-16 01:00:00+00:00,0.279,111477,-0.024475524475524257,0.5009694358421974,0.27999999999999997,94484.71428571429
Fracture Case,2024-10-17 01:00:00+00:00,0.272,88192,-0.02508960573476704,-0.20887716748746377,0.2794285714285714,93016.42857142857
Fracture Case,2024-10-18 01:00:00+00:00,0.276,90596,0.014705882352941124,0.027258708272859256,0.2794285714285714,90823.14285714286
Fracture Case,2024-10-19 01:00:00+00:00,0.278,93407,0.007246376811594235,0.031027859949666725,0.2791428571428572,89923.85714285714
Fracture Case,2024-10-20 01:00:00+00:00,0.275,89430,-0.010791366906474864,-0.04257710878199705,0.2785714285714286,89745.28571428571
Fracture Case,2024-10-21 01:00:00+00:00,0.277,78288,0.0072727272727273196,-0.12458906407245895,0.2775714285714286,89380.0
Fracture Case,2024-10-22 01:00:00+00:00,0.279,82249,0.0072202166064982976,0.05059523809523814,0.2765714285714286,90519.85714285714
Fracture Case,2024-10-23 01:00:00+00:00,0.27,113993,-0.032258064516129004,0.3859499811547862,0.2752857142857143,90879.28571428571
Fracture Case,2024-10-24 01:00:00+00:00,0.273,99442,0.011111111111111072,-0.1276481889238813,0.27542857142857147,92486.42857142857
Fracture Case,2024-10-25 01:00:00+00:00,0.281,103107,0.029304029304029422,0.03685565455240236,0.27614285714285713,94273.71428571429
Fracture Case,2024-10-26 01:00:00+00:00,0.275,84361,-0.02135231316725983,-0.181811128245415,0.27571428571428575,92981.42857142857
Fracture Case,2024-10-27 01:00:00+00:00,0.277,87318,0.0072727272727273196,0.03505174191865912,0.276,92679.71428571429
Fracture Case,2024-10-28 01:00:00+00:00,0.278,70696,0.0036101083032491488,-0.1903616665521427,0.2761428571428572,91595.14285714286
Fracture Case,2024-10-29 01:00:00+00:00,0.279,82408,0.003597122302158251,0.1656670815887744,0.2761428571428572,91617.85714285714
Fracture Case,2024-10-30 01:00:00+00:00,0.28,123642,0.0035842293906809264,0.5003640423259879,0.2775714285714286,92996.28571428571
Fracture Case,2024-10-31 01:00:00+00:00,0.281,106393,0.0035714285714285587,-0.1395076106824542,0.27871428571428575,93989.28571428571
Fracture Case,2024-11-01 01:00:00+00:00,0.288,93238,0.02491103202846956,-0.12364535260778431,0.27971428571428575,92579.42857142857
Fracture Case,2024-11-02 01:00:00+00:00,0.293,100554,0.01736111111111116,0.07846586155859203,0.2822857142857143,94892.71428571429
Fracture Case,2024-11-03 01:00:00+00:00,0.305,109371,0.04095563139931735,0.0876842293692941,0.2862857142857143,98043.14285714286
Fracture Case,2024-11-04 01:00:00+00:00,0.311,79129,0.01967213114754096,-0.27650839802141336,0.291,99247.85714285714
Fracture Case,2024-11-05 01:00:00+00:00,0.32,90914,0.02893890675241151,0.14893401913331394,0.2968571428571429,100463.0
Fracture Case,2024-11-06 01:00:00+00:00,0.31,109196,-0.03125,0.20109114107838177,0.3011428571428571,98399.28571428571
Fracture Case,2024-11-07 01:00:00+00:00,0.302,86068,-0.02580645161290329,-0.21180263013297196,0.30414285714285716,95495.71428571429
Fracture Case,2024-11-08 01:00:00+00:00,0.304,78059,0.0066225165562914245,-0.09305432913510248,0.30642857142857144,93327.28571428571
Fracture Case,2024-11-09 01:00:00+00:00,0.307,77808,0.009868421052631637,-0.0032155164683124182,0.3084285714285714,90077.85714285714
Fracture Case,2024-11-10 01:00:00+00:00,0.305,71132,-0.006514657980456029,-0.08580094591815757,0.3084285714285714,84615.14285714286
Fracture Case,2024-11-11 01:00:00+00:00,0.303,62763,-0.006557377049180357,-0.1176545014901873,0.30728571428571433,82277.14285714286
Fracture Case,2024-11-12 01:00:00+00:00,0.309,61972,0.01980198019801982,-0.012602966716058872,0.3057142857142857,78142.57142857143
Fracture Case,2024-11-13 01:00:00+00:00,0.294,92430,-0.04854368932038844,0.49148002323630036,0.30342857142857144,75747.42857142857
Fracture Case,2024-11-14 01:00:00+00:00,0.293,97115,-0.003401360544217691,0.050687006383209,0.3021428571428571,77325.57142857143
Fracture Case,2024-11-15 01:00:00+00:00,0.293,86448,0.0,-0.10983885084693401,0.3005714285714286,78524.0
Fracture Case,2024-11-16 01:00:00+00:00,0.293,87971,0.0,0.017617527299648383,0.29857142857142854,79975.85714285714
Fracture Case,2024-11-17 01:00:00+00:00,0.292,78285,-0.0034129692832765013,-0.11010446624455783,0.2967142857142857,80997.71428571429
Fracture Case,2024-11-18 01:00:00+00:00,0.291,65420,-0.003424657534246589,-0.16433544101679765,0.295,81377.28571428571
Fracture Case,2024-11-19 01:00:00+00:00,0.294,68497,0.010309278350515427,0.047034546010394473,0.2928571428571428,82309.42857142857
Fracture Case,2024-11-20 01:00:00+00:00,0.286,113487,-0.027210884353741527,0.6568170868797174,0.2917142857142857,85317.57142857143
Fracture Case,2024-11-21 01:00:00+00:00,0.288,99378,0.006993006993007089,-0.12432260963810837,0.291,85640.85714285714
Fracture Case,2024-11-22 01:00:00+00:00,0.287,81751,-0.00347222222222221,-0.17737326168769751,0.2901428571428571,84969.85714285714
Fracture Case,2024-11-23 01:00:00+00:00,0.288,95204,0.0034843205574912606,0.16456067815684206,0.2894285714285714,86003.14285714286
Fracture Case,2024-11-24 01:00:00+00:00,0.292,93550,0.01388888888888884,-0.017373219612621282,0.2894285714285714,88183.85714285714
Fracture Case,2024-11-25 01:00:00+00:00,0.298,69131,0.020547945205479534,-0.2610261892036344,0.2904285714285714,88714.0
Fracture Case,2024-11-26 01:00:00+00:00,0.297,65560,-0.003355704697986628,-0.051655552501772006,0.2908571428571428,88294.42857142857
Fracture Case,2024-11-27 01:00:00+00:00,0.284,115723,-0.043771043771043794,0.7651464307504576,0.29057142857142854,88613.85714285714
Fracture Case,2024-11-28 01:00:00+00:00,0.276,169715,-0.028169014084506894,0.4665623946838571,0.2888571428571428,98662.0
Fracture Case,2024-11-29 01:00:00+00:00,0.284,123863,0.02898550724637672,-0.27017058009015116,0.2884285714285714,104678.0
Fracture Case,2024-11-30 01:00:00+00:00,0.283,100505,-0.0035211267605633756,-0.18857931747172274,0.2877142857142857,105435.28571428571
Fracture Case,2024-12-01 01:00:00+00:00,0.284,86672,0.0035335689045936647,-0.1376349435351475,0.28657142857142853,104452.71428571429
Fracture Case,2024-12-02 01:00:00+00:00,0.285,72351,0.0035211267605634866,-0.16523213956064242,0.2847142857142857,104912.71428571429
Fracture Case,2024-12-03 01:00:00+00:00,0.285,70664,0.0,-0.023316885737584836,0.283,105641.85714285714
Fracture Case,2024-12-04 01:00:00+00:00,0.279,108827,-0.021052631578947212,0.5400628325597192,0.2822857142857143,104656.71428571429
Fracture Case,2024-12-05 01:00:00+00:00,0.285,84417,0.02150537634408578,-0.22430095472630873,0.28357142857142853,92471.28571428571
Fracture Case,2024-12-06 01:00:00+00:00,0.287,83112,0.007017543859649145,-0.015458971534169641,0.284,86649.71428571429
Fracture Case,2024-12-07 01:00:00+00:00,0.289,80401,0.006968641114982521,-0.032618635094811776,0.2848571428571428,83777.71428571429
Fracture Case,2024-12-08 01:00:00+00:00,0.289,79949,0.0,-0.005621820624121643,0.2855714285714286,82817.28571428571
Fracture Case,2024-12-09 01:00:00+00:00,0.292,61960,0.01038062283737018,-0.2250059412875708,0.28657142857142853,81332.85714285714
Fracture Case,2024-12-10 01:00:00+00:00,0.293,65730,0.003424657534246478,0.06084570690768243,0.2877142857142857,80628.0
Fracture Case,2024-12-11 01:00:00+00:00,0.284,102766,-0.030716723549488067,0.56345656473452,0.2884285714285714,79762.14285714286
Fracture Case,2024-12-12 01:00:00+00:00,0.285,84353,0.0035211267605634866,-0.1791740458906642,0.28842857142857137,79753.0
Fracture Case,2024-12-13 01:00:00+00:00,0.288,92246,0.010526315789473717,0.0935710644553247,0.2885714285714286,81057.85714285714
Fracture Case,2024-12-14 01:00:00+00:00,0.289,91728,0.003472222222222321,-0.005615419638791974,0.2885714285714286,82676.0
Fracture Case,2024-12-15 01:00:00+00:00,0.288,91450,-0.0034602076124568004,-0.0030306994592709247,0.28842857142857137,84319.0
Fracture Case,2024-12-16 01:00:00+00:00,0.295,90102,0.02430555555555558,-0.014740295243302337,0.2888571428571428,88339.28571428571
Fracture Case,2024-12-17 01:00:00+00:00,0.297,73346,0.006779661016949268,-0.18596701516059577,0.2894285714285714,89427.28571428571
Fracture Case,2024-12-18 01:00:00+00:00,0.286,109869,-0.03703703703703709,0.49795489869931564,0.2897142857142857,90442.0
Fracture Case,2024-12-19 01:00:00+00:00,0.281,112241,-0.01748251748251728,0.021589347313619056,0.28914285714285715,94426.0
Fracture Case,2024-12-20 01:00:00+00:00,0.286,117012,0.017793594306049654,0.04250674887073358,0.2888571428571428,97964.0
Fracture Case,2024-12-21 01:00:00+00:00,0.285,108946,-0.0034965034965035446,-0.06893310087854232,0.28828571428571426,100423.71428571429
Fracture Case,2024-12-22 01:00:00+00:00,0.286,97267,0.0035087719298245723,-0.10719989719677636,0.288,101254.71428571429
Fracture Case,2024-12-23 01:00:00+00:00,0.287,88399,0.0034965034965035446,-0.09117172319491706,0.28685714285714287,101011.42857142857
Fracture Case,2024-12-24 01:00:00+00:00,0.295,92237,0.027874564459930307,0.04341678073281363,0.28657142857142853,103710.14285714286
Fracture Case,2024-12-25 01:00:00+00:00,0.294,133240,-0.003389830508474634,0.44453960991792885,0.2877142857142857,107048.85714285714
Fracture Case,2024-12-26 01:00:00+00:00,0.294,115320,0.0,-0.1344941459021315,0.28957142857142854,107488.71428571429
Fracture Case,2024-12-27 01:00:00+00:00,0.297,114491,0.010204081632652962,-0.007188692334373914,0.2911428571428571,107128.57142857143
Fracture Case,2024-12-28 01:00:00+00:00,0.299,105323,0.006734006734006703,-0.08007616319186661,0.29314285714285715,106611.0
Fracture Case,2024-12-29 01:00:00+00:00,0.3,93632,0.0033444816053511683,-0.11100139570654088,0.2951428571428571,106091.71428571429
Fracture Case,2024-12-30 01:00:00+00:00,0.309,101124,0.030000000000000027,0.0800153793574847,0.2982857142857143,107909.57142857143
Fracture Case,2024-12-31 01:00:00+00:00,0.315,105285,0.01941747572815533,0.04114750207665829,0.30114285714285716,109773.57142857143
Fracture Case,2025-01-01 01:00:00+00:00,0.312,141334,-0.00952380952380949,0.3423944531509713,0.3037142857142857,110929.85714285714
Fracture Case,2025-01-02 01:00:00+00:00,0.309,114230,-0.009615384615384581,-0.19177268031754569,0.3058571428571429,110774.14285714286
Fracture Case,2025-01-03 01:00:00+00:00,0.313,101325,0.012944983818770295,-0.11297382473956052,0.30814285714285716,108893.28571428571
Fracture Case,2025-01-04 01:00:00+00:00,0.323,104133,0.03194888178913735,0.02771280532938558,0.31157142857142855,108723.28571428571
Fracture Case,2025-01-05 01:00:00+00:00,0.329,102700,0.018575851393188847,-0.013761247635235674,0.3157142857142857,110018.71428571429
Fracture Case,2025-01-06 01:00:00+00:00,0.342,103317,0.03951367781155013,0.006007789678675657,0.32042857142857145,110332.0
Fracture Case,2025-01-07 01:00:00+00:00,0.348,84984,0.01754385964912264,-0.17744417666018175,0.3251428571428572,107431.85714285714
Fracture Case,2025-01-08 01:00:00+00:00,0.346,130913,-0.005747126436781658,0.5404429069001224,0.33,105943.14285714286
Fracture Case,2025-01-09 01:00:00+00:00,0.35,107563,0.011560693641618602,-0.17836272944627352,0.33585714285714285,104990.71428571429
Fracture Case,2025-01-10 01:00:00+00:00,0.364,114298,0.040000000000000036,0.0626144678002658,0.34314285714285714,106844.0
Fracture Case,2025-01-11 01:00:00+00:00,0.373,114125,0.024725274725274637,-0.0015135872893663471,0.35028571428571426,108271.42857142857
Fracture Case,2025-01-12 01:00:00+00:00,0.383,102187,0.02680965147453085,-0.10460460021905804,0.35800000000000004,108198.14285714286
Fracture Case,2025-01-13 01:00:00+00:00,0.387,80049,0.010443864229765065,-0.21664203861547948,0.36442857142857144,104874.14285714286
Fracture Case,2025-01-14 01:00:00+00:00,0.386,79809,-0.0025839793281653423,-0.0029981636247797816,0.36985714285714283,104134.85714285714
Fracture Case,2025-01-15 01:00:00+00:00,0.356,131339,-0.07772020725388606,0.6456665288375998,0.37128571428571433,104195.71428571429
Fracture Case,2025-01-16 01:00:00+00:00,0.346,103113,-0.028089887640449507,-0.21490950898057704,0.37071428571428566,103560.0
Fracture Case,2025-01-17 01:00:00+00:00,0.355,99786,0.026011560693641744,-0.03226557272118935,0.3694285714285714,101486.85714285714
Fracture Case,2025-01-18 01:00:00+00:00,0.357,108760,0.005633802816901401,0.08993245545467299,0.36714285714285716,100720.42857142857
Fracture Case,2025-01-19 01:00:00+00:00,0.367,101737,0.02801120448179284,-0.06457337256344242,0.3648571428571429,100656.14285714286
Fracture Case,2025-01-20 01:00:00+00:00,0.37,84882,0.008174386920980936,-0.16567227262451223,0.36242857142857143,101346.57142857143
Fracture Case,2025-01-21 01:00:00+00:00,0.369,78232,-0.002702702702702675,-0.07834405409863099,0.36,101121.28571428571
Fracture Case,2025-01-22 01:00:00+00:00,0.353,118214,-0.04336043360433606,0.511069639022395,0.3595714285714285,99246.28571428571
Fracture Case,2025-01-23 01:00:00+00:00,0.351,105322,-0.005665722379603388,-0.10905645693403487,0.3602857142857143,99561.85714285714
Fracture Case,2025-01-24 01:00:00+00:00,0.36,103460,0.025641025641025772,-0.01767911737338823,0.36100000000000004,100086.71428571429
Fracture Case,2025-01-25 01:00:00+00:00,0.363,99762,0.008333333333333304,-0.03574328242799152,0.3618571428571428,98801.28571428571
Fracture Case,2025-01-26 01:00:00+00:00,0.361,91461,-0.005509641873278293,-0.0832080351235942,0.36099999999999993,97333.28571428571
Fracture Case,2025-01-27 01:00:00+00:00,0.367,81263,0.016620498614958512,-0.11150107696176514,0.3605714285714286,96816.28571428571
Fracture Case,2025-01-28 01:00:00+00:00,0.377,87616,0.027247956403269713,0.07817826070905576,0.3617142857142857,98156.85714285714
Fracture Case,2025-01-29 01:00:00+00:00,0.352,131256,-0.0663129973474802,0.49808254200146096,0.3615714285714286,100020.0
Fracture Case,2025-01-30 01:00:00+00:00,0.349,104568,-0.008522727272727293,-0.20332784786981162,0.36128571428571427,99912.28571428571
Fracture Case,2025-01-31 01:00:00+00:00,0.365,111241,0.045845272206303855,0.06381493382296677,0.362,101023.85714285714
Fracture Case,2025-02-01 01:00:00+00:00,0.373,112140,0.021917808219177992,0.00808155266493471,0.3634285714285714,102792.14285714286
Fracture Case,2025-02-02 01:00:00+00:00,0.377,107248,0.01072386058981234,-0.043624041376850387,0.3657142857142857,105047.42857142857
Fracture Case,2025-02-03 01:00:00+00:00,0.389,88591,0.03183023872679058,-0.1739612859913472,0.36885714285714283,106094.28571428571
Fracture Case,2025-02-04 01:00:00+00:00,0.389,89302,0.0,0.008025645945976434,0.37057142857142855,106335.14285714286
Fracture Case,2025-02-05 01:00:00+00:00,0.39,146656,0.0025706940874035134,0.6422476540279054,0.376,108535.14285714286
Fracture Case,2025-02-06 01:00:00+00:00,0.4,123131,0.025641025641025772,-0.1604093934104298,0.38328571428571434,111187.0
Fracture Case,2025-02-07 01:00:00+00:00,0.408,120246,0.019999999999999796,-0.02343033029862507,0.3894285714285714,112473.42857142857
Fracture Case,2025-02-08 01:00:00+00:00,0.425,121921,0.04166666666666674,0.013929777289888978,0.3968571428571428,113870.71428571429
Fracture Case,2025-02-09 01:00:00+00:00,0.443,104074,0.042352941176470704,-0.14638167337866326,0.40628571428571425,113417.28571428571
Fracture Case,2025-02-10 01:00:00+00:00,0.461,88343,0.040632054176072296,-0.15115206487691446,0.41657142857142865,113381.85714285714
Fracture Case,2025-02-11 01:00:00+00:00,0.474,89039,0.02819956616052055,0.007878383120337729,0.4287142857142857,113344.28571428571
Fracture Case,2025-02-12 01:00:00+00:00,0.445,131655,-0.06118143459915604,0.47862172755758703,0.43657142857142855,111201.28571428571
Fracture Case,2025-02-13 01:00:00+00:00,0.443,114957,-0.004494382022471877,-0.126831491397972,0.4427142857142857,110033.57142857143
Fracture Case,2025-02-14 01:00:00+00:00,0.465,108781,0.04966139954853288,-0.053724436093495864,0.4508571428571429,108395.71428571429
Fracture Case,2025-02-15 01:00:00+00:00,0.478,117188,0.027956989247311714,0.07728371682554869,0.45842857142857135,107719.57142857143
Fracture Case,2025-02-16 01:00:00+00:00,0.483,106084,0.010460251046025215,-0.09475372905075607,0.46414285714285713,108006.71428571429
Fracture Case,2025-02-17 01:00:00+00:00,0.494,98672,0.022774327122153215,-0.06986916028807355,0.46885714285714286,109482.28571428571
Fracture Case,2025-02-18 01:00:00+00:00,0.505,93220,0.022267206477732726,-0.05525377006648291,0.4732857142857143,110079.57142857143
Fracture Case,2025-02-19 01:00:00+00:00,0.473,132935,-0.06336633663366342,0.4260351855824931,0.47728571428571426,110262.42857142857
Fracture Case,2025-02-20 01:00:00+00:00,0.477,115421,0.008456659619450413,-0.13174859893933122,0.48214285714285715,110328.71428571429
Fracture Case,2025-02-21 01:00:00+00:00,0.504,116386,0.05660377358490565,0.008360696926902333,0.48771428571428566,111415.14285714286
Fracture Case,2025-02-22 01:00:00+00:00,0.533,123417,0.05753968253968256,0.06041104600209657,0.4955714285714286,112305.0
Fracture Case,2025-02-23 01:00:00+00:00,0.54,105187,0.013133208255159401,-0.14771060712867756,0.5037142857142858,112176.85714285714
Fracture Case,2025-02-24 01:00:00+00:00,0.544,79843,0.007407407407407307,-0.24094232176980046,0.5108571428571429,109487.0
Fracture Case,2025-02-25 01:00:00+00:00,0.533,91455,-0.020220588235294157,0.14543541700587403,0.5148571428571429,109234.85714285714
Fracture Case,2025-02-26 01:00:00+00:00,0.502,139728,-0.05816135084427776,0.5278333606691816,0.519,110205.28571428571
Fracture Case,2025-02-27 01:00:00+00:00,0.504,116952,0.003984063745019917,-0.16300240467193405,0.5228571428571429,110424.0
Fracture Case,2025-02-28 01:00:00+00:00,0.521,126536,0.03373015873015883,0.08194814966823993,0.5252857142857144,111874.0
Fracture Case,2025-03-01 01:00:00+00:00,0.524,134693,0.0057581573896352545,0.06446386799013726,0.524,113484.85714285714
Fracture Case,2025-03-02 01:00:00+00:00,0.525,118056,0.001908396946564972,-0.12351792595012356,0.5218571428571429,115323.28571428571
Fracture Case,2025-03-03 01:00:00+00:00,0.527,104842,0.003809523809523707,-0.11192993155790476,0.5194285714285715,118894.57142857143
Fracture Case,2025-03-04 01:00:00+00:00,0.522,91061,-0.009487666034155628,-0.13144541309780433,0.5178571428571429,118838.28571428571
Fracture Case,2025-03-05 01:00:00+00:00,0.498,143027,-0.04597701149425293,0.5706724064088908,0.5172857142857143,119309.57142857143
Fracture Case,2025-03-06 01:00:00+00:00,0.496,115007,-0.004016064257028162,-0.195907066497934,0.5161428571428571,119031.71428571429
Fracture Case,2025-03-07 01:00:00+00:00,0.509,117745,0.02620967741935476,0.023807246515429537,0.5144285714285715,117775.85714285714
Fracture Case,2025-03-08 01:00:00+00:00,0.517,119626,0.015717092337917515,0.01597520064546276,0.5134285714285715,115623.42857142857
Fracture Case,2025-03-09 01:00:00+00:00,0.515,111686,-0.003868471953578312,-0.06637353083777775,0.512,114713.42857142857
Fracture Case,2025-03-10 01:00:00+00:00,0.509,94865,-0.011650485436893177,-0.15060974517844672,0.5094285714285715,113288.14285714286
Fracture Case,2025-03-11 01:00:00+00:00,0.502,89418,-0.013752455795677854,-0.057418436725873656,0.5065714285714286,113053.42857142857
Fracture Case,2025-03-12 01:00:00+00:00,0.473,134676,-0.057768924302788904,0.5061397034154198,0.503,111860.42857142857
Fracture Case,2025-03-13 01:00:00+00:00,0.456,112056,-0.03594080338266381,-0.16795865633074936,0.4972857142857143,111438.85714285714
Fracture Case,2025-03-14 01:00:00+00:00,0.44,131003,-0.03508771929824561,0.1690851003069893,0.48742857142857143,113332.85714285714
Fracture Case,2025-03-15 01:00:00+00:00,0.432,138472,-0.018181818181818188,0.057013961512331734,0.47528571428571426,116025.14285714286
Fracture Case,2025-03-16 01:00:00+00:00,0.44,119247,0.0185185185185186,-0.1388367323357791,0.4645714285714285,117105.28571428571
Fracture Case,2025-03-17 01:00:00+00:00,0.445,90177,0.011363636363636465,-0.24377971772874785,0.45542857142857146,116435.57142857143
Fracture Case,2025-03-18 01:00:00+00:00,0.438,90753,-0.01573033707865168,0.006387438038524262,0.44628571428571423,116626.28571428571
Fracture Case,2025-03-19 01:00:00+00:00,0.415,134056,-0.05251141552511418,0.4771522704483597,0.438,116537.71428571429
Fracture Case,2025-03-20 01:00:00+00:00,0.409,108620,-0.014457831325301207,-0.18974160052515365,0.43128571428571433,116046.85714285714
Fracture Case,2025-03-21 01:00:00+00:00,0.419,101027,0.02444987775061125,-0.06990425336033879,0.4282857142857143,111764.57142857143
Fracture Case,2025-03-22 01:00:00+00:00,0.418,106974,-0.0023866348448687846,0.058865451809912095,0.42628571428571427,107264.85714285714
Fracture Case,2025-03-23 01:00:00+00:00,0.414,102254,-0.009569377990430672,-0.04412287097799461,0.42257142857142854,104837.28571428571
Fracture Case,2025-03-24 01:00:00+00:00,0.417,84138,0.007246376811594235,-0.17716666340681053,0.41857142857142854,103974.57142857143
Fracture Case,2025-03-25 01:00:00+00:00,0.422,94218,0.011990407673860837,0.11980318048919636,0.4162857142857143,104469.57142857143
Fracture Case,2025-03-26 01:00:00+00:00,0.401,125629,-0.04976303317535535,0.33338640174913503,0.41428571428571426,103265.71428571429
Fracture Case,2025-03-27 01:00:00+00:00,0.403,105380,0.004987531172069737,-0.16118093752238738,0.41342857142857137,102802.85714285714
Fracture Case,2025-03-28 01:00:00+00:00,0.414,110798,0.027295285359801413,0.05141393053710375,0.4127142857142857,104198.71428571429
Fracture Case,2025-03-29 01:00:00+00:00,0.42,109563,0.01449275362318847,-0.011146410585028632,0.413,104568.57142857143
Fracture Case,2025-03-30 01:00:00+00:00,0.423,101659,0.0071428571428571175,-0.07214114253899584,0.41428571428571426,104483.57142857143
Fracture Case,2025-03-31 01:00:00+00:00,0.419,102104,-0.009456264775413725,0.004377379277781701,0.4145714285714286,107050.14285714286
Fracture Case,2025-04-01 01:00:00+00:00,0.358,215854,-0.14558472553699287,1.1140601739402962,0.4054285714285714,124426.71428571429
Fracture Case,2025-04-02 01:00:00+00:00,0.349,154062,-0.025139664804469275,-0.28626756974621737,0.398,128488.57142857143
Fracture Case,2025-04-03 01:00:00+00:00,0.354,110767,0.014326647564469885,-0.28102322441614414,0.391,129258.14285714286
Fracture Case,2025-04-04 01:00:00+00:00,0.368,116629,0.039548022598870025,0.05292189912157963,0.3844285714285714,130091.14285714286
Fracture Case,2025-04-05 01:00:00+00:00,0.378,114334,0.02717391304347827,-0.019677781683800744,0.37842857142857145,130772.71428571429
Fracture Case,2025-04-06 01:00:00+00:00,0.379,104686,0.002645502645502562,-0.0843843476131334,0.37214285714285716,131205.14285714287
Fracture Case,2025-04-07 01:00:00+00:00,0.371,89473,-0.02110817941952503,-0.14532029115641065,0.36528571428571427,129400.71428571429
Fracture Case,2025-04-08 01:00:00+00:00,0.359,95494,-0.03234501347708896,0.06729404401327765,0.3654285714285714,112206.42857142857
Fracture Case,2025-04-09 01:00:00+00:00,0.337,137633,-0.06128133704735361,0.44127379730663696,0.36371428571428577,109859.42857142857
Fracture Case,2025-04-10 01:00:00+00:00,0.34,118416,0.008902077151335286,-0.1396249445990424,0.3617142857142857,110952.14285714286
Fracture Case,2025-04-11 01:00:00+00:00,0.346,127380,0.01764705882352935,0.07569922983380617,0.3585714285714286,112488.0
Fracture Case,2025-04-12 01:00:00+00:00,0.352,116575,0.01734104046242768,-0.08482493327052909,0.35485714285714287,112808.14285714286
Fracture Case,2025-04-13 01:00:00+00:00,0.351,114839,-0.0028409090909090606,-0.014891700621917248,0.35085714285714287,114258.57142857143
Fracture Case,2025-04-14 01:00:00+00:00,0.346,106538,-0.014245014245014231,-0.0722838060240859,0.3472857142857143,116696.42857142857
Fracture Case,2025-04-15 01:00:00+00:00,0.341,97412,-0.01445086705202292,-0.08565957686459291,0.3447142857142857,116970.42857142857
Fracture Case,2025-04-16 01:00:00+00:00,0.332,122180,-0.02639296187683282,0.25426025541001107,0.344,114762.85714285714
Fracture Case,2025-04-17 01:00:00+00:00,0.332,105233,0.0,-0.13870518906531348,0.34285714285714286,112879.57142857143
Fracture Case,2025-04-18 01:00:00+00:00,0.333,115777,0.003012048192771122,0.10019670635637112,0.341,111222.0
Fracture Case,2025-04-19 01:00:00+00:00,0.333,104691,0.0,-0.09575304248684968,0.33828571428571425,109524.28571428571
Fracture Case,2025-04-20 01:00:00+00:00,0.332,104170,-0.0030030030030030463,-0.004976550037730121,0.3355714285714286,108000.14285714286
Fracture Case,2025-04-21 01:00:00+00:00,0.327,81236,-0.015060240963855387,-0.2201593549006432,0.33285714285714285,104385.57142857143
Fracture Case,2025-04-22 01:00:00+00:00,0.322,75720,-0.015290519877675823,-0.06790093062189173,0.3301428571428572,101286.71428571429
Fracture Case,2025-04-23 01:00:00+00:00,0.303,119759,-0.05900621118012428,0.5816032752245113,0.326,100940.85714285714
Fracture Case,2025-04-24 01:00:00+00:00,0.3,95604,-0.00990099009900991,-0.20169674095475076,0.32142857142857145,99565.28571428571
Fracture Case,2025-04-25 01:00:00+00:00,0.307,105949,0.023333333333333428,0.10820676959123054,0.3177142857142857,98161.28571428571
Fracture Case,2025-04-26 01:00:00+00:00,0.307,103605,0.0,-0.022123852042020165,0.314,98006.14285714286
Fracture Case,2025-04-27 01:00:00+00:00,0.317,104391,0.032573289902280145,0.0075865064427391715,0.31185714285714283,98037.71428571429
Fracture Case,2025-04-28 01:00:00+00:00,0.318,75952,0.003154574132492094,-0.2724276997059133,0.31057142857142855,97282.85714285714
Fracture Case,2025-04-29 01:00:00+00:00,0.324,89649,0.018867924528301883,0.1803375816305035,0.3108571428571429,99272.71428571429
Fracture Case,2025-04-30 01:00:00+00:00,0.316,119257,-0.024691358024691357,0.33026581445414904,0.3127142857142857,99201.0
Fracture Case,2025-05-01 01:00:00+00:00,0.319,125240,0.009493670886076,0.05016896282817784,0.31542857142857145,103434.71428571429
Fracture Case,2025-05-02 01:00:00+00:00,0.329,112088,0.03134796238244508,-0.10501437240498246,0.31857142857142856,104311.71428571429
Fracture Case,2025-05-03 01:00:00+00:00,0.343,141816,0.042553191489361764,0.265220184141032,0.32371428571428573,109770.42857142857
Fracture Case,2025-05-04 01:00:00+00:00,0.359,132914,0.046647230320699506,-0.0627714785355672,0.3297142857142857,113845.14285714286
Fracture Case,2025-05-05 01:00:00+00:00,0.379,116300,0.055710306406685284,-0.12499811908452085,0.3384285714285714,119609.14285714286
Fracture Case,2025-05-06 01:00:00+00:00,0.378,97263,-0.0026385224274406704,-0.1636887360275151,0.34614285714285714,120696.85714285714
Fracture Case,2025-05-07 01:00:00+00:00,0.359,123770,-0.050264550264550345,0.2725291220710857,0.35228571428571426,121341.57142857143
Fracture Case,2025-05-08 01:00:00+00:00,0.352,111358,-0.01949860724233987,-0.10028278258059309,0.35699999999999993,119358.42857142857
Fracture Case,2025-05-09 01:00:00+00:00,0.354,108721,0.005681818181818121,-0.023680382190772065,0.3605714285714286,118877.42857142857
Fracture Case,2025-05-10 01:00:00+00:00,0.361,100120,0.019774011299435124,-0.0791107513727799,0.36314285714285716,112920.85714285714
Fracture Case,2025-05-11 01:00:00+00:00,0.362,90248,0.0027700831024930483,-0.09860167798641628,0.36357142857142855,106825.71428571429
Fracture Case,2025-05-12 01:00:00+00:00,0.363,82919,0.0027624309392264568,-0.08120955589043521,0.36128571428571427,102057.0
Fracture Case,2025-05-13 01:00:00+00:00,0.358,85343,-0.01377410468319562,0.029233348207286625,0.35842857142857143,100354.14285714286
Fracture Case,2025-05-14 01:00:00+00:00,0.351,114902,-0.019553072625698387,0.34635529568916024,0.35728571428571426,99087.28571428571
Fracture Case,2025-05-15 01:00:00+00:00,0.357,104994,0.017094017094017033,-0.08623000469965714,0.35800000000000004,98178.14285714286
Fracture Case,2025-05-16 01:00:00+00:00,0.363,102098,0.01680672268907557,-0.02758252852543952,0.3592857142857143,97232.0
Fracture Case,2025-05-17 01:00:00+00:00,0.371,112683,0.02203856749311295,0.10367490058571183,0.3607142857142857,99026.71428571429
Fracture Case,2025-05-18 01:00:00+00:00,0.383,110768,0.03234501347708907,-0.016994577709148695,0.36371428571428577,101958.14285714286
Fracture Case,2025-05-19 01:00:00+00:00,0.389,93208,0.015665796344647598,-0.15852953921710244,0.3674285714285714,103428.0
Fracture Case,2025-05-20 01:00:00+00:00,0.384,85695,-0.01285347043701801,-0.0806046691271135,0.3711428571428571,103478.28571428571
Fracture Case,2025-05-21 01:00:00+00:00,0.37,121481,-0.03645833333333337,0.4175972927241962,0.37385714285714283,104418.14285714286
Fracture Case,2025-05-22 01:00:00+00:00,0.378,108847,0.021621621621621623,-0.10399980243824136,0.37685714285714284,104968.57142857143
Fracture Case,2025-05-23 01:00:00+00:00,0.359,133987,-0.050264550264550345,0.23096640238132427,0.3762857142857143,109524.14285714286
Fracture Case,2025-05-24 01:00:00+00:00,0.362,118622,0.008356545961002881,-0.11467530432056838,0.375,110372.57142857143
Fracture Case,2025-05-25 01:00:00+00:00,0.369,111116,0.01933701657458564,-0.0632766265954039,0.37299999999999994,110422.28571428571
Fracture Case,2025-05-26 01:00:00+00:00,0.374,107480,0.013550135501354976,-0.03272256020735087,0.3708571428571429,112461.14285714286
Fracture Case,2025-05-27 01:00:00+00:00,0.369,103025,-0.013368983957219305,-0.04144957201339783,0.36871428571428566,114936.85714285714
Fracture Case,2025-05-28 01:00:00+00:00,0.368,127382,-0.0027100271002710175,0.2364183450618782,0.36842857142857144,115779.85714285714
Fracture Case,2025-05-29 01:00:00+00:00,0.381,118193,0.03532608695652173,-0.07213735064608817,0.36885714285714283,117115.0
Fracture Case,2025-05-30 01:00:00+00:00,0.388,115767,0.018372703412073532,-0.02052575025593728,0.37299999999999994,114512.14285714286
Fracture Case,2025-05-31 01:00:00+00:00,0.394,117726,0.015463917525773141,0.01692192075461918,0.37757142857142856,114384.14285714286
Fracture Case,2025-06-01 01:00:00+00:00,0.402,112255,0.020304568527918843,-0.046472317075242464,0.3822857142857143,114546.85714285714
Fracture Case,2025-06-02 01:00:00+00:00,0.406,89379,0.00995024875621886,-0.20378602289430314,0.3868571428571429,111961.0
Fracture Case,2025-06-03 01:00:00+00:00,0.408,83646,0.004926108374384119,-0.06414258382841609,0.39242857142857146,109192.57142857143
Fracture Case,2025-06-04 01:00:00+00:00,0.4,117843,-0.019607843137254832,0.40883006957893975,0.39699999999999996,107829.85714285714
Fracture Case,2025-06-05 01:00:00+00:00,0.401,101807,0.0024999999999999467,-0.13607935982620945,0.3998571428571429,105489.0
Fracture Case,2025-06-06 01:00:00+00:00,0.406,104046,0.012468827930174564,0.021992593829500917,0.40242857142857147,103814.57142857143
Fracture Case,2025-06-07 01:00:00+00:00,0.405,108214,-0.0024630541871921707,0.04005920458258849,0.404,102455.71428571429
Fracture Case,2025-06-08 01:00:00+00:00,0.416,100684,0.027160493827160348,-0.06958434213687692,0.406,100802.71428571429
Fracture Case,2025-06-09 01:00:00+00:00,0.417,82772,0.0024038461538462563,-0.17790314250526396,0.40757142857142853,99858.85714285714
Fracture Case,2025-06-10 01:00:00+00:00,0.42,84773,0.007194244604316502,0.024174841733919594,0.4092857142857143,100019.85714285714
Fracture Case,2025-06-11 01:00:00+00:00,0.41,117171,-0.023809523809523836,0.3821735694147901,0.4107142857142857,99923.85714285714
Fracture Case,2025-06-12 01:00:00+00:00,0.41,98530,0.0,-0.15909226685784028,0.412,99455.71428571429
Fracture Case,2025-06-13 01:00:00+00:00,0.42,114675,0.024390243902439046,0.1638587232315032,0.41400000000000003,100974.14285714286
Fracture Case,2025-06-14 01:00:00+00:00,0.441,97485,0.050000000000000044,-0.1499018966644866,0.4191428571428571,99441.42857142857
Fracture Case,2025-06-15 01:00:00+00:00,0.454,94573,0.02947845804988658,-0.02987126224547365,0.42457142857142854,98568.42857142857
Fracture Case,2025-06-16 01:00:00+00:00,0.464,77688,0.022026431718061623,-0.1785393294069132,0.43128571428571433,97842.14285714286
Fracture Case,2025-06-17 01:00:00+00:00,0.455,74087,-0.0193965517241379,-0.04635207496653282,0.43628571428571433,96315.57142857143
Fracture Case,2025-06-18 01:00:00+00:00,0.431,108522,-0.05274725274725278,0.46479139390176405,0.43928571428571433,95080.0
Fracture Case,2025-06-19 01:00:00+00:00,0.438,92515,0.016241299303944245,-0.14750004607360723,0.4432857142857142,94220.71428571429
Fracture Case,2025-06-20 01:00:00+00:00,0.441,89154,0.006849315068493178,-0.03632924390639358,0.4462857142857143,90574.85714285714
Fracture Case,2025-06-21 01:00:00+00:00,0.449,93845,0.018140589569161092,0.052616820333355685,0.44742857142857145,90054.85714285714
Fracture Case,2025-06-22 01:00:00+00:00,0.449,90396,0.0,-0.03675209121423628,0.4467142857142857,89458.14285714286
Fracture Case,2025-06-23 01:00:00+00:00,0.451,79142,0.00445434298440972,-0.12449665914420993,0.44485714285714284,89665.85714285714
Fracture Case,2025-06-24 01:00:00+00:00,0.442,72859,-0.019955654101995624,-0.07938894645068362,0.443,89490.42857142857
Fracture Case,2025-06-25 01:00:00+00:00,0.417,111214,-0.0565610859728507,0.5264277577238228,0.44099999999999995,89875.0
Fracture Case,2025-06-26 01:00:00+00:00,0.418,108542,0.0023980815347721673,-0.024025752153505886,0.43814285714285717,92164.57142857143
Fracture Case,2025-06-27 01:00:00+00:00,0.422,125512,0.009569377990430672,0.15634500930515371,0.43542857142857144,97358.57142857143
Fracture Case,2025-06-28 01:00:00+00:00,0.439,116126,0.04028436018957349,-0.07478169418063607,0.43400000000000005,100541.57142857143
Fracture Case,2025-06-29 01:00:00+00:00,0.45,117315,0.02505694760820054,0.01023887845960414,0.43414285714285716,104387.14285714286
Fracture Case,2025-06-30 01:00:00+00:00,0.465,117571,0.03333333333333344,0.0021821591441844035,0.4361428571428571,109877.0
Fracture Case,2025-07-01 01:00:00+00:00,0.477,120530,0.02580645161290307,0.025167770963928193,0.44114285714285717,116687.14285714286
Fracture Case,2025-07-02 01:00:00+00:00,0.482,149608,0.01048218029350112,0.2412511407948228,0.45042857142857146,122172.0
Fracture Case,2025-07-03 01:00:00+00:00,0.494,136363,0.02489626556016611,-0.08853136195925349,0.4612857142857143,126146.42857142857
Fracture Case,2025-07-04 01:00:00+00:00,0.512,143356,0.036437246963562764,0.05128223931711684,0.47414285714285714,128695.57142857143
Fracture Case,2025-07-05 01:00:00+00:00,0.536,127111,0.046875,-0.11331928904266297,0.488,130264.85714285714
Fracture Case,2025-07-06 01:00:00+00:00,0.544,129543,0.014925373134328401,0.01913288385741585,0.5014285714285714,132011.7142857143
Fracture Case,2025-07-07 01:00:00+00:00,0.563,111561,0.03492647058823506,-0.13881105115675874,0.5154285714285713,131153.14285714287
Fracture Case,2025-07-08 01:00:00+00:00,0.567,102801,0.007104795737122638,-0.0785220641622072,0.5282857142857142,128620.42857142857
Fracture Case,2025-07-09 01:00:00+00:00,0.533,131543,-0.059964726631393184,0.2795887199540861,0.5355714285714286,126039.71428571429
Fracture Case,2025-07-10 01:00:00+00:00,0.531,109320,-0.0037523452157598447,-0.16894095466881554,0.5408571428571428,122176.42857142857
Fracture Case,2025-07-11 01:00:00+00:00,0.569,118672,0.07156308851224091,0.08554701792901565,0.549,118650.14285714286
Fracture Case,2025-07-12 01:00:00+00:00,0.601,125856,0.05623901581722324,0.06053660509640024,0.5582857142857143,118470.85714285714
Fracture Case,2025-07-13 01:00:00+00:00,0.608,125099,0.011647254575707144,-0.006014810577167573,0.5674285714285714,117836.0
Fracture Case,2025-07-14 01:00:00+00:00,0.608,97055,0.0,-0.22417445383256462,0.573857142857143,115763.71428571429
Fracture Case,2025-07-15 01:00:00+00:00,0.613,102579,0.008223684210526327,0.05691618154654576,0.5804285714285714,115732.0
Fracture Case,2025-07-16 01:00:00+00:00,0.575,157222,-0.06199021207177824,0.5326918765049378,0.5864285714285714,119400.42857142857
Fracture Case,2025-07-17 01:00:00+00:00,0.571,128465,-0.006956521739130417,-0.18290697230667463,0.5921428571428571,122135.42857142857
Fracture Case,2025-07-18 01:00:00+00:00,0.58,122904,0.015761821366024442,-0.043288055112287394,0.5937142857142856,122740.0
Fracture Case,2025-07-19 01:00:00+00:00,0.603,132040,0.03965517241379324,0.07433443988804278,0.594,123623.42857142857
Fracture Case,2025-07-20 01:00:00+00:00,0.605,134560,0.0033167495854062867,0.019085125719478846,0.5935714285714286,124975.0
Fracture Case,2025-07-21 01:00:00+00:00,0.596,114137,-0.014876033057851235,-0.15177615933412603,0.5918571428571429,127415.28571428571
Fracture Case,2025-07-22 01:00:00+00:00,0.565,103393,-0.052013422818791955,-0.09413248990248557,0.585,127531.57142857143
Fracture Case,2025-07-23 01:00:00+00:00,0.549,120351,-0.028318584070796238,0.16401497200003878,0.5812857142857143,122264.28571428571
Fracture Case,2025-07-24 01:00:00+00:00,0.545,118513,-0.007285974499089298,-0.015271996078138117,0.5775714285714286,120842.57142857143
Fracture Case,2025-07-25 01:00:00+00:00,0.55,129223,0.00917431192660545,0.09036983284534195,0.5732857142857143,121745.28571428571
Fracture Case,2025-07-26 01:00:00+00:00,0.56,121540,0.0181818181818183,-0.059455360113911615,0.5671428571428572,120245.28571428571
Fracture Case,2025-07-27 01:00:00+00:00,0.564,116471,0.0071428571428568954,-0.041706434095770906,0.5612857142857143,117661.14285714286
Fracture Case,2025-07-28 01:00:00+00:00,0.562,105165,-0.0035460992907799804,-0.09707137399009191,0.5564285714285715,116379.42857142857
Fracture Case,2025-07-29 01:00:00+00:00,0.546,106347,-0.028469750889679735,0.01123948081586068,0.5537142857142857,116801.42857142857
Fracture Case,2025-07-30 01:00:00+00:00,0.513,130778,-0.06043956043956045,0.22972909437971922,0.5485714285714286,118291.0
Fracture Case,2025-07-31 01:00:00+00:00,0.523,114487,0.01949317738791434,-0.12456988178439798,0.5454285714285715,117715.85714285714
Fracture Case,2025-08-01 01:00:00+00:00,0.529,115296,0.01147227533460815,0.007066304471250007,0.5424285714285715,115726.28571428571
Fracture Case,2025-08-02 01:00:00+00:00,0.542,116874,0.02457466918714557,0.013686511240632804,0.5398571428571429,115059.71428571429
Fracture Case,2025-08-03 01:00:00+00:00,0.543,122418,0.0018450184501845879,0.047435699984598845,0.5368571428571428,115909.28571428571
Fracture Case,2025-08-04 01:00:00+00:00,0.546,100455,0.005524861878453136,-0.1794098907023477,0.5345714285714286,115236.42857142857
Fracture Case,2025-08-05 01:00:00+00:00,0.542,103408,-0.0073260073260073,0.029396247075805126,0.534,114816.57142857143
Fracture Case,2025-08-06 01:00:00+00:00,0.525,124014,-0.03136531365313655,0.19926891536438185,0.5357142857142858,113850.28571428571
Fracture Case,2025-08-07 01:00:00+00:00,0.527,107226,0.003809523809523707,-0.13537181285983846,0.5362857142857144,112813.0
Fracture Case,2025-08-08 01:00:00+00:00,0.536,111104,0.017077798861480087,0.03616660138399275,0.5372857142857143,112214.14285714286
Fracture Case,2025-08-09 01:00:00+00:00,0.539,109931,0.005597014925373234,-0.010557675691244217,0.5368571428571428,111222.28571428571
Fracture Case,2025-08-10 01:00:00+00:00,0.538,109446,-0.0018552875695733162,-0.004411858347508901,0.5361428571428571,109369.14285714286
Fracture Case,2025-08-11 01:00:00+00:00,0.539,96683,0.0018587360594795044,-0.11661458618862275,0.5351428571428573,108830.28571428571
Fracture Case,2025-08-12 01:00:00+00:00,0.538,95846,-0.0018552875695733162,-0.00865715792848798,0.5345714285714286,107750.0
Fracture Case,2025-08-13 01:00:00+00:00,0.507,120378,-0.05762081784386619,0.2559522567451955,0.532,107230.57142857143
Fracture Case,2025-08-14 01:00:00+00:00,0.508,101210,0.0019723865877712132,-0.1592317533104055,0.5292857142857142,106371.14285714286
Fracture Case,2025-08-15 01:00:00+00:00,0.501,108123,-0.013779527559055094,0.06830352731943479,0.5242857142857144,105945.28571428571
Fracture Case,2025-08-16 01:00:00+00:00,0.506,100860,0.009980039920159722,-0.06717349685080876,0.5195714285714287,104649.42857142857
Fracture Case,2025-08-17 01:00:00+00:00,0.508,98501,0.0039525691699604515,-0.0233888558397779,0.5152857142857143,103085.85714285714
Fracture Case,2025-08-18 01:00:00+00:00,0.504,84991,-0.007874015748031482,-0.13715596795971619,0.5102857142857143,101415.57142857143
Fracture Case,2025-08-19 01:00:00+00:00,0.495,89034,-0.017857142857142905,0.04756974267863656,0.5041428571428571,100442.42857142857
Fracture Case,2025-08-20 01:00:00+00:00,0.471,132528,-0.048484848484848575,0.4885100074128985,0.499,102178.14285714286
Fracture Case,2025-08-21 01:00:00+00:00,0.47,106700,-0.002123142250530785,-0.19488711819389115,0.4935714285714286,102962.42857142857
Fracture Case,2025-08-22 01:00:00+00:00,0.476,109029,0.012765957446808418,0.02182755388940949,0.48999999999999994,103091.85714285714
Fracture Case,2025-08-23 01:00:00+00:00,0.482,113458,0.012605042016806678,0.04062221977638969,0.48657142857142854,104891.57142857143
Fracture Case,2025-08-24 01:00:00+00:00,0.489,112465,0.014522821576763434,-0.008752137354792078,0.4838571428571428,106886.42857142857
Fracture Case,2025-08-25 01:00:00+00:00,0.489,97661,0.0,-0.1316320633085849,0.4817142857142857,108696.42857142857
Fracture Case,2025-08-26 01:00:00+00:00,0.486,92849,-0.006134969325153339,-0.049272483386408106,0.4804285714285714,109241.42857142857
Fracture Case,2025-08-27 01:00:00+00:00,0.466,119974,-0.04115226337448552,0.29214100313412095,0.4797142857142857,107448.0
Fracture Case,2025-08-28 01:00:00+00:00,0.471,104131,0.010729613733905463,-0.13205361161585005,0.4798571428571428,107081.0
Fracture Case,2025-08-29 01:00:00+00:00,0.483,112538,0.02547770700636942,0.08073484361045224,0.48085714285714287,107582.28571428571
Fracture Case,2025-08-30 01:00:00+00:00,0.491,122227,0.016563146997929712,0.08609536334393719,0.48214285714285715,108835.0
Fracture Case,2025-08-31 01:00:00+00:00,0.496,109716,0.010183299389002087,-0.1023587259770754,0.48314285714285715,108442.28571428571
Fracture Case,2025-09-01 01:00:00+00:00,0.498,97268,0.0040322580645162365,-0.11345656057457432,0.4844285714285714,108386.14285714286
Fracture Case,2025-09-02 01:00:00+00:00,0.497,92046,-0.002008032128514081,-0.05368672122383522,0.48600000000000004,108271.42857142857
Fracture Case,2025-09-03 01:00:00+00:00,0.48,119398,-0.03420523138832998,0.2971557699411165,0.488,108189.14285714286
Fracture Case,2025-09-04 01:00:00+00:00,0.478,106890,-0.004166666666666652,-0.10475887368297632,0.489,108583.28571428571
Fracture Case,2025-09-05 01:00:00+00:00,0.486,103230,0.01673640167364021,-0.0342408083076059,0.48942857142857144,107253.57142857143
Fracture Case,2025-09-06 01:00:00+00:00,0.492,109440,0.012345679012345734,0.06015693112467302,0.4895714285714286,105426.85714285714
Fracture Case,2025-09-07 01:00:00+00:00,0.496,105691,0.008130081300812941,-0.034256213450292394,0.4895714285714286,104851.85714285714
Fracture Case,2025-09-08 01:00:00+00:00,0.501,91768,0.010080645161290258,-0.1317330709331921,0.49000000000000005,104066.14285714286
Fracture Case,2025-09-09 01:00:00+00:00,0.498,95459,-0.005988023952095856,0.0402209920669514,0.49014285714285716,104553.71428571429
Fracture Case,2025-09-10 01:00:00+00:00,0.487,137818,-0.02208835341365467,0.4437402445028755,0.4911428571428571,107185.14285714286
Fracture Case,2025-09-11 01:00:00+00:00,0.486,134721,-0.002053388090349051,-0.022471665529901763,0.4922857142857143,111161.0
Fracture Case,2025-09-12 01:00:00+00:00,0.504,141105,0.03703703703703698,0.04738682165363972,0.49485714285714283,116571.71428571429
Fracture Case,2025-09-13 01:00:00+00:00,0.517,146061,0.025793650793650924,0.035122780907834494,0.4984285714285714,121803.28571428571
Fracture Case,2025-09-14 01:00:00+00:00,0.52,119520,0.005802707930367523,-0.18171175056996736,0.5018571428571429,123778.85714285714
Fracture Case,2025-09-15 01:00:00+00:00,0.518,105357,-0.0038461538461538325,-0.11849899598393576,0.5042857142857143,125720.14285714286
Fracture Case,2025-09-16 01:00:00+00:00,0.528,109311,0.019305019305019266,0.03752954241293893,0.5085714285714286,127699.0
Fracture Case,2025-09-17 01:00:00+00:00,0.761,752222,0.4412878787878787,5.881484937471984,0.5477142857142857,215471.0
Fracture Case,2025-09-18 01:00:00+00:00,0.941,432903,0.2365308804204993,-0.42450101166942733,0.6127142857142857,258068.42857142858
Fracture Case,2025-09-19 01:00:00+00:00,0.864,193766,-0.08182784272051002,-0.5524031942490581,0.6641428571428571,265591.4285714286
Fracture Case,2025-09-20 01:00:00+00:00,0.83,168141,-0.03935185185185186,-0.1322471434617012,0.7088571428571429,268745.71428571426
Fracture Case,2025-09-21 01:00:00+00:00,0.804,135223,-0.031325301204819134,-0.19577616405278908,0.7494285714285714,270989.0
Fracture Case,2025-09-22 01:00:00+00:00,0.76,120003,-0.054726368159204064,-0.11255481685807889,0.784,273081.28571428574
Fracture Case,2025-09-23 01:00:00+00:00,0.701,124015,-0.0776315789473685,0.03343249752089528,0.8087142857142856,275181.85714285716
Fracture Case,2025-09-24 01:00:00+00:00,0.696,135706,-0.007132667617689048,0.09427085433213733,0.7994285714285713,187108.14285714287
Fracture Case,2025-09-25 01:00:00+00:00,0.683,129524,-0.01867816091954011,-0.04555436016093617,0.7625714285714286,143768.2857142857
Fracture Case,2025-09-26 01:00:00+00:00,0.668,133353,-0.02196193265007318,0.029562088879281134,0.7345714285714285,135137.85714285713
Fracture Case,2025-09-27 01:00:00+00:00,0.67,118701,0.0029940119760478723,-0.1098737936154417,0.7117142857142857,128075.0
Fracture Case,2025-09-28 01:00:00+00:00,0.662,122021,-0.011940298507462699,0.027969435809302334,0.6914285714285715,126189.0
Fracture Case,2025-09-29 01:00:00+00:00,0.65,106385,-0.01812688821752262,-0.12814187721785597,0.6757142857142856,124243.57142857143
Fracture Case,2025-09-30 01:00:00+00:00,0.635,102947,-0.023076923076923106,-0.03231658598486631,0.6662857142857144,121233.85714285714
Fracture Case,2025-10-01 01:00:00+00:00,0.63,104763,-0.007874015748031482,0.017640144928944057,0.6568571428571428,116813.42857142857
Fracture Case,2025-10-02 01:00:00+00:00,0.646,120428,0.02539682539682553,0.14952798220745867,0.6515714285714286,115514.0
Fracture Case,2025-10-03 01:00:00+00:00,0.7,164907,0.0835913312693497,0.36934101703922684,0.6561428571428571,120021.71428571429
Fracture Case,2025-10-04 01:00:00+00:00,0.755,123299,0.07857142857142874,-0.2523119091366649,0.6682857142857143,120678.57142857143
Fracture Case,2025-10-05 01:00:00+00:00,0.767,97278,0.015894039735099286,-0.21103983000673165,0.6832857142857144,117143.85714285714
Fracture Case,2025-10-06 01:00:00+00:00,0.754,83356,-0.016949152542372947,-0.1431156068175744,0.6981428571428571,113854.0
Fracture Case,2025-10-07 01:00:00+00:00,0.77,79653,0.021220159151193574,-0.04442391669465906,0.7174285714285714,110526.28571428571
Fracture Case,2025-10-08 01:00:00+00:00,0.778,80948,0.010389610389610393,0.016258019158098325,0.7385714285714285,107124.14285714286
Fracture Case,2025-10-09 01:00:00+00:00,0.775,82925,-0.003856041131105381,0.02442308642585367,0.757,101766.57142857143
Fracture Case,2025-10-10 01:00:00+00:00,0.774,88898,-0.001290322580645209,0.07202894181489294,0.7675714285714286,90908.14285714286
Fracture Case,2025-10-11 01:00:00+00:00,0.79,79958,0.02067183462532296,-0.10056469211905783,0.7725714285714286,84716.57142857143
Fracture Case,2025-10-12 01:00:00+00:00,0.786,79833,-0.005063291139240533,-0.001563320743390273,0.7752857142857142,82224.42857142857
Fracture Case,2025-10-13 01:00:00+00:00,0.788,70742,0.0025445292620864812,-0.11387521451029026,0.7801428571428571,80422.42857142857
Fracture Case,2025-10-14 01:00:00+00:00,0.785,62498,-0.0038071065989847552,-0.1165361454298719,0.7822857142857143,77971.71428571429
Fracture Case,2025-10-15 01:00:00+00:00,0.782,70779,-0.003821656050955413,0.13250024000768024,0.7828571428571429,76519.0
Fracture Case,2025-10-16 01:00:00+00:00,0.783,76312,0.0012787723785165905,0.07817290439254587,0.784,75574.28571428571
Fracture Case,2025-10-17 01:00:00+00:00,0.778,82419,-0.0063856960408684715,0.08002673236188285,0.7845714285714286,74648.71428571429
Fracture Case,2025-10-18 01:00:00+00:00,0.771,80487,-0.00899742930591263,-0.023441196811414877,0.7818571428571428,74724.28571428571
Fracture Case,2025-10-19 01:00:00+00:00,0.763,68972,-0.01037613488975353,-0.14306658218097335,0.7785714285714285,73172.71428571429
Fracture Case,2025-10-20 01:00:00+00:00,0.743,64133,-0.026212319790301475,-0.0701589050629241,0.7721428571428571,72228.57142857143
Fracture Case,2025-10-21 01:00:00+00:00,0.738,63927,-0.006729475100942128,-0.0032120749068342835,0.7654285714285715,72432.71428571429
Fracture Case,2025-10-22 01:00:00+00:00,0.727,69427,-0.01490514905149054,0.08603563439548245,0.7575714285714286,72239.57142857143
Fracture Case,2025-10-23 01:00:00+00:00,0.667,366909,-0.08253094910591463,4.284817146067092,0.7409999999999999,113753.42857142857
Fracture Case,2025-10-24 01:00:00+00:00,0.594,420645,-0.10944527736131948,0.1464559332150479,0.7147142857142857,162071.42857142858
Fracture Case,2025-10-25 01:00:00+00:00,0.672,237034,0.1313131313131315,-0.4364987103139226,0.7005714285714285,184435.2857142857
Fracture Case,2025-10-26 01:00:00+00:00,0.707,179529,0.05208333333333326,-0.24260232709231588,0.6925714285714287,200229.14285714287
Fracture Case,2025-10-27 01:00:00+00:00,0.688,137503,-0.026874115983026914,-0.23409031409967196,0.6847142857142857,210710.57142857142
Fracture Case,2025-10-28 01:00:00+00:00,0.662,104730,-0.03779069767441845,-0.23834389067874884,0.6738571428571428,216539.57142857142
Fracture Case,2025-10-29 01:00:00+00:00,0.622,96544,-0.06042296072507558,-0.0781628950634966,0.6588571428571429,220413.42857142858
Fracture Case,2025-10-30 01:00:00+00:00,0.643,146769,0.0337620578778135,0.5202291183294663,0.6554285714285715,188964.85714285713
Fracture Case,2025-10-31 01:00:00+00:00,0.681,159255,0.059097978227060644,0.08507246080575603,0.6678571428571428,151623.42857142858
Fracture Case,2025-11-01 01:00:00+00:00,0.687,149091,0.008810572687224738,-0.06382217198832063,0.67,139060.14285714287
Fracture Case,2025-11-02 01:00:00+00:00,0.701,136686,0.020378457059679667,-0.0832042175584039,0.6691428571428572,132939.7142857143
Fracture Case,2025-11-03 01:00:00+00:00,0.711,124232,0.014265335235378096,-0.09111393997922246,0.6724285714285714,131043.85714285714
Fracture Case,2025-11-04 01:00:00+00:00,0.719,106038,0.011251758087201136,-0.14645179985832957,0.6805714285714286,131230.7142857143
Fracture Case,2025-11-05 01:00:00+00:00,0.727,95721,0.011126564673157091,-0.09729530922876706,0.6955714285714285,131113.14285714287
Fracture Case,2025-11-06 01:00:00+00:00,0.735,89873,0.011004126547455195,-0.061094221748623556,0.7087142857142857,122985.14285714286
Fracture Case,2025-11-07 01:00:00+00:00,0.752,98222,0.023129251700680253,0.09289775572196324,0.7188571428571429,114266.14285714286
Fracture Case,2025-11-08 01:00:00+00:00,0.756,96095,0.005319148936170137,-0.021655026368837982,0.7287142857142858,106695.28571428571
Fracture Case,2025-11-09 01:00:00+00:00,0.752,86611,-0.005291005291005346,-0.09869400072844581,0.736,99541.71428571429
Fracture Case,2025-11-10 01:00:00+00:00,0.742,68554,-0.013297872340425565,-0.2084839108196418,0.7404285714285714,91587.71428571429
Fracture Case,2025-11-11 01:00:00+00:00,0.726,68394,-0.021563342318059342,-0.0023339265396621345,0.7414285714285713,86210.0
Fracture Case,2025-11-12 01:00:00+00:00,0.716,66941,-0.01377410468319562,-0.021244553615814232,0.7398571428571429,82098.57142857143
Fracture Case,2025-11-13 01:00:00+00:00,0.649,93338,-0.09357541899441335,0.3943323224929416,0.7275714285714285,82593.57142857143
Fracture Case,2025-11-14 01:00:00+00:00,0.696,68874,0.07241910631741133,-0.2621011806552529,0.7195714285714285,78401.0
Fracture Case,2025-11-15 01:00:00+00:00,0.692,66943,-0.005747126436781658,-0.028036704707146365,0.7104285714285714,74236.42857142857
Fracture Case,2025-11-16 01:00:00+00:00,0.678,65582,-0.02023121387283222,-0.020330729127765457,0.6998571428571428,71232.28571428571
Fracture Case,2025-11-17 01:00:00+00:00,0.672,59108,-0.008849557522123908,-0.09871611112805345,0.689857142857143,69882.85714285714
Fracture Case,2025-11-18 01:00:00+00:00,0.659,50418,-0.019345238095238138,-0.14701901603843814,0.6802857142857144,67314.85714285714
Fracture Case,2025-11-19 01:00:00+00:00,0.648,52329,-0.01669195751138086,0.03790312983458288,0.6705714285714286,65227.42857142857
Fracture Case,2025-11-20 01:00:00+00:00,0.636,52625,-0.01851851851851849,0.005656519329626075,0.6687142857142857,59411.28571428572
Fracture Case,2025-11-21 01:00:00+00:00,0.619,65664,-0.026729559748427723,0.24777197149643704,0.6577142857142857,58952.71428571428
Fracture Case,2025-11-22 01:00:00+00:00,0.627,69376,0.01292407108239102,0.05653021442495132,0.6484285714285714,59300.28571428572
Fracture Case,2025-11-23 01:00:00+00:00,0.621,59962,-0.009569377990430672,-0.13569534132841332,0.6402857142857143,58497.42857142857
Fracture Case,2025-11-24 01:00:00+00:00,0.606,53244,-0.024154589371980673,-0.11203762382842464,0.6308571428571429,57659.71428571428
Fracture Case,2025-11-25 01:00:00+00:00,0.591,55654,-0.024752475247524774,0.045263316054391156,0.6211428571428571,58407.71428571428
Fracture Case,2025-11-26 01:00:00+00:00,0.586,58002,-0.008460236886632888,0.04218924066554064,0.6122857142857142,59218.142857142855
Fracture Case,2025-11-27 01:00:00+00:00,0.594,57281,0.013651877133105783,-0.012430605841177944,0.6062857142857142,59883.28571428572
Fracture Case,2025-11-28 01:00:00+00:00,0.599,61392,0.008417508417508435,0.07176899844625617,0.6034285714285714,59273.0
Fracture Case,2025-11-29 01:00:00+00:00,0.62,62453,0.03505843071786319,0.017282382069325086,0.6024285714285714,58284.0
Fracture Case,2025-11-30 01:00:00+00:00,0.635,61777,0.024193548387096753,-0.010824139753094375,0.6044285714285714,58543.28571428572
Fracture Case,2025-12-01 01:00:00+00:00,0.634,49140,-0.0015748031496063408,-0.20455833077035146,0.6084285714285714,57957.0
Fracture Case,2025-12-02 01:00:00+00:00,0.627,47758,-0.01104100946372244,-0.028123728123728098,0.6135714285714285,56829.0
Fracture Case,2025-12-03 01:00:00+00:00,0.628,50760,0.0015948963317384823,0.06285857866744848,0.6195714285714286,55794.42857142857
Fracture Case,2025-12-04 01:00:00+00:00,0.633,47991,0.0079617834394905,-0.05455082742316786,0.6251428571428572,54467.28571428572
Fracture Case,2025-12-05 01:00:00+00:00,0.633,52887,0.0,0.10201912858660989,0.63,53252.28571428572
Fracture Case,2025-12-06 01:00:00+00:00,0.635,59845,0.003159557661927437,0.13156352222663426,0.6321428571428571,52879.71428571428
Fracture Case,2025-12-07 01:00:00+00:00,0.635,53866,0.0,-0.0999080959144456,0.6321428571428571,51749.57142857143
Fracture Case,2025-12-08 01:00:00+00:00,0.627,47371,-0.012598425196850394,-0.12057698733895217,0.6311428571428571,51496.857142857145
Fracture Case,2025-12-09 01:00:00+00:00,0.625,41180,-0.0031897926634768536,-0.13069177344789007,0.6308571428571429,50557.142857142855
Fracture Case,2025-12-10 01:00:00+00:00,0.628,48514,0.0047999999999999154,0.17809616318601273,0.6308571428571428,50236.28571428572
Fracture Case,2025-12-11 01:00:00+00:00,0.632,47924,0.006369426751592355,-0.012161437935441333,0.6307142857142857,50226.71428571428
Fracture Case,2025-12-12 01:00:00+00:00,0.63,51315,-0.0031645569620253333,0.07075786662215178,0.6302857142857142,50002.142857142855
Fracture Case,2025-12-13 01:00:00+00:00,0.63,55855,0.0,0.08847315599727179,0.6295714285714286,49432.142857142855
Fracture Case,2025-12-14 01:00:00+00:00,0.631,54404,0.0015873015873015817,-0.02597797869483487,0.6290000000000001,49509.0
Fracture Case,2025-12-15 01:00:00+00:00,0.628,50530,-0.004754358161648153,-0.071207999411808,0.6291428571428571,49960.28571428572
Fracture Case,2025-12-16 01:00:00+00:00,0.622,44495,-0.009554140127388533,-0.11943399960419554,0.6287142857142857,50433.857142857145
Fracture Case,2025-12-17 01:00:00+00:00,0.622,48741,0.0,0.09542645241038317,0.6278571428571428,50466.28571428572
Fracture Case,2025-12-18 01:00:00+00:00,0.622,91223,0.0,0.8715865493116679,0.6264285714285714,56651.857142857145
Fracture Case,2025-12-19 01:00:00+00:00,0.69,144528,0.10932475884244375,0.584337283360556,0.635,69968.0
Fracture Case,2025-12-20 01:00:00+00:00,0.714,83522,0.034782608695652195,-0.4221050592272778,0.647,73920.42857142857
Fracture Case,2025-12-21 01:00:00+00:00,0.704,60578,-0.01400560224089642,-0.274706065467781,0.6574285714285714,74802.42857142857
Fracture Case,2025-12-22 01:00:00+00:00,0.697,53582,-0.009943181818181879,-0.11548747069893361,0.6672857142857144,75238.42857142857
Fracture Case,2025-12-23 01:00:00+00:00,0.706,70395,0.012912482065997155,0.3137807472658729,0.6792857142857143,78938.42857142857
Fracture Case,2025-12-24 01:00:00+00:00,0.72,55205,0.019830028328611915,-0.21578237090702468,0.6932857142857143,79861.85714285714
Fracture Case,2025-12-25 01:00:00+00:00,0.727,68864,0.009722222222222188,0.24742324064849197,0.7082857142857143,76667.71428571429
Fracture Case,2025-12-26 01:00:00+00:00,0.737,70303,0.01375515818431916,0.02089625929368033,0.715,66064.14285714286
Fracture Case,2025-12-27 01:00:00+00:00,0.753,80313,0.02170963364993228,0.14238368206193197,0.7205714285714286,65605.71428571429
Fracture Case,2025-12-28 01:00:00+00:00,0.757,65087,0.005312084993359889,-0.1895832555128062,0.7281428571428571,66249.85714285714
Fracture Case,2025-12-29 01:00:00+00:00,0.757,60644,0.0,-0.0682624794505815,0.7367142857142858,67258.71428571429
Fracture Case,2025-12-30 01:00:00+00:00,0.76,56666,0.003963011889035695,-0.06559593694347343,0.7444285714285714,65297.42857142857
Fracture Case,2025-12-31 01:00:00+00:00,0.769,63274,0.011842105263157876,0.11661313662513684,0.7514285714285716,66450.14285714286
Fracture Case,2026-01-01 01:00:00+00:00,0.767,58314,-0.002600780234070177,-0.07838922780288904,0.7571428571428571,64943.0
Fracture Case,2026-01-02 01:00:00+00:00,0.767,62635,0.0,0.07409884418835966,0.7614285714285715,63847.57142857143
Fracture Case,2026-01-03 01:00:00+00:00,0.75,55194,-0.022164276401564598,-0.11879939331044942,0.761,60259.142857142855
Fracture Case,2026-01-04 01:00:00+00:00,0.759,53766,0.01200000000000001,-0.02587237743232962,0.7612857142857143,58641.857142857145
Fracture Case,2026-01-05 01:00:00+00:00,0.749,47620,-0.013175230566534912,-0.11431015883643936,0.7601428571428572,56781.28571428572
Fracture Case,2026-01-06 01:00:00+00:00,0.749,42893,0.0,-0.09926501469970606,0.7585714285714286,54813.71428571428
Fracture Case,2026-01-07 01:00:00+00:00,0.738,42977,-0.01468624833110821,0.0019583615042082503,0.7541428571428571,51914.142857142855
Fracture Case,2026-01-08 01:00:00+00:00,0.736,41624,-0.0027100271002710175,-0.03148195546455079,0.7497142857142858,49529.857142857145
Fracture Case,2026-01-09 01:00:00+00:00,0.725,51860,-0.014945652173913082,0.24591581779742455,0.7437142857142857,47990.57142857143
Fracture Case,2026-01-10 01:00:00+00:00,0.728,57461,0.004137931034482678,0.10800231392209803,0.7405714285714285,48314.42857142857
Fracture Case,2026-01-11 01:00:00+00:00,0.731,53378,0.004120879120879106,-0.07105689076068988,0.7365714285714287,48259.0
Fracture Case,2026-01-12 01:00:00+00:00,0.726,42485,-0.0068399452804377425,-0.20407283899733974,0.7332857142857143,47525.42857142857
Fracture Case,2026-01-13 01:00:00+00:00,0.717,41113,-0.012396694214875992,-0.03229375073555374,0.7287142857142858,47271.142857142855
Fracture Case,2026-01-14 01:00:00+00:00,0.719,42289,0.002789400278939924,0.02860409116337892,0.726,47172.857142857145
Fracture Case,2026-01-15 01:00:00+00:00,0.712,42617,-0.009735744089012566,0.007756154082621869,0.7225714285714285,47314.71428571428
Fracture Case,2026-01-16 01:00:00+00:00,0.717,49031,0.0070224719101124045,0.15050332027125335,0.7214285714285714,46910.57142857143
Fracture Case,2026-01-17 01:00:00+00:00,0.728,51906,0.015341701534170138,0.05863637290693635,0.7214285714285714,46117.0
Fracture Case,2026-01-18 01:00:00+00:00,0.736,51291,0.01098901098901095,-0.011848341232227444,0.7221428571428571,45818.857142857145
Fracture Case,2026-01-19 01:00:00+00:00,0.733,41246,-0.0040760869565217295,-0.19584332533972826,0.7231428571428571,45641.857142857145
Fracture Case,2026-01-20 01:00:00+00:00,0.723,37594,-0.013642564802182844,-0.08854191921640886,0.724,45139.142857142855
Fracture Case,2026-01-21 01:00:00+00:00,0.722,40385,-0.0013831258644536604,0.07424057030377185,0.7244285714285714,44867.142857142855
Fracture Case,2026-01-22 01:00:00+00:00,0.708,46025,-0.01939058171745156,0.13965581280178285,0.7238571428571429,45354.0
Fracture Case,2026-01-23 01:00:00+00:00,0.713,51271,0.007062146892655274,0.11398153177620851,0.7232857142857144,45674.0
Fracture Case,2026-01-24 01:00:00+00:00,0.722,52512,0.012622720897615736,0.024204716116323022,0.7224285714285713,45760.57142857143
Fracture Case,2026-01-25 01:00:00+00:00,0.716,51460,-0.008310249307479256,-0.020033516148689867,0.7195714285714285,45784.71428571428
Fracture Case,2026-01-26 01:00:00+00:00,0.714,42046,-0.0027932960893854997,-0.1829382044306257,0.7168571428571429,45899.0
Fracture Case,2026-01-27 01:00:00+00:00,0.706,41967,-0.011204481792717047,-0.0018788945440707527,0.7144285714285715,46523.71428571428
Fracture Case,2026-01-28 01:00:00+00:00,0.705,46997,-0.0014164305949008194,0.11985607739414306,0.712,47468.28571428572
Fracture Case,2026-01-29 01:00:00+00:00,0.706,44502,0.0014184397163119478,-0.05308849501031976,0.7117142857142856,47250.71428571428
Fracture Case,2026-01-30 01:00:00+00:00,0.709,59778,0.004249291784702569,0.3432654712147769,0.7111428571428571,48466.0
Fracture Case,2026-01-31 01:00:00+00:00,0.714,59756,0.007052186177715081,-0.00036802837164173763,0.71,49500.857142857145
Fracture Case,2026-02-01 01:00:00+00:00,0.716,57095,0.0028011204481792618,-0.04453109311198877,0.71,50305.857142857145
Fracture Case,2026-02-02 01:00:00+00:00,0.712,44563,-0.005586592178770999,-0.21949382607934143,0.7097142857142857,50665.42857142857
Fracture Case,2026-02-03 01:00:00+00:00,0.705,43249,-0.0098314606741573,-0.02948634517424764,0.7095714285714285,50848.57142857143
Fracture Case,2026-02-04 01:00:00+00:00,0.705,43763,0.0,0.01188466785359199,0.7095714285714285,50386.57142857143
Fracture Case,2026-02-05 01:00:00+00:00,0.704,44460,-0.0014184397163120588,0.015926696067454227,0.7092857142857143,50380.57142857143
Fracture Case,2026-02-06 01:00:00+00:00,0.708,50828,0.005681818181818121,0.14322986954565908,0.7091428571428572,49102.0
Fracture Case,2026-02-07 01:00:00+00:00,0.71,56400,0.0028248587570620654,0.1096246163531911,0.7085714285714285,48622.57142857143
Fracture Case,2026-02-08 01:00:00+00:00,0.707,49172,-0.004225352112676051,-0.12815602836879436,0.7072857142857142,47490.71428571428
Fracture Case,2026-02-09 01:00:00+00:00,0.707,40317,0.0,-0.18008216057919146,0.7065714285714285,46884.142857142855
Fracture Case,2026-02-10 01:00:00+00:00,0.708,43959,0.0014144271570013522,0.09033410223974991,0.707,46985.57142857143
Fracture Case,2026-02-11 01:00:00+00:00,0.71,45718,0.0028248587570620654,0.04001455902090578,0.7077142857142856,47264.857142857145
Fracture Case,2026-02-12 01:00:00+00:00,0.712,46975,0.0028169014084507005,0.02749464106041377,0.7088571428571429,47624.142857142855
Fracture Case,2026-02-13 01:00:00+00:00,0.713,56237,0.001404494382022392,0.1971687067589143,0.7095714285714285,48396.857142857145
Fracture Case,2026-02-14 01:00:00+00:00,0.719,57687,0.008415147265077083,0.025783736685811798,0.7108571428571427,48580.71428571428
Fracture Case,2026-02-15 01:00:00+00:00,0.729,53296,0.013908205841446364,-0.07611766949225995,0.7139999999999999,49169.857142857145
Fracture Case,2026-02-16 01:00:00+00:00,0.737,46249,0.010973936899862924,-0.13222380666466527,0.7182857142857142,50017.28571428572
Fracture Case,2026-02-17 01:00:00+00:00,0.735,40051,-0.0027137042062415073,-0.134013708404506,0.7221428571428571,49459.0
Fracture Case,2026-02-18 01:00:00+00:00,0.739,46590,0.0054421768707482165,0.1632668347856483,0.7262857142857142,49583.57142857143
Fracture Case,2026-02-19 01:00:00+00:00,0.743,51145,0.005412719891745521,0.09776776132217213,0.7307142857142858,50179.28571428572
Fracture Case,2026-02-20 01:00:00+00:00,0.746,57609,0.004037685060565233,0.12638576595952689,0.7354285714285714,50375.28571428572
Fracture Case,2026-02-21 01:00:00+00:00,0.766,59626,0.02680965147453085,0.035011890503219956,0.7421428571428572,50652.28571428572
Fracture Case,2026-02-22 01:00:00+00:00,0.786,56288,0.026109660574412663,-0.05598228960520579,0.7502857142857143,51079.71428571428
Fracture Case,2026-02-23 01:00:00+00:00,0.79,46057,0.0050890585241729624,-0.181761654349062,0.7578571428571429,51052.28571428572
Fracture Case,2026-02-24 01:00:00+00:00,0.775,43454,-0.01898734177215189,-0.05651692468028746,0.7635714285714286,51538.42857142857
Fracture Case,2026-02-25 01:00:00+00:00,0.784,49408,0.011612903225806548,0.13701845629861453,0.7700000000000001,51941.0
Fracture Case,2026-02-26 01:00:00+00:00,0.784,51146,0.0,0.035176489637305686,0.7758571428571429,51941.142857142855
Fracture Case,2026-02-27 01:00:00+00:00,0.794,60588,0.012755102040816313,0.18460876705900753,0.7827142857142857,52366.71428571428
Fracture Case,2026-02-28 01:00:00+00:00,0.815,61317,0.02644836272040285,0.012032085561497263,0.7897142857142858,52608.28571428572
Fracture Case,2026-03-01 01:00:00+00:00,0.817,55334,0.0024539877300613355,-0.09757489766296457,0.794142857142857,52472.0
Fracture Case,2026-03-02 01:00:00+00:00,0.814,44939,-0.003671970624234966,-0.18785918241948896,0.7975714285714285,52312.28571428572
Fracture Case,2026-03-03 01:00:00+00:00,0.809,42289,-0.006142506142505999,-0.0589688244064176,0.8024285714285714,52145.857142857145
Fracture Case,2026-03-04 01:00:00+00:00,0.798,45749,-0.013597033374536438,0.08181796684717058,0.8044285714285715,51623.142857142855
Fracture Case,2026-03-05 01:00:00+00:00,0.8,47065,0.0025062656641603454,0.028765656079914326,0.8067142857142857,51040.142857142855
Fracture Case,2026-03-06 01:00:00+00:00,0.8,57893,0.0,0.2300648039944757,0.8075714285714286,50655.142857142855
Fracture Case,2026-03-07 01:00:00+00:00,0.802,62733,0.0024999999999999467,0.08360250807524228,0.8057142857142857,50857.42857142857
Fracture Case,2026-03-08 01:00:00+00:00,0.793,57551,-0.01122194513715713,-0.08260405209379429,0.8022857142857144,51174.142857142855
Fracture Case,2026-03-09 01:00:00+00:00,0.781,49547,-0.015132408575031508,-0.13907664506264006,0.7975714285714286,51832.42857142857
Fracture Case,2026-03-10 01:00:00+00:00,0.784,51233,0.003841229193341844,0.034028296365067545,0.7940000000000002,53110.142857142855
Fracture Case,2026-03-11 01:00:00+00:00,0.774,57231,-0.012755102040816313,0.11707298030566227,0.7905714285714287,54750.42857142857
Fracture Case,2026-03-12 01:00:00+00:00,0.791,82736,0.021963824289405798,0.4456500847442819,0.7892857142857143,59846.28571428572
Fracture Case,2026-03-13 01:00:00+00:00,0.809,78902,0.022756005056890016,-0.04634016631212534,0.7905714285714286,62847.57142857143
Fracture Case,2026-03-14 01:00:00+00:00,0.824,82557,0.01854140914709501,0.04632328711566247,0.7937142857142857,65679.57142857143
Fracture Case,2026-03-15 01:00:00+00:00,0.846,78163,0.02669902912621369,-0.05322383323037416,0.8012857142857143,68624.14285714286
Fracture Case,2026-03-16 01:00:00+00:00,0.851,67594,0.005910165484633634,-0.13521743024193034,0.8112857142857142,71202.28571428571
Fracture Case,2026-03-17 01:00:00+00:00,0.851,67667,0.0,0.0010799775127969813,0.8208571428571428,73550.0
Fracture Case,2026-03-18 01:00:00+00:00,0.837,66304,-0.016451233842538215,-0.020142757917448684,0.8298571428571427,74846.14285714286
Fracture Case,2026-03-19 01:00:00+00:00,0.837,64624,0.0,-0.02533783783783783,0.8364285714285715,72258.71428571429
Fracture Case,2026-03-20 01:00:00+00:00,0.829,67748,-0.009557945041816063,0.04834117355781142,0.8392857142857143,70665.28571428571
Fracture Case,2026-03-21 01:00:00+00:00,0.83,70538,0.0012062726176116367,0.04118202751372735,0.8401428571428572,68948.28571428571
Fracture Case,2026-03-22 01:00:00+00:00,0.816,69117,-0.016867469879518038,-0.020145169979301936,0.8358571428571429,67656.0
Fracture Case,2026-03-23 01:00:00+00:00,0.792,60141,-0.02941176470588225,-0.12986674768870177,0.8274285714285714,66591.28571428571
Fracture Case,2026-03-24 01:00:00+00:00,0.788,64261,-0.005050505050505083,0.06850567832260857,0.8184285714285714,66104.71428571429
Fracture Case,2026-03-25 01:00:00+00:00,0.794,63801,0.0076142131979695105,-0.007158307527115992,0.8122857142857143,65747.14285714286
Fracture Case,2026-03-26 01:00:00+00:00,0.794,64096,0.0,0.004623751978809043,0.8061428571428572,65671.71428571429
Fracture Case,2026-03-27 01:00:00+00:00,0.817,71930,0.02896725440806036,0.12222291562656018,0.8044285714285715,66269.14285714286
Fracture Case,2026-03-28 01:00:00+00:00,0.833,75260,0.019583843329253448,0.04629500903656325,0.8048571428571429,66943.71428571429
Fracture Case,2026-03-29 01:00:00+00:00,0.84,72602,0.008403361344537785,-0.03531756577199041,0.8082857142857144,67441.57142857143
Fracture Case,2026-03-30 01:00:00+00:00,0.849,57235,0.010714285714285676,-0.21166083578964767,0.8164285714285714,67026.42857142857
Fracture Case,2026-03-31 01:00:00+00:00,0.85,57165,0.0011778563015312216,-0.0012230278675635642,0.8252857142857143,66012.71428571429
Fracture Case,2026-04-01 01:00:00+00:00,0.863,66880,0.015294117647058902,0.1699466456748011,0.8351428571428572,66452.57142857143
Fracture Case,2026-04-02 01:00:00+00:00,0.866,66404,0.0034762456546928444,-0.0071172248803828,0.8454285714285714,66782.28571428571
Fracture Case,2026-04-03 01:00:00+00:00,0.921,79879,0.06351039260969982,0.20292452261911942,0.8602857142857142,67917.85714285714
Fracture Case,2026-04-04 01:00:00+00:00,1.013,92494,0.09989142236699222,0.1579263636249828,0.886,70379.85714285714
Fracture Case,2026-04-05 01:00:00+00:00,0.968,70538,-0.0444225074037512,-0.23737755962548923,0.9042857142857142,70085.0
Fracture Case,2026-04-06 01:00:00+00:00,0.969,55453,0.0010330578512396382,-0.21385636111032347,0.9214285714285715,69830.42857142857
Fracture Case,2026-04-07 01:00:00+00:00,0.979,57502,0.01031991744066052,0.036950210087822066,0.9398571428571428,69878.57142857143
Fracture Case,2026-04-08 01:00:00+00:00,0.976,52769,-0.003064351378958108,-0.08231018051546035,0.9560000000000001,67862.71428571429
Fracture Case,2026-04-09 01:00:00+00:00,0.981,55939,0.0051229508196721785,0.06007314900794025,0.9724285714285713,66367.71428571429
Fracture Case,2026-04-10 01:00:00+00:00,1.005,64718,0.024464831804281273,0.15693880834480423,0.9844285714285714,64201.857142857145
Fracture Case,2026-04-11 01:00:00+00:00,1.039,62318,0.03383084577114426,-0.03708396427578109,0.9881428571428571,59891.0
Fracture Case,2026-04-12 01:00:00+00:00,1.008,37262,-0.0298363811357073,-0.4020668185756924,0.9938571428571429,55137.28571428572
Fracture Case,2026-04-12 18:00:00+00:00,1.008,3209,0.0,-0.9138800923192528,0.9994285714285713,47673.857142857145
Fracture Case,2026-04-12 19:00:00+00:00,1.01,3493,0.001984126984126977,0.08850109068245549,1.0038571428571428,39958.28571428572
Fracture Case,2026-04-12 20:00:00+00:00,1.026,3866,0.015841584158415856,0.1067849985685656,1.011,32972.142857142855
Fracture Case,2026-04-12 21:00:00+00:00,1.013,3383,-0.012670565302144388,-0.1249353336782204,1.0155714285714286,25464.14285714286
Fracture Case,2026-04-12 22:00:00+00:00,1.024,3108,0.010858835143139345,-0.08128879692580548,1.0182857142857142,16662.714285714286
Fracture Case,2026-04-12 23:00:00+00:00,1.01,2437,-0.013671875,-0.21589446589446593,1.0141428571428572,8108.285714285715
Fracture Case,2026-04-13 00:00:00+00:00,1.03,2420,0.01980198019801982,-0.006975789905621643,1.0172857142857143,3130.8571428571427
Fracture Case,2026-04-13 01:00:00+00:00,1.03,2361,0.0,-0.02438016528925624,1.0204285714285715,3009.714285714286
Fracture Case,2026-04-13 02:00:00+00:00,1.03,1882,0.0,-0.20288013553578987,1.0232857142857144,2779.5714285714284
Fracture Case,2026-04-13 03:00:00+00:00,1.03,2048,0.0,0.08820403825717316,1.0238571428571428,2519.8571428571427
Fracture Case,2026-04-13 04:00:00+00:00,1.01,1845,-0.01941747572815533,-0.09912109375,1.0234285714285714,2300.1428571428573
Fracture Case,2026-04-13 05:00:00+00:00,1.01,1192,0.0,-0.35392953929539295,1.0214285714285716,2026.4285714285713
Fracture Case,2026-04-13 06:00:00+00:00,1.01,1196,0.0,0.003355704697986628,1.0214285714285716,1849.142857142857
Fracture Case,2026-04-13 07:00:00+00:00,1.004,1244,-0.005940594059405946,0.04013377926421402,1.0177142857142856,1681.142857142857
Fracture Case,2026-04-13 08:00:00+00:00,1.0,1166,-0.003984063745019917,-0.06270096463022512,1.0134285714285713,1510.4285714285713
Fracture Case,2026-04-13 09:00:00+00:00,0.997,1351,-0.0030000000000000027,0.1586620926243567,1.0087142857142857,1434.5714285714287
Fracture Case,2026-04-13 10:00:00+00:00,0.997,1459,0.0,0.079940784603997,1.004,1350.4285714285713
Fracture Case,2026-04-13 11:00:00+00:00,0.998,1355,0.0010030090270811698,-0.0712816997943797,1.0022857142857142,1280.4285714285713
Fracture Case,2026-04-13 12:00:00+00:00,0.997,1208,-0.0010020040080159776,-0.10848708487084868,1.0004285714285714,1282.7142857142858
Fracture Case,2026-04-13 13:00:00+00:00,1.0,1542,0.0030090270812437314,0.2764900662251655,0.999,1332.142857142857
Fracture Case,2026-04-13 14:00:00+00:00,1.009,1740,0.008999999999999897,0.12840466926070038,0.9997142857142858,1403.0
Fracture Case,2026-04-13 15:00:00+00:00,1.008,2202,-0.0009910802775023875,0.2655172413793103,1.000857142857143,1551.0
Fracture Case,2026-04-13 16:00:00+00:00,1.0,2379,-0.007936507936507908,0.0803814713896458,1.0012857142857143,1697.857142857143
Fracture Case,2026-04-13 17:00:00+00:00,1.006,2120,0.006000000000000005,-0.10886927280369907,1.0025714285714287,1792.2857142857142
Fracture Case,2026-04-13 18:00:00+00:00,1.01,2640,0.003976143141153132,0.24528301886792447,1.0042857142857142,1975.857142857143
Fracture Case,2026-04-13 19:00:00+00:00,1.008,2833,-0.001980198019801982,0.07310606060606051,1.005857142857143,2208.0
Fracture Case,2026-04-13 20:00:00+00:00,1.01,3145,0.001984126984126977,0.11013060360042348,1.0072857142857143,2437.0
Fracture Case,2026-04-13 21:00:00+00:00,1.017,2557,0.006930693069306937,-0.18696343402225757,1.0084285714285715,2553.714285714286
Fracture Case,2026-04-13 22:00:00+00:00,1.01,2186,-0.006882989183874089,-0.14509190457567467,1.0087142857142857,2551.4285714285716
Fracture Case,2026-04-13 23:00:00+00:00,1.022,1922,0.011881188118811892,-0.12076852698993601,1.0118571428571428,2486.1428571428573
Fracture Case,2026-04-14 00:00:00+00:00,1.021,1810,-0.0009784735812133905,-0.05827263267429761,1.014,2441.8571428571427
Fracture Case,2026-04-14 01:00:00+00:00,1.013,1782,-0.007835455435847183,-0.015469613259668558,1.0144285714285715,2319.285714285714
Fracture Case,2026-04-14 02:00:00+00:00,1.01,1766,-0.0029615004935833467,-0.008978675645342271,1.0147142857142857,2166.8571428571427
Fracture Case,2026-04-14 03:00:00+00:00,1.03,2020,0.01980198019801982,0.14382785956964894,1.0175714285714286,2006.142857142857
Fracture Case,2026-04-14 04:00:00+00:00,1.01,1779,-0.01941747572815533,-0.1193069306930693,1.0165714285714285,1895.0
Fracture Case,2026-04-14 05:00:00+00:00,1.01,1462,0.0,-0.1781899943788645,1.0165714285714285,1791.5714285714287
Fracture Case,2026-04-14 06:00:00+00:00,0.994,1092,-0.015841584158415856,-0.25307797537619703,1.0125714285714285,1673.0
Fracture Case,2026-04-14 07:00:00+00:00,1.0,1390,0.006036217303822866,0.2728937728937728,1.0095714285714286,1613.0
Fracture Case,2026-04-14 08:00:00+00:00,0.986,1386,-0.014000000000000012,-0.0028776978417266452,1.0057142857142858,1556.4285714285713
Fracture Case,2026-04-14 09:00:00+00:00,0.98,1365,-0.006085192697768749,-0.015151515151515138,1.0014285714285713,1499.142857142857
Fracture Case,2026-04-14 10:00:00+00:00,0.979,1295,-0.0010204081632653184,-0.05128205128205132,0.9941428571428571,1395.5714285714287
Fracture Case,2026-04-14 11:00:00+00:00,0.975,1563,-0.0040858018386108474,0.20694980694980702,0.9891428571428571,1364.7142857142858
Fracture Case,2026-04-14 12:00:00+00:00,0.98,1662,0.00512820512820511,0.06333973128598847,0.9848571428571429,1393.2857142857142
Fracture Case,2026-04-14 13:00:00+00:00,0.971,1623,-0.009183673469387754,-0.023465703971119134,0.9815714285714287,1469.142857142857
Fracture Case,2026-04-14 14:00:00+00:00,0.989,1674,0.018537590113285374,0.031423290203327126,0.9800000000000001,1509.7142857142858
Fracture Case,2026-04-14 15:00:00+00:00,0.995,2392,0.006066734074823055,0.42891278375149344,0.9812857142857142,1653.4285714285713
Fracture Case,2026-04-14 16:00:00+00:00,0.992,1981,-0.0030150753768843908,-0.17182274247491636,0.983,1741.4285714285713
Fracture Case,2026-04-14 17:00:00+00:00,0.994,2284,0.002016129032258007,0.15295305401312476,0.9851428571428571,1882.7142857142858
Fracture Case,2026-04-14 18:00:00+00:00,1.0,2848,0.006036217303822866,0.24693520140105085,0.9887142857142857,2066.285714285714
Fracture Case,2026-04-14 19:00:00+00:00,1.006,2774,0.006000000000000005,-0.025983146067415697,0.9924285714285714,2225.1428571428573
Fracture Case,2026-04-14 20:00:00+00:00,1.006,2952,0.0,0.06416726748377788,0.9974285714285713,2415.0
Fracture Case,2026-04-14 21:00:00+00:00,1.003,2489,-0.0029821073558649047,-0.15684281842818426,0.9994285714285713,2531.4285714285716
Fracture Case,2026-04-14 22:00:00+00:00,1.003,2759,0.0,0.10847730012053036,1.0005714285714284,2583.8571428571427
Fracture Case,2026-04-14 23:00:00+00:00,1.01,2061,0.006979062811565351,-0.2529902138455963,1.0031428571428571,2595.285714285714
Fracture Case,2026-04-15 00:00:00+00:00,1.01,1645,0.0,-0.20184376516254243,1.0054285714285716,2504.0
Fracture Case,2026-04-15 01:00:00+00:00,1.01,1710,0.0,0.03951367781155013,1.006857142857143,2341.4285714285716
Fracture Case,2026-04-15 02:00:00+00:00,1.01,1966,0.0,0.14970760233918123,1.0074285714285713,2226.0
Fracture Case,2026-04-15 03:00:00+00:00,1.01,1915,0.0,-0.025940996948118022,1.0079999999999998,2077.8571428571427
Fracture Case,2026-04-15 04:00:00+00:00,1.01,1998,0.0,0.043342036553524865,1.0090000000000001,2007.7142857142858
Fracture Case,2026-04-15 05:00:00+00:00,1.01,1647,0.0,-0.17567567567567566,1.01,1848.857142857143
Fracture Case,2026-04-15 06:00:00+00:00,1.01,1128,0.0,-0.3151183970856102,1.01,1715.5714285714287
Fracture Case,2026-04-15 07:00:00+00:00,1.01,1281,0.0,0.1356382978723405,1.01,1663.5714285714287
Fracture Case,2026-04-15 08:00:00+00:00,1.0,1370,-0.00990099009900991,0.06947697111631546,1.0085714285714285,1615.0
Fracture Case,2026-04-15 09:00:00+00:00,0.991,1233,-0.009000000000000008,-0.09999999999999998,1.005857142857143,1510.2857142857142
Fracture Case,2026-04-15 10:00:00+00:00,0.991,1103,0.0,-0.10543390105433903,1.0031428571428571,1394.2857142857142
Fracture Case,2026-04-15 11:00:00+00:00,0.99,1592,-0.0010090817356205317,0.443336355394379,1.0002857142857144,1336.2857142857142
Fracture Case,2026-04-15 12:00:00+00:00,0.963,1502,-0.027272727272727337,-0.05653266331658291,0.9935714285714285,1315.5714285714287
Fracture Case,2026-04-15 13:00:00+00:00,0.964,1649,0.0010384215991692258,0.09786950732356847,0.987,1390.0
Fracture Case,2026-04-15 14:00:00+00:00,0.979,1675,0.01556016597510368,0.015767131594905948,0.9825714285714285,1446.2857142857142
Fracture Case,2026-04-15 15:00:00+00:00,0.983,1936,0.004085801838610736,0.1558208955223881,0.9801428571428571,1527.142857142857
Fracture Case,2026-04-15 16:00:00+00:00,0.99,2638,0.007121057985757906,0.3626033057851239,0.9799999999999999,1727.857142857143
Fracture Case,2026-04-15 17:00:00+00:00,0.99,2975,0.0,0.1277482941622441,0.9798571428571429,1995.2857142857142
Fracture Case,2026-04-15 18:00:00+00:00,0.991,3038,0.0010101010101009056,0.021176470588235352,0.9799999999999999,2201.8571428571427
Fracture Case,2026-04-15 19:00:00+00:00,0.991,3055,0.0,0.0055957867017775165,0.984,2423.714285714286
Fracture Case,2026-04-15 20:00:00+00:00,1.0,3012,0.00908173562058523,-0.014075286415711985,0.9891428571428572,2618.4285714285716
Fracture Case,2026-04-15 21:00:00+00:00,0.997,2837,-0.0030000000000000027,-0.058100929614873786,0.9917142857142858,2784.4285714285716
Fracture Case,2026-04-15 22:00:00+00:00,1.0,2971,0.0030090270812437314,0.04723299259781455,0.9941428571428572,2932.285714285714
Fracture Case,2026-04-15 23:00:00+00:00,1.0,2506,0.0,-0.15651295859979808,0.9955714285714287,2913.4285714285716
Fracture Case,2026-04-16 00:00:00+00:00,1.0,2424,0.0,-0.03272146847565838,0.997,2834.714285714286
Fracture Case,2026-04-16 01:00:00+00:00,1.01,2060,0.010000000000000009,-0.15016501650165015,0.9997142857142858,2695.0
Fracture Case,2026-04-16 02:00:00+00:00,1.0,2406,-0.00990099009900991,0.16796116504854375,1.001,2602.285714285714
Fracture Case,2026-04-16 03:00:00+00:00,1.0,1959,0.0,-0.18578553615960103,1.001,2451.8571428571427
Fracture Case,2026-04-16 04:00:00+00:00,1.0,1700,0.0,-0.13221031138335881,1.0014285714285713,2289.4285714285716
Fracture Case,2026-04-16 05:00:00+00:00,1.0,1260,0.0,-0.2588235294117647,1.0014285714285713,2045.0
Fracture Case,2026-04-16 06:00:00+00:00,1.0,1544,0.0,0.22539682539682548,1.0014285714285713,1907.5714285714287
Fracture Case,2026-04-16 07:00:00+00:00,1.0,1161,0.0,-0.24805699481865284,1.0014285714285713,1727.142857142857
Fracture Case,2026-04-16 08:00:00+00:00,0.98,1354,-0.020000000000000018,0.16623600344530587,0.9971428571428572,1626.2857142857142
Fracture Case,2026-04-16 09:00:00+00:00,0.98,1107,0.0,-0.18242245199409157,0.9942857142857143,1440.7142857142858
Fracture Case,2026-04-16 10:00:00+00:00,0.98,1141,0.0,0.030713640469738124,0.9914285714285713,1323.857142857143
Fracture Case,2026-04-16 11:00:00+00:00,0.978,1571,-0.0020408163265306367,0.3768624014022788,0.9882857142857143,1305.4285714285713
Fracture Case,2026-04-16 12:00:00+00:00,0.978,1347,0.0,-0.14258434118395924,0.9851428571428571,1317.857142857143
Fracture Case,2026-04-16 13:00:00+00:00,0.978,1403,0.0,0.041573867854491464,0.982,1297.7142857142858
Fracture Case,2026-04-16 14:00:00+00:00,0.98,1639,0.002044989775051187,0.16821097647897365,0.9791428571428572,1366.0
Fracture Case,2026-04-16 15:00:00+00:00,0.98,2008,0.0,0.22513727882855394,0.9791428571428572,1459.4285714285713
Fracture Case,2026-04-16 16:00:00+00:00,0.98,1984,0.0,-0.01195219123505975,0.9791428571428572,1584.7142857142858
Fracture Case,2026-04-16 17:00:00+00:00,0.986,2540,0.00612244897959191,0.280241935483871,0.9800000000000001,1784.5714285714287
Fracture Case,2026-04-16 18:00:00+00:00,0.99,2768,0.0040567951318457585,0.08976377952755898,0.9817142857142857,1955.5714285714287
Fracture Case,2026-04-16 19:00:00+00:00,0.99,3288,0.0,0.18786127167630062,0.9834285714285714,2232.8571428571427
Fracture Case,2026-04-16 20:00:00+00:00,0.99,3346,0.0,0.017639902676398922,0.9851428571428571,2510.4285714285716
Fracture Case,2026-04-16 21:00:00+00:00,0.99,3255,0.0,-0.027196652719665315,0.9865714285714285,2741.285714285714
Fracture Case,2026-04-16 22:00:00+00:00,0.99,2754,0.0,-0.15391705069124428,0.9880000000000001,2847.8571428571427
Fracture Case,2026-04-16 23:00:00+00:00,1.0,2537,0.010101010101010166,-0.07879448075526507,0.9908571428571429,2926.8571428571427
Fracture Case,2026-04-17 00:00:00+00:00,1.0,2192,0.0,-0.1359873866771778,0.9928571428571429,2877.1428571428573
Fracture Case,2026-04-17 01:00:00+00:00,0.999,2458,-0.0010000000000000009,0.12135036496350371,0.9941428571428571,2832.8571428571427
Fracture Case,2026-04-17 02:00:00+00:00,0.99,1958,-0.009009009009009028,-0.2034174125305126,0.9941428571428571,2642.8571428571427
Fracture Case,2026-04-17 03:00:00+00:00,0.99,2152,0.0,0.09908069458631252,0.9941428571428572,2472.285714285714
Fracture Case,2026-04-17 04:00:00+00:00,0.99,1597,0.0,-0.2578996282527881,0.9941428571428571,2235.4285714285716
Fracture Case,2026-04-17 05:00:00+00:00,0.99,1767,0.0,0.1064495929868503,0.9941428571428571,2094.4285714285716
Fracture Case,2026-04-17 06:00:00+00:00,0.99,1326,0.0,-0.24957555178268254,0.9927142857142857,1921.4285714285713
Fracture Case,2026-04-17 07:00:00+00:00,0.99,1267,0.0,-0.044494720965309154,0.9912857142857143,1789.2857142857142
Fracture Case,2026-04-17 08:00:00+00:00,0.971,1526,-0.019191919191919204,0.20441988950276246,0.9872857142857142,1656.142857142857
Fracture Case,2026-04-17 09:00:00+00:00,0.968,1632,-0.003089598352214229,0.06946264744429875,0.9841428571428571,1609.5714285714287
Fracture Case,2026-04-17 10:00:00+00:00,0.96,1214,-0.008264462809917328,-0.25612745098039214,0.9798571428571429,1475.5714285714287
Fracture Case,2026-04-17 11:00:00+00:00,0.966,1665,0.006250000000000089,0.371499176276771,0.9764285714285714,1485.2857142857142
Fracture Case,2026-04-17 12:00:00+00:00,0.966,1817,0.0,0.09129129129129132,0.973,1492.4285714285713
Fracture Case,2026-04-17 13:00:00+00:00,0.97,1735,0.0041407867494824835,-0.04512933406714359,0.9701428571428571,1550.857142857143
Fracture Case,2026-04-17 14:00:00+00:00,0.978,1975,0.008247422680412342,0.13832853025936598,0.9684285714285714,1652.0
Fracture Case,2026-04-17 15:00:00+00:00,0.978,2526,0.0,0.278987341772152,0.9694285714285714,1794.857142857143
Fracture Case,2026-04-17 16:00:00+00:00,0.976,2868,-0.002044989775051076,0.13539192399049882,0.9705714285714285,1971.4285714285713
Fracture Case,2026-04-17 17:00:00+00:00,0.978,2905,0.002049180327868827,0.012900976290097566,0.9731428571428571,2213.0
Fracture Case,2026-04-17 18:00:00+00:00,0.978,2814,0.0,-0.031325301204819245,0.9748571428571429,2377.1428571428573
Fracture Case,2026-04-17 19:00:00+00:00,0.98,3453,0.002044989775051187,0.22707889125799574,0.9768571428571429,2610.8571428571427
Fracture Case,2026-04-17 20:00:00+00:00,0.989,3385,0.009183673469387754,-0.01969302056183031,0.9795714285714286,2846.5714285714284
Fracture Case,2026-04-17 21:00:00+00:00,0.99,3721,0.0010111223458038054,0.09926144756277688,0.9812857142857142,3096.0
Fracture Case,2026-04-17 22:00:00+00:00,0.988,3327,-0.002020202020202033,-0.10588551464660034,0.9827142857142857,3210.4285714285716
Fracture Case,2026-04-17 23:00:00+00:00,0.982,3362,-0.006072874493927127,0.010519987977156697,0.9835714285714285,3281.0
Fracture Case,2026-04-18 00:00:00+00:00,0.99,2824,0.008146639511201537,-0.16002379535990485,0.9852857142857143,3269.4285714285716
Fracture Case,2026-04-18 01:00:00+00:00,0.99,2557,0.0,-0.09454674220963177,0.987,3232.714285714286
Fracture Case,2026-04-18 02:00:00+00:00,0.99,3141,0.0,0.22839264763394596,0.9884285714285713,3188.1428571428573
Fracture Case,2026-04-18 03:00:00+00:00,0.99,2742,0.0,-0.12702960840496658,0.9885714285714285,3096.285714285714
Fracture Case,2026-04-18 04:00:00+00:00,0.99,2971,0.0,0.08351568198395332,0.9885714285714285,2989.1428571428573
Fracture Case,2026-04-18 05:00:00+00:00,0.99,2593,0.0,-0.1272298889262874,0.9888571428571428,2884.285714285714
Fracture Case,2026-04-18 06:00:00+00:00,0.99,1781,0.0,-0.31315079059005013,0.99,2658.4285714285716
Fracture Case,2026-04-18 07:00:00+00:00,0.99,1582,0.0,-0.11173498034811902,0.99,2481.0
Fracture Case,2026-04-18 08:00:00+00:00,0.98,1638,-0.010101010101010055,0.03539823008849563,0.9885714285714285,2349.714285714286
Fracture Case,2026-04-18 09:00:00+00:00,0.966,1426,-0.014285714285714346,-0.1294261294261294,0.9851428571428571,2104.714285714286
Fracture Case,2026-04-18 10:00:00+00:00,0.96,1679,-0.006211180124223614,0.17741935483870974,0.9808571428571428,1952.857142857143
Fracture Case,2026-04-18 11:00:00+00:00,0.97,1638,0.01041666666666674,-0.024419297200714674,0.9779999999999999,1762.4285714285713
Fracture Case,2026-04-18 12:00:00+00:00,0.97,1746,0.0,0.06593406593406592,0.9751428571428572,1641.4285714285713
Fracture Case,2026-04-18 13:00:00+00:00,0.968,2026,-0.0020618556701030855,0.16036655211912954,0.9720000000000001,1676.4285714285713
Fracture Case,2026-04-18 14:00:00+00:00,0.96,2289,-0.008264462809917328,0.12981243830207312,0.9677142857142857,1777.4285714285713
Fracture Case,2026-04-18 15:00:00+00:00,0.97,2100,0.01041666666666674,-0.08256880733944949,0.9662857142857143,1843.4285714285713
Fracture Case,2026-04-18 16:00:00+00:00,0.971,2518,0.0010309278350515427,0.19904761904761914,0.967,1999.4285714285713
Fracture Case,2026-04-18 17:00:00+00:00,0.98,2825,0.009268795056642576,0.12192216044479753,0.9698571428571429,2163.1428571428573
Fracture Case,2026-04-18 18:00:00+00:00,0.982,2637,0.0020408163265306367,-0.06654867256637165,0.9715714285714286,2305.8571428571427
Fracture Case,2026-04-18 19:00:00+00:00,0.982,2927,0.0,0.1099734546833524,0.9732857142857142,2474.5714285714284
Fracture Case,2026-04-18 20:00:00+00:00,0.99,3285,0.008146639511201537,0.12230953194396998,0.9764285714285713,2654.4285714285716
Fracture Case,2026-04-18 21:00:00+00:00,0.99,3247,0.0,-0.011567732115677298,0.9807142857142856,2791.285714285714
Fracture Case,2026-04-18 22:00:00+00:00,0.99,3058,0.0,-0.058207576224206914,0.9835714285714285,2928.1428571428573
Fracture Case,2026-04-18 23:00:00+00:00,0.991,3337,0.0010101010101009056,0.09123610202746901,0.9864285714285713,3045.1428571428573
Fracture Case,2026-04-19 00:00:00+00:00,0.99,2527,-0.0010090817356205317,-0.24273299370692236,0.9878571428571429,3002.5714285714284
Fracture Case,2026-04-19 01:00:00+00:00,0.99,2223,0.0,-0.12030075187969924,0.989,2943.4285714285716
Fracture Case,2026-04-19 02:00:00+00:00,0.99,2241,0.0,0.00809716599190291,0.9901428571428571,2845.4285714285716
Fracture Case,2026-04-19 03:00:00+00:00,0.99,2273,0.0,0.014279339580544503,0.9901428571428571,2700.8571428571427
Fracture Case,2026-04-19 04:00:00+00:00,0.99,2129,0.0,-0.06335239771227452,0.9901428571428571,2541.1428571428573
Fracture Case,2026-04-19 05:00:00+00:00,0.985,1901,-0.005050505050505083,-0.10709253170502586,0.9894285714285714,2375.8571428571427
Fracture Case,2026-04-19 06:00:00+00:00,0.99,1684,0.0050761421319796,-0.11415044713308786,0.9892857142857144,2139.714285714286
Fracture Case,2026-04-19 07:00:00+00:00,0.98,1561,-0.010101010101010055,-0.0730403800475059,0.9878571428571429,2001.7142857142858
Fracture Case,2026-04-19 08:00:00+00:00,0.98,1235,0.0,-0.20884048686739265,0.9864285714285713,1860.5714285714287
Fracture Case,2026-04-19 09:00:00+00:00,0.97,1356,-0.010204081632653073,0.0979757085020243,0.9835714285714285,1734.142857142857
Fracture Case,2026-04-19 10:00:00+00:00,0.971,1458,0.0010309278350515427,0.0752212389380531,0.980857142857143,1617.7142857142858
Fracture Case,2026-04-19 11:00:00+00:00,0.975,2001,0.004119464469618972,0.3724279835390947,0.9787142857142858,1599.4285714285713
Fracture Case,2026-04-19 12:00:00+00:00,0.97,1649,-0.00512820512820511,-0.17591204397801097,0.9765714285714285,1563.4285714285713
Fracture Case,2026-04-19 13:00:00+00:00,0.971,2064,0.0010309278350515427,0.25166767738023044,0.9738571428571429,1617.7142857142858
Fracture Case,2026-04-19 14:00:00+00:00,0.96,1826,-0.011328527291452173,-0.11531007751937983,0.971,1655.5714285714287
Fracture Case,2026-04-19 15:00:00+00:00,0.975,2067,0.015625,0.1319824753559693,0.9702857142857143,1774.4285714285713
Fracture Case,2026-04-19 16:00:00+00:00,0.98,2222,0.00512820512820511,0.07498790517658449,0.9717142857142856,1898.142857142857
Fracture Case,2026-04-19 17:00:00+00:00,0.98,2458,0.0,0.1062106210621061,0.973,2041.0
Fracture Case,2026-04-19 18:00:00+00:00,0.973,2583,-0.0071428571428571175,0.050854353132628205,0.9727142857142858,2124.1428571428573
Fracture Case,2026-04-19 19:00:00+00:00,0.975,2875,0.0020554984583760483,0.11304684475416193,0.9734285714285714,2299.285714285714
Fracture Case,2026-04-19 20:00:00+00:00,0.98,3067,0.00512820512820511,0.06678260869565222,0.9747142857142858,2442.5714285714284
Fracture Case,2026-04-19 21:00:00+00:00,0.982,3063,0.0020408163265306367,-0.0013042060645581666,0.9778571428571429,2619.285714285714
Fracture Case,2026-04-19 22:00:00+00:00,0.98,2825,-0.0020366598778004397,-0.07770159973881818,0.9785714285714285,2727.5714285714284
Fracture Case,2026-04-19 23:00:00+00:00,0.98,2419,0.0,-0.14371681415929205,0.9785714285714285,2755.714285714286
Fracture Case,2026-04-20 00:00:00+00:00,0.98,2046,0.0,-0.15419594873914844,0.9785714285714285,2696.8571428571427
Fracture Case,2026-04-20 01:00:00+00:00,0.99,1927,0.010204081632652962,-0.05816226783968714,0.9809999999999999,2603.1428571428573
Fracture Case,2026-04-20 02:00:00+00:00,0.98,1798,-0.010101010101010055,-0.0669434353918007,0.9817142857142857,2449.285714285714
Fracture Case,2026-04-20 03:00:00+00:00,0.98,1768,0.0,-0.016685205784204626,0.9817142857142857,2263.714285714286
Fracture Case,2026-04-20 04:00:00+00:00,0.99,1909,0.010204081632652962,0.0797511312217194,0.9828571428571429,2098.8571428571427
Fracture Case,2026-04-20 05:00:00+00:00,0.98,1350,-0.010101010101010055,-0.2928234677841802,0.9828571428571429,1888.142857142857
Fracture Case,2026-04-20 06:00:00+00:00,0.98,1152,0.0,-0.1466666666666666,0.9828571428571429,1707.142857142857
Fracture Case,2026-04-20 07:00:00+00:00,0.98,909,0.0,-0.2109375,0.9828571428571429,1544.7142857142858
Fracture Case,2026-04-20 08:00:00+00:00,0.97,1293,-0.010204081632653073,0.42244224422442245,0.9800000000000001,1454.142857142857
Fracture Case,2026-04-20 09:00:00+00:00,0.963,917,-0.007216494845360799,-0.29079659706109817,0.9775714285714285,1328.2857142857142
Fracture Case,2026-04-20 10:00:00+00:00,0.97,1073,0.007268951194184803,0.1701199563794984,0.9761428571428571,1229.0
Fracture Case,2026-04-20 11:00:00+00:00,0.97,1390,0.0,0.29543336439888157,0.9732857142857142,1154.857142857143
Fracture Case,2026-04-20 12:00:00+00:00,0.97,1222,0.0,-0.12086330935251799,0.9718571428571429,1136.5714285714287
Fracture Case,2026-04-20 13:00:00+00:00,0.971,1552,0.0010309278350515427,0.27004909983633385,0.9705714285714286,1193.7142857142858
Fracture Case,2026-04-20 14:00:00+00:00,0.974,1583,0.003089598352214118,0.01997422680412364,0.9697142857142856,1290.0
Fracture Case,2026-04-20 15:00:00+00:00,0.972,1572,-0.002053388090349051,-0.006948831332912242,0.97,1329.857142857143
Fracture Case,2026-04-20 16:00:00+00:00,0.973,1715,0.0010288065843622185,0.09096692111959293,0.9714285714285714,1443.857142857143
Fracture Case,2026-04-20 17:00:00+00:00,0.98,2491,0.007194244604316502,0.4524781341107871,0.9728571428571428,1646.4285714285713
Fracture Case,2026-04-20 18:00:00+00:00,0.98,2599,0.0,0.04335608189482132,0.9742857142857143,1819.142857142857
Fracture Case,2026-04-20 19:00:00+00:00,0.98,2347,0.0,-0.0969603693728357,0.9757142857142856,1979.857142857143
Fracture Case,2026-04-20 20:00:00+00:00,0.98,3210,0.0,0.36770345121431625,0.9770000000000001,2216.714285714286
Fracture Case,2026-04-20 21:00:00+00:00,0.977,2155,-0.003061224489795955,-0.32866043613707163,0.9774285714285715,2298.4285714285716
Fracture Case,2026-04-20 22:00:00+00:00,0.98,2325,0.003070624360286489,0.0788863109048723,0.9785714285714285,2406.0
Fracture Case,2026-04-20 23:00:00+00:00,0.98,2077,0.0,-0.10666666666666669,0.9795714285714284,2457.714285714286
Fracture Case,2026-04-21 00:00:00+00:00,0.98,2091,0.0,0.006740491092922518,0.9795714285714286,2400.5714285714284
Fracture Case,2026-04-21 01:00:00+00:00,0.98,1604,0.0,-0.23290291726446677,0.9795714285714284,2258.4285714285716
Fracture Case,2026-04-21 02:00:00+00:00,0.98,1635,0.0,0.019326683291770674,0.9795714285714286,2156.714285714286
Fracture Case,2026-04-21 03:00:00+00:00,0.97,1696,-0.010204081632653073,0.037308868501529036,0.9781428571428571,1940.4285714285713
Fracture Case,2026-04-21 04:00:00+00:00,0.96,1516,-0.010309278350515427,-0.10613207547169812,0.9757142857142856,1849.142857142857
Fracture Case,2026-04-21 05:00:00+00:00,0.96,1341,0.0,-0.1154353562005277,0.9728571428571428,1708.5714285714287
Fracture Case,2026-04-21 06:00:00+00:00,0.965,1128,0.005208333333333259,-0.15883668903803128,0.9707142857142858,1573.0
Fracture Case,2026-04-21 07:00:00+00:00,0.96,1198,-0.005181347150259086,0.06205673758865249,0.9678571428571427,1445.4285714285713
Fracture Case,2026-04-21 08:00:00+00:00,0.95,1162,-0.01041666666666663,-0.03005008347245408,0.9635714285714286,1382.2857142857142
Fracture Case,2026-04-21 09:00:00+00:00,0.945,1443,-0.0052631578947368585,0.24182444061962127,0.9585714285714285,1354.857142857143
Fracture Case,2026-04-21 10:00:00+00:00,0.949,1372,0.004232804232804144,-0.04920304920304919,0.9555714285714286,1308.5714285714287
Fracture Case,2026-04-21 11:00:00+00:00,0.959,1214,0.010537407797681864,-0.1151603498542274,0.9554285714285714,1265.4285714285713
Fracture Case,2026-04-21 12:00:00+00:00,0.959,1195,0.0,-0.01565074135090605,0.9552857142857143,1244.5714285714287
Fracture Case,2026-04-21 13:00:00+00:00,0.96,1415,0.0010427528675704956,0.18410041841004188,0.9545714285714286,1285.5714285714287
Fracture Case,2026-04-21 14:00:00+00:00,0.961,1539,0.0010416666666666075,0.08763250883392226,0.9547142857142857,1334.2857142857142
Fracture Case,2026-04-21 15:00:00+00:00,0.965,1881,0.004162330905306932,0.22222222222222232,0.9568571428571427,1437.0
Fracture Case,2026-04-21 16:00:00+00:00,0.97,2506,0.005181347150259086,0.33227006911217427,0.9604285714285714,1588.857142857143
Fracture Case,2026-04-21 17:00:00+00:00,0.97,2119,0.0,-0.15442936951316844,0.9634285714285714,1695.5714285714287
Fracture Case,2026-04-21 18:00:00+00:00,0.973,2587,0.003092783505154628,0.22085889570552153,0.9654285714285714,1891.7142857142858
Fracture Case,2026-04-21 19:00:00+00:00,0.977,2351,0.004110996916752319,-0.09122535755701588,0.968,2056.8571428571427
Fracture Case,2026-04-21 20:00:00+00:00,0.977,2386,0.0,0.01488728200765621,0.9704285714285713,2195.5714285714284
Fracture Case,2026-04-21 21:00:00+00:00,0.977,2123,0.0,-0.11022632020117351,0.9727142857142858,2279.0
Fracture Case,2026-04-21 22:00:00+00:00,0.979,1837,0.0020470829068577334,-0.13471502590673579,0.9747142857142858,2272.714285714286
Fracture Case,2026-04-21 23:00:00+00:00,0.98,1570,0.0010214504596526286,-0.14534567229178008,0.9761428571428571,2139.0
Fracture Case,2026-04-22 00:00:00+00:00,0.97,2293,-0.010204081632653073,0.4605095541401274,0.9761428571428572,2163.8571428571427
Fracture Case,2026-04-22 01:00:00+00:00,0.97,1879,0.0,-0.18054949847361534,0.9757142857142858,2062.714285714286
Fracture Case,2026-04-22 02:00:00+00:00,0.97,2208,0.0,0.17509313464608844,0.9747142857142856,2042.2857142857142
Fracture Case,2026-04-22 03:00:00+00:00,0.964,2367,-0.006185567010309256,0.0720108695652173,0.972857142857143,2039.5714285714287
Fracture Case,2026-04-22 04:00:00+00:00,0.96,1387,-0.004149377593360981,-0.41402619349387415,0.9704285714285713,1934.4285714285713
Fracture Case,2026-04-22 05:00:00+00:00,0.97,1347,0.01041666666666674,-0.02883922134102379,0.9691428571428571,1864.4285714285713
Fracture Case,2026-04-22 06:00:00+00:00,0.97,1258,0.0,-0.06607275426874537,0.9677142857142857,1819.857142857143
Fracture Case,2026-04-22 07:00:00+00:00,0.97,1376,0.0,0.09379968203497624,0.9677142857142857,1688.857142857143
Fracture Case,2026-04-22 08:00:00+00:00,0.953,1118,-0.017525773195876337,-0.1875,0.9652857142857142,1580.142857142857
Fracture Case,2026-04-22 09:00:00+00:00,0.958,1139,0.005246589716684236,0.01878354203935606,0.9635714285714286,1427.4285714285713
Fracture Case,2026-04-22 10:00:00+00:00,0.96,1117,0.0020876826722338038,-0.019315188762071944,0.9630000000000001,1248.857142857143
Fracture Case,2026-04-22 11:00:00+00:00,0.959,1145,-0.0010416666666667185,0.0250671441360788,0.9628571428571429,1214.2857142857142
Fracture Case,2026-04-22 12:00:00+00:00,0.941,1041,-0.018769551616266922,-0.09082969432314414,0.9587142857142856,1170.5714285714287
Fracture Case,2026-04-22 13:00:00+00:00,0.94,1159,-0.0010626992561104665,0.1133525456292026,0.9544285714285714,1156.4285714285713
Fracture Case,2026-04-22 14:00:00+00:00,0.953,1403,0.01382978723404249,0.21052631578947367,0.952,1160.2857142857142
Fracture Case,2026-04-22 15:00:00+00:00,0.953,1715,0.0,0.22238061297220235,0.952,1245.5714285714287
Fracture Case,2026-04-22 16:00:00+00:00,0.953,1871,0.0,0.09096209912536435,0.9512857142857142,1350.142857142857
Fracture Case,2026-04-22 17:00:00+00:00,0.965,1988,0.012591815320041944,0.0625334045964725,0.952,1474.5714285714287
Fracture Case,2026-04-22 18:00:00+00:00,0.965,2472,0.0,0.24346076458752508,0.9528571428571428,1664.142857142857
Fracture Case,2026-04-22 19:00:00+00:00,0.962,2568,-0.0031088082901554737,0.03883495145631066,0.9558571428571428,1882.2857142857142
Fracture Case,2026-04-22 20:00:00+00:00,0.962,2762,0.0,0.07554517133956384,0.9589999999999999,2111.285714285714
Fracture Case,2026-04-22 21:00:00+00:00,0.96,2896,-0.0020790020790021346,0.04851556842867488,0.96,2324.5714285714284
Fracture Case,2026-04-22 22:00:00+00:00,0.967,2692,0.007291666666666696,-0.0704419889502762,0.962,2464.1428571428573
Fracture Case,2026-04-22 23:00:00+00:00,0.962,2107,-0.005170630816959676,-0.2173105497771174,0.9632857142857143,2497.8571428571427
Fracture Case,2026-04-23 00:00:00+00:00,0.968,1995,0.006237006237006293,-0.05315614617940201,0.9637142857142856,2498.8571428571427
Fracture Case,2026-04-23 01:00:00+00:00,0.96,2131,-0.008264462809917328,0.06817042606516299,0.963,2450.1428571428573
Fracture Case,2026-04-23 02:00:00+00:00,0.96,2027,0.0,-0.04880337869544815,0.9627142857142857,2372.8571428571427
Fracture Case,2026-04-23 03:00:00+00:00,0.96,2197,0.0,0.08386778490379876,0.9624285714285714,2292.1428571428573
Fracture Case,2026-04-23 04:00:00+00:00,0.95,1597,-0.01041666666666663,-0.2730996813837051,0.9610000000000001,2106.5714285714284
Fracture Case,2026-04-23 05:00:00+00:00,0.95,2043,0.0,0.27927363807138383,0.9585714285714284,2013.857142857143
Fracture Case,2026-04-23 06:00:00+00:00,0.944,1217,-0.0063157894736841635,-0.404307391091532,0.9559999999999998,1886.7142857142858
Fracture Case,2026-04-23 07:00:00+00:00,0.95,1075,0.006355932203389925,-0.11668036154478223,0.9534285714285714,1755.2857142857142
Fracture Case,2026-04-23 08:00:00+00:00,0.92,967,-0.03157894736842093,-0.10046511627906973,0.9477142857142856,1589.0
Fracture Case,2026-04-23 09:00:00+00:00,0.91,1283,-0.010869565217391353,0.3267838676318511,0.9405714285714285,1482.7142857142858
Fracture Case,2026-04-23 10:00:00+00:00,0.915,1242,0.005494505494505475,-0.031956352299298496,0.934142857142857,1346.2857142857142
Fracture Case,2026-04-23 11:00:00+00:00,0.93,1799,0.016393442622950838,0.44847020933977455,0.9312857142857143,1375.142857142857
Fracture Case,2026-04-23 12:00:00+00:00,0.929,1224,-0.0010752688172043223,-0.3196220122290161,0.9282857142857143,1258.142857142857
Fracture Case,2026-04-23 13:00:00+00:00,0.93,1803,0.0010764262648008671,0.4730392156862746,0.9262857142857144,1341.857142857143
Fracture Case,2026-04-23 14:00:00+00:00,0.932,1501,0.0021505376344086446,-0.16749861342207428,0.9237142857142857,1402.7142857142858
Fracture Case,2026-04-23 15:00:00+00:00,0.93,1496,-0.0021459227467811592,-0.0033311125916055673,0.9251428571428573,1478.2857142857142
Fracture Case,2026-04-23 16:00:00+00:00,0.932,1910,0.0021505376344086446,0.2767379679144386,0.9282857142857143,1567.857142857143
Fracture Case,2026-04-23 17:00:00+00:00,0.931,2486,-0.0010729613733905241,0.3015706806282723,0.9305714285714286,1745.5714285714287
Fracture Case,2026-04-23 18:00:00+00:00,0.934,2556,0.0032223415682062218,0.028157683024939706,0.9311428571428572,1853.7142857142858
Fracture Case,2026-04-23 19:00:00+00:00,0.932,2785,-0.0021413276231263545,0.08959311424100158,0.9315714285714287,2076.714285714286
Fracture Case,2026-04-23 20:00:00+00:00,0.938,3235,0.006437768240343145,0.16157989228007175,0.9327142857142857,2281.285714285714
Fracture Case,2026-04-23 21:00:00+00:00,0.946,2855,0.008528784648187626,-0.1174652241112828,0.9347142857142857,2474.714285714286
Fracture Case,2026-04-23 22:00:00+00:00,0.946,2195,0.0,-0.2311733800350263,0.9369999999999999,2574.5714285714284
Fracture Case,2026-04-23 23:00:00+00:00,0.947,2253,0.0010570824524311906,0.026423690205011452,0.9391428571428572,2623.5714285714284
Fracture Case,2026-04-24 00:00:00+00:00,0.95,2229,0.0031678986272438703,-0.010652463382157085,0.9418571428571428,2586.8571428571427
Fracture Case,2026-04-24 01:00:00+00:00,0.95,2228,0.0,-0.0004486316733961493,0.9441428571428572,2540.0
Fracture Case,2026-04-24 02:00:00+00:00,0.95,2250,0.0,0.009874326750448859,0.9467142857142857,2463.5714285714284
Fracture Case,2026-04-24 03:00:00+00:00,0.96,1842,0.010526315789473717,-0.18133333333333335,0.9498571428571428,2264.5714285714284
Fracture Case,2026-04-24 04:00:00+00:00,0.96,1605,0.0,-0.12866449511400646,0.9518571428571428,2086.0
Fracture Case,2026-04-24 05:00:00+00:00,0.96,1577,0.0,-0.017445482866043638,0.953857142857143,1997.7142857142858
Fracture Case,2026-04-24 06:00:00+00:00,0.957,1348,-0.0031250000000000444,-0.14521242866201645,0.9552857142857143,1868.4285714285713
Fracture Case,2026-04-24 07:00:00+00:00,0.96,1562,0.0031347962382444194,0.15875370919881315,0.9567142857142857,1773.142857142857
Fracture Case,2026-04-24 08:00:00+00:00,0.95,1089,-0.01041666666666663,-0.30281690140845074,0.9567142857142856,1610.4285714285713
Fracture Case,2026-04-24 09:00:00+00:00,0.921,1295,-0.030526315789473624,0.1891643709825528,0.9525714285714285,1474.0
Fracture Case,2026-04-24 10:00:00+00:00,0.93,1245,0.009771986970684043,-0.038610038610038644,0.9482857142857143,1388.7142857142858
Fracture Case,2026-04-24 11:00:00+00:00,0.94,1305,0.010752688172043001,0.04819277108433728,0.9454285714285714,1345.857142857143
Fracture Case,2026-04-24 12:00:00+00:00,0.949,1487,0.009574468085106425,0.13946360153256698,0.9438571428571427,1333.0
Fracture Case,2026-04-24 13:00:00+00:00,0.949,1683,0.0,0.1318090114324142,0.9427142857142856,1380.857142857143
Fracture Case,2026-04-24 14:00:00+00:00,0.949,1724,0.0,0.024361259655377276,0.9411428571428571,1404.0
Fracture Case,2026-04-24 15:00:00+00:00,0.95,2079,0.0010537407797681642,0.20591647331786533,0.9411428571428572,1545.4285714285713
Fracture Case,2026-04-24 16:00:00+00:00,0.958,2592,0.008421052631578885,0.24675324675324672,0.9464285714285714,1730.7142857142858
Fracture Case,2026-04-24 17:00:00+00:00,0.957,2416,-0.0010438413361169019,-0.0679012345679012,0.9502857142857142,1898.0
Fracture Case,2026-04-24 18:00:00+00:00,0.957,2638,0.0,0.0918874172185431,0.9527142857142856,2088.4285714285716
Fracture Case,2026-04-24 19:00:00+00:00,0.958,3135,0.0010449320794148065,0.18840030326004542,0.954,2323.8571428571427
Fracture Case,2026-04-24 20:00:00+00:00,0.958,3785,0.0,0.2073365231259967,0.9552857142857143,2624.1428571428573
Fracture Case,2026-04-24 21:00:00+00:00,0.96,3633,0.0020876826722338038,-0.040158520475561454,0.9568571428571427,2896.8571428571427
Fracture Case,2026-04-24 22:00:00+00:00,0.96,3909,0.0,0.07597027250206434,0.9582857142857143,3158.285714285714
Fracture Case,2026-04-24 23:00:00+00:00,0.97,2930,0.01041666666666674,-0.2504476848298798,0.96,3206.5714285714284
Fracture Case,2026-04-25 00:00:00+00:00,0.97,3020,0.0,0.030716723549488067,0.9618571428571429,3292.8571428571427
Fracture Case,2026-04-25 01:00:00+00:00,0.97,2302,0.0,-0.2377483443708609,0.9637142857142857,3244.8571428571427
Fracture Case,2026-04-25 02:00:00+00:00,0.97,2721,0.0,0.18201563857515213,0.9654285714285714,3185.714285714286
Fracture Case,2026-04-25 03:00:00+00:00,0.97,2484,0.0,-0.08710033076074974,0.9671428571428571,2999.8571428571427
Fracture Case,2026-04-25 04:00:00+00:00,0.98,2376,0.010309278350515427,-0.04347826086956519,0.9699999999999999,2820.285714285714
Fracture Case,2026-04-25 05:00:00+00:00,0.98,2349,0.0,-0.011363636363636354,0.9728571428571428,2597.4285714285716
Fracture Case,2026-04-25 06:00:00+00:00,0.98,1779,0.0,-0.24265644955300125,0.9742857142857143,2433.0
Fracture Case,2026-04-25 07:00:00+00:00,0.978,2142,-0.0020408163265306367,0.20404721753794264,0.9754285714285714,2307.5714285714284
Fracture Case,2026-04-25 08:00:00+00:00,0.96,1473,-0.018404907975460127,-0.3123249299719888,0.9740000000000001,2189.1428571428573
Fracture Case,2026-04-25 09:00:00+00:00,0.969,1725,0.009374999999999911,0.17107942973523427,0.9738571428571428,2046.857142857143
Fracture Case,2026-04-25 10:00:00+00:00,0.962,1339,-0.007223942208462342,-0.22376811594202894,0.9727142857142858,1883.2857142857142
Fracture Case,2026-04-25 11:00:00+00:00,0.965,1549,0.0031185031185030354,0.15683345780433156,0.9705714285714286,1765.142857142857
Fracture Case,2026-04-25 12:00:00+00:00,0.968,1688,0.0031088082901553626,0.0897353131052292,0.9688571428571429,1670.7142857142858
Fracture Case,2026-04-25 13:00:00+00:00,0.97,2228,0.0020661157024792765,0.3199052132701421,0.9674285714285713,1734.857142857143
Fracture Case,2026-04-25 14:00:00+00:00,0.967,1754,-0.003092783505154628,-0.21274685816876127,0.9658571428571427,1679.4285714285713
Fracture Case,2026-04-25 15:00:00+00:00,0.96,1838,-0.007238883143743546,0.047890535917902044,0.9658571428571427,1731.5714285714287
Fracture Case,2026-04-25 16:00:00+00:00,0.97,2195,0.01041666666666674,0.19423286180631116,0.9660000000000001,1798.7142857142858
Fracture Case,2026-04-25 17:00:00+00:00,0.97,2417,0.0,0.10113895216400914,0.9671428571428571,1952.7142857142858
Fracture Case,2026-04-25 18:00:00+00:00,0.971,2429,0.0010309278350515427,0.004964832436905153,0.968,2078.4285714285716
Fracture Case,2026-04-25 19:00:00+00:00,0.971,2971,0.0,0.22313709345409638,0.9684285714285714,2261.714285714286
Fracture Case,2026-04-25 20:00:00+00:00,0.971,3605,0.0,0.2133961629081118,0.9685714285714285,2458.4285714285716
Fracture Case,2026-04-25 21:00:00+00:00,0.976,3368,0.005149330587023604,-0.06574202496532588,0.9698571428571429,2689.0
Fracture Case,2026-04-25 22:00:00+00:00,0.979,3094,0.0030737704918033515,-0.08135391923990498,0.9725714285714285,2868.4285714285716
Fracture Case,2026-04-25 23:00:00+00:00,0.98,2877,0.0010214504596526286,-0.07013574660633481,0.974,2965.8571428571427
Fracture Case,2026-04-26 00:00:00+00:00,0.98,3138,0.0,0.09071949947862357,0.9754285714285713,3068.8571428571427
Fracture Case,2026-04-26 01:00:00+00:00,0.98,2495,0.0,-0.2049075844486934,0.9767142857142856,3078.285714285714
Fracture Case,2026-04-26 02:00:00+00:00,0.98,2503,0.0,0.0032064128256512614,0.9779999999999999,3011.4285714285716
Fracture Case,2026-04-26 03:00:00+00:00,0.99,2560,0.010204081632652962,0.022772672792648718,0.9807142857142858,2862.1428571428573
Fracture Case,2026-04-26 04:00:00+00:00,0.98,1877,-0.010101010101010055,-0.26679687500000004,0.9812857142857142,2649.1428571428573
Fracture Case,2026-04-26 05:00:00+00:00,0.986,2012,0.00612244897959191,0.0719232818327118,0.9822857142857143,2494.5714285714284
Fracture Case,2026-04-26 06:00:00+00:00,0.98,1384,-0.006085192697768749,-0.3121272365805169,0.9822857142857142,2281.285714285714
Fracture Case,2026-04-26 07:00:00+00:00,0.99,1544,0.010204081632652962,0.11560693641618491,0.9837142857142858,2053.5714285714284
Fracture Case,2026-04-26 08:00:00+00:00,0.977,1531,-0.013131313131313105,-0.008419689119171014,0.9832857142857143,1915.857142857143
Fracture Case,2026-04-26 09:00:00+00:00,0.956,1225,-0.0214943705220062,-0.1998693664271718,0.9798571428571429,1733.2857142857142
Fracture Case,2026-04-26 10:00:00+00:00,0.955,1604,-0.0010460251046024993,0.30938775510204075,0.9748571428571429,1596.7142857142858
Fracture Case,2026-04-26 11:00:00+00:00,0.953,1448,-0.0020942408376963817,-0.09725685785536164,0.971,1535.4285714285713
Fracture Case,2026-04-26 12:00:00+00:00,0.96,1819,0.00734522560335793,0.2562154696132597,0.9672857142857143,1507.857142857143
Fracture Case,2026-04-26 13:00:00+00:00,0.968,1735,0.008333333333333304,-0.04617921935129188,0.9655714285714286,1558.0
Fracture Case,2026-04-26 14:00:00+00:00,0.971,1936,0.0030991735537189147,0.11585014409221905,0.9628571428571429,1614.0
Fracture Case,2026-04-26 15:00:00+00:00,0.969,1989,-0.002059732234809486,0.02737603305785119,0.9617142857142856,1679.4285714285713
Fracture Case,2026-04-26 16:00:00+00:00,0.975,2688,0.006191950464396356,0.35143288084464563,0.9644285714285715,1888.4285714285713
Fracture Case,2026-04-26 17:00:00+00:00,0.98,2194,0.00512820512820511,-0.18377976190476186,0.968,1972.7142857142858
Fracture Case,2026-04-26 18:00:00+00:00,0.983,2399,0.003061224489795844,0.09343664539653607,0.9722857142857142,2108.5714285714284
Fracture Case,2026-04-26 19:00:00+00:00,0.983,3303,0.0,0.3768236765318882,0.9755714285714285,2320.5714285714284
Fracture Case,2026-04-26 20:00:00+00:00,0.984,2869,0.0010172939979653517,-0.13139570087798969,0.9778571428571429,2482.5714285714284
Fracture Case,2026-04-26 21:00:00+00:00,0.983,2441,-0.00101626016260159,-0.14918089926803768,0.9795714285714284,2554.714285714286
Fracture Case,2026-04-26 22:00:00+00:00,0.99,2387,0.007121057985757906,-0.022122081114297365,0.9825714285714285,2611.5714285714284
Fracture Case,2026-04-26 23:00:00+00:00,0.99,1873,0.0,-0.2153330540427315,0.9847142857142857,2495.1428571428573
Fracture Case,2026-04-27 00:00:00+00:00,0.99,1849,0.0,-0.012813667912439985,0.9861428571428572,2445.8571428571427
Fracture Case,2026-04-27 01:00:00+00:00,0.979,1812,-0.011111111111111072,-0.020010816657652808,0.9855714285714284,2362.0
Fracture Case,2026-04-27 02:00:00+00:00,0.971,1855,-0.008171603677221695,0.023730684326710882,0.9838571428571428,2155.1428571428573
Fracture Case,2026-04-27 03:00:00+00:00,0.98,2226,0.009268795056642576,0.19999999999999996,0.9832857142857143,2063.285714285714
Fracture Case,2026-04-27 04:00:00+00:00,0.98,1638,0.0,-0.26415094339622647,0.9828571428571429,1948.5714285714287
Fracture Case,2026-04-27 05:00:00+00:00,0.98,1570,0.0,-0.04151404151404148,0.9814285714285714,1831.857142857143
Fracture Case,2026-04-27 06:00:00+00:00,0.979,1017,-0.0010204081632653184,-0.35222929936305736,0.9798571428571429,1709.5714285714287
Fracture Case,2026-04-27 07:00:00+00:00,0.98,985,0.0010214504596526286,-0.0314650934119961,0.9784285714285713,1586.142857142857
Fracture Case,2026-04-27 08:00:00+00:00,0.98,949,0.0,-0.03654822335025376,0.9785714285714286,1462.857142857143
Fracture Case,2026-04-27 09:00:00+00:00,0.97,791,-0.010204081632653073,-0.16649104320337194,0.9784285714285714,1310.857142857143
Fracture Case,2026-04-27 10:00:00+00:00,0.97,871,0.0,0.10113780025284447,0.977,1117.2857142857142
Fracture Case,2026-04-27 11:00:00+00:00,0.97,958,0.0,0.09988518943742819,0.9755714285714285,1020.1428571428571
Fracture Case,2026-04-27 12:00:00+00:00,0.971,1317,0.0010309278350515427,0.37473903966597066,0.9742857142857142,984.0
Fracture Case,2026-04-27 13:00:00+00:00,0.971,1380,0.0,0.04783599088838275,0.9731428571428571,1035.857142857143
Fracture Case,2026-04-27 14:00:00+00:00,0.971,1348,0.0,-0.023188405797101463,0.9718571428571429,1087.7142857142858
Fracture Case,2026-04-27 15:00:00+00:00,0.971,1589,0.0,0.1787833827893175,0.9705714285714285,1179.142857142857
Fracture Case,2026-04-27 16:00:00+00:00,0.97,1779,-0.001029866117404743,0.11957205789804903,0.9705714285714285,1320.2857142857142
Fracture Case,2026-04-27 17:00:00+00:00,0.97,2672,0.0,0.5019673974142778,0.9705714285714285,1577.5714285714287
Fracture Case,2026-04-27 18:00:00+00:00,0.97,1909,0.0,-0.2855538922155688,0.9705714285714286,1713.4285714285713
Fracture Case,2026-04-27 19:00:00+00:00,0.971,2531,0.0010309278350515427,0.3258250392875852,0.9705714285714286,1886.857142857143
Fracture Case,2026-04-27 20:00:00+00:00,0.983,2601,0.012358393408856916,0.027657052548399896,0.9722857142857143,2061.285714285714
Fracture Case,2026-04-27 21:00:00+00:00,0.984,2766,0.0010172939979653517,0.06343713956170705,0.9741428571428571,2263.8571428571427
Fracture Case,2026-04-27 22:00:00+00:00,0.98,2193,-0.004065040650406471,-0.2071583514099783,0.9754285714285713,2350.1428571428573
Fracture Case,2026-04-27 23:00:00+00:00,0.987,1918,0.0071428571428571175,-0.12539899680802558,0.9778571428571429,2370.0
Fracture Case,2026-04-28 00:00:00+00:00,0.98,1883,-0.007092198581560294,-0.018248175182481785,0.9792857142857143,2257.285714285714
Fracture Case,2026-04-28 01:00:00+00:00,0.98,1497,0.0,-0.20499203398831656,0.9807142857142856,2198.4285714285716
Fracture Case,2026-04-28 02:00:00+00:00,0.98,1780,0.0,0.18904475617902472,0.9820000000000001,2091.1428571428573
Fracture Case,2026-04-28 03:00:00+00:00,0.98,1662,0.0,-0.06629213483146068,0.9815714285714285,1957.0
Fracture Case,2026-04-28 04:00:00+00:00,0.98,1348,0.0,-0.18892900120336942,0.981,1754.4285714285713
Fracture Case,2026-04-28 05:00:00+00:00,0.98,1364,0.0,0.011869436201780381,0.981,1636.0
Fracture Case,2026-04-28 06:00:00+00:00,0.98,1311,0.0,-0.03885630498533721,0.98,1549.2857142857142
Fracture Case,2026-04-28 07:00:00+00:00,0.98,873,0.0,-0.33409610983981697,0.98,1405.0
Fracture Case,2026-04-28 08:00:00+00:00,0.97,1017,-0.010204081632653073,0.1649484536082475,0.9785714285714285,1336.4285714285713
Fracture Case,2026-04-28 09:00:00+00:00,0.968,968,-0.0020618556701030855,-0.048180924287118954,0.9768571428571428,1220.4285714285713
Fracture Case,2026-04-28 10:00:00+00:00,0.963,961,-0.005165289256198302,-0.00723140495867769,0.9744285714285714,1120.2857142857142
Fracture Case,2026-04-28 11:00:00+00:00,0.975,891,0.012461059190031154,-0.07284079084287198,0.9737142857142856,1055.0
Fracture Case,2026-04-28 12:00:00+00:00,0.97,1115,-0.00512820512820511,0.2514029180695847,0.9722857142857143,1019.4285714285714
Fracture Case,2026-04-28 13:00:00+00:00,0.97,1187,0.0,0.06457399103139005,0.9708571428571428,1001.7142857142857
Fracture Case,2026-04-28 14:00:00+00:00,0.964,1404,-0.006185567010309256,0.18281381634372362,0.9685714285714286,1077.5714285714287
Fracture Case,2026-04-28 15:00:00+00:00,0.965,1496,0.0010373443983402453,0.06552706552706544,0.9678571428571429,1146.0
Fracture Case,2026-04-28 16:00:00+00:00,0.975,1891,0.010362694300518172,0.2640374331550801,0.9688571428571429,1277.857142857143
Fracture Case,2026-04-28 17:00:00+00:00,0.976,2195,0.0010256410256410664,0.16076150185087257,0.9707142857142858,1454.142857142857
Fracture Case,2026-04-28 18:00:00+00:00,0.975,2315,-0.0010245901639344135,0.0546697038724373,0.9707142857142858,1657.5714285714287
Fracture Case,2026-04-28 19:00:00+00:00,0.976,2554,0.0010256410256410664,0.1032397408207344,0.9715714285714286,1863.142857142857
Fracture Case,2026-04-28 20:00:00+00:00,0.975,1821,-0.0010245901639344135,-0.28700078308535626,0.9722857142857143,1953.7142857142858
Fracture Case,2026-04-28 21:00:00+00:00,0.98,2058,0.00512820512820511,0.1301482701812191,0.9745714285714284,2047.142857142857
Fracture Case,2026-04-28 22:00:00+00:00,0.98,1947,0.0,-0.05393586005830908,0.9767142857142856,2111.5714285714284
Fracture Case,2026-04-28 23:00:00+00:00,0.98,2007,0.0,0.03081664098613257,0.9774285714285715,2128.1428571428573
Fracture Case,2026-04-29 00:00:00+00:00,0.98,1866,0.0,-0.07025411061285503,0.978,2081.1428571428573
Fracture Case,2026-04-29 01:00:00+00:00,0.98,2363,0.0,0.2663451232583065,0.9787142857142855,2088.0
Fracture Case,2026-04-29 02:00:00+00:00,0.98,2143,0.0,-0.0931019889970377,0.9792857142857142,2029.2857142857142
Fracture Case,2026-04-29 03:00:00+00:00,0.98,2013,0.0,-0.06066262249183385,0.98,2056.714285714286
Fracture Case,2026-04-29 04:00:00+00:00,0.98,1765,0.0,-0.12319920516641825,0.98,2014.857142857143
Fracture Case,2026-04-29 05:00:00+00:00,0.98,1345,0.0,-0.23796033994334276,0.98,1928.857142857143
Fracture Case,2026-04-29 06:00:00+00:00,0.98,1284,0.0,-0.04535315985130106,0.98,1825.5714285714287
Fracture Case,2026-04-29 07:00:00+00:00,0.98,1354,0.0,0.054517133956386354,0.98,1752.4285714285713
Fracture Case,2026-04-29 08:00:00+00:00,0.979,1219,-0.0010204081632653184,-0.09970457902511076,0.9798571428571428,1589.0
Fracture Case,2026-04-29 09:00:00+00:00,0.97,1240,-0.009193054136874323,0.01722723543888427,0.9784285714285714,1460.0
Fracture Case,2026-04-29 10:00:00+00:00,0.97,1099,0.0,-0.1137096774193549,0.977,1329.4285714285713
Fracture Case,2026-04-29 11:00:00+00:00,0.97,1187,0.0,0.08007279344858964,0.9755714285714285,1246.857142857143
Fracture Case,2026-04-29 12:00:00+00:00,0.97,1421,0.0,0.19713563605728734,0.9741428571428571,1257.7142857142858
Fracture Case,2026-04-29 13:00:00+00:00,0.97,1290,0.0,-0.09218859957776215,0.9727142857142858,1258.5714285714287
Fracture Case,2026-04-29 14:00:00+00:00,0.958,1520,-0.012371134020618513,0.17829457364341095,0.9695714285714285,1282.2857142857142
Fracture Case,2026-04-29 15:00:00+00:00,0.97,2531,0.012526096033403045,0.6651315789473684,0.9682857142857143,1469.7142857142858
Fracture Case,2026-04-29 16:00:00+00:00,0.97,2071,0.0,-0.1817463453180561,0.9682857142857142,1588.4285714285713
Fracture Case,2026-04-29 17:00:00+00:00,0.97,2401,0.0,0.1593433124094641,0.9682857142857142,1774.4285714285713
Fracture Case,2026-04-29 18:00:00+00:00,0.97,3082,0.0,0.2836318200749688,0.9682857142857142,2045.142857142857
Fracture Case,2026-04-29 19:00:00+00:00,0.977,2907,0.007216494845360799,-0.05678131083711879,0.9692857142857143,2257.4285714285716
Fracture Case,2026-04-29 20:00:00+00:00,0.978,3374,0.0010235414534287557,0.16064671482628134,0.9704285714285713,2555.1428571428573
Fracture Case,2026-04-29 21:00:00+00:00,0.98,2714,0.002044989775051187,-0.19561351511558978,0.9735714285714286,2725.714285714286
Fracture Case,2026-04-29 22:00:00+00:00,0.98,2483,0.0,-0.0851142225497421,0.9749999999999999,2718.8571428571427
Fracture Case,2026-04-29 23:00:00+00:00,0.98,2300,0.0,-0.07370116794200565,0.9764285714285714,2751.5714285714284
Fracture Case,2026-04-30 00:00:00+00:00,0.98,2351,0.0,0.022173913043478155,0.9778571428571429,2744.4285714285716
Fracture Case,2026-04-30 01:00:00+00:00,0.99,2175,0.010204081632652962,-0.07486176095278607,0.9807142857142858,2614.8571428571427
Fracture Case,2026-04-30 02:00:00+00:00,0.99,1746,0.0,-0.1972413793103448,0.9825714285714285,2449.0
Fracture Case,2026-04-30 03:00:00+00:00,0.99,1822,0.0,0.043528064146620915,0.9842857142857143,2227.285714285714
Fracture Case,2026-04-30 04:00:00+00:00,0.99,1771,0.0,-0.02799121844127328,0.9857142857142857,2092.5714285714284
Fracture Case,2026-04-30 05:00:00+00:00,0.986,1778,-0.004040404040404066,0.0039525691699604515,0.9865714285714287,1991.857142857143
Fracture Case,2026-04-30 06:00:00+00:00,0.99,1370,0.0040567951318457585,-0.22947131608548932,0.9879999999999999,1859.0
Fracture Case,2026-04-30 07:00:00+00:00,1.0,1415,0.010101010101010166,0.03284671532846706,0.9908571428571429,1725.2857142857142
Fracture Case,2026-04-30 08:00:00+00:00,0.982,1309,-0.018000000000000016,-0.0749116607773852,0.9897142857142857,1601.5714285714287
Fracture Case,2026-04-30 09:00:00+00:00,0.97,1399,-0.012219959266802416,0.06875477463712754,0.9868571428571428,1552.0
Fracture Case,2026-04-30 10:00:00+00:00,0.97,1279,0.0,-0.08577555396711933,0.984,1474.4285714285713
Fracture Case,2026-04-30 11:00:00+00:00,0.969,1341,-0.0010309278350515427,0.048475371383893684,0.981,1413.0
Fracture Case,2026-04-30 12:00:00+00:00,0.971,1578,0.002063983488132193,0.1767337807606264,0.9788571428571429,1384.4285714285713
Fracture Case,2026-04-30 13:00:00+00:00,0.97,1507,-0.001029866117404743,-0.04499366286438533,0.976,1404.0
Fracture Case,2026-04-30 14:00:00+00:00,0.982,1517,0.012371134020618513,0.006635700066357053,0.9734285714285714,1418.5714285714287
Fracture Case,2026-04-30 15:00:00+00:00,0.97,1710,-0.012219959266802416,0.12722478576137108,0.9717142857142856,1475.857142857143
Fracture Case,2026-04-30 16:00:00+00:00,0.97,2057,0.0,0.20292397660818717,0.9717142857142856,1569.857142857143
Fracture Case,2026-04-30 17:00:00+00:00,0.98,2676,0.010309278350515427,0.300923675255226,0.9731428571428571,1769.4285714285713
Fracture Case,2026-04-30 18:00:00+00:00,0.982,2565,0.0020408163265306367,-0.041479820627802644,0.975,1944.2857142857142
Fracture Case,2026-04-30 19:00:00+00:00,0.982,2521,0.0,-0.017153996101364477,0.9765714285714286,2079.0
Fracture Case,2026-04-30 20:00:00+00:00,0.99,3300,0.008146639511201537,0.30900436334787784,0.9794285714285714,2335.1428571428573
Fracture Case,2026-04-30 21:00:00+00:00,0.993,3555,0.003030303030302939,0.07727272727272738,0.981,2626.285714285714
Fracture Case,2026-04-30 22:00:00+00:00,0.99,3417,-0.0030211480362537513,-0.03881856540084383,0.9838571428571429,2870.1428571428573
Fracture Case,2026-04-30 23:00:00+00:00,0.99,2745,0.0,-0.19666374012291488,0.9867142857142855,2968.4285714285716
Fracture Case,2026-05-01 00:00:00+00:00,0.99,2498,0.0,-0.08998178506375232,0.9881428571428571,2943.0
Fracture Case,2026-05-01 01:00:00+00:00,1.0,2533,0.010101010101010166,0.014011208967173783,0.9907142857142857,2938.4285714285716
Fracture Case,2026-05-01 02:00:00+00:00,1.0,2355,0.0,-0.07027240426371895,0.9932857142857142,2914.714285714286
Fracture Case,2026-05-01 03:00:00+00:00,1.0,2176,0.0,-0.0760084925690021,0.9947142857142858,2754.1428571428573
Fracture Case,2026-05-01 04:00:00+00:00,1.0,2013,0.0,-0.07490808823529416,0.9957142857142857,2533.8571428571427
Fracture Case,2026-05-01 05:00:00+00:00,1.0,1681,0.0,-0.16492796820665678,0.9971428571428571,2285.8571428571427
Fracture Case,2026-05-01 06:00:00+00:00,1.0,1653,0.0,-0.016656751933373015,0.9985714285714286,2129.8571428571427
Fracture Case,2026-05-01 07:00:00+00:00,1.0,1426,0.0,-0.13732607380520268,1.0,1976.7142857142858
Fracture Case,2026-05-01 08:00:00+00:00,0.98,1111,-0.020000000000000018,-0.22089761570827493,0.9971428571428572,1773.5714285714287
Fracture Case,2026-05-01 09:00:00+00:00,0.977,1327,-0.003061224489795955,0.19441944194419447,0.9938571428571429,1626.7142857142858
Fracture Case,2026-05-01 10:00:00+00:00,0.986,1661,0.00921187308085969,0.25169555388093445,0.9918571428571428,1553.142857142857
Fracture Case,2026-05-01 11:00:00+00:00,0.99,1314,0.0040567951318457585,-0.20891029500301028,0.9904285714285714,1453.2857142857142
Fracture Case,2026-05-01 12:00:00+00:00,0.993,1854,0.003030303030302939,0.41095890410958913,0.9894285714285714,1478.0
Fracture Case,2026-05-01 13:00:00+00:00,0.993,1731,0.0,-0.06634304207119746,0.9884285714285713,1489.142857142857
Fracture Case,2026-05-01 14:00:00+00:00,0.999,2061,0.0060422960725075026,0.19064124783362213,0.9882857142857143,1579.857142857143
Fracture Case,2026-05-01 15:00:00+00:00,1.0,2113,0.0010010010010010895,0.025230470645317915,0.9911428571428572,1723.0
Fracture Case,2026-05-01 16:00:00+00:00,1.0,1960,0.0,-0.07240889730241362,0.9944285714285714,1813.4285714285713
Fracture Case,2026-05-01 17:00:00+00:00,1.004,2337,0.0040000000000000036,0.19234693877551012,0.997,1910.0
Fracture Case,2026-05-01 18:00:00+00:00,1.004,2412,0.0,0.03209242618741981,0.999,2066.8571428571427
Fracture Case,2026-05-01 19:00:00+00:00,1.007,2543,0.0029880478087649376,0.054311774461028195,1.001,2165.285714285714
Fracture Case,2026-05-01 20:00:00+00:00,1.01,3491,0.002979145978152964,0.3727880456154149,1.0034285714285713,2416.714285714286
Fracture Case,2026-05-01 21:00:00+00:00,1.01,3463,0.0,-0.008020624462904635,1.0050000000000001,2617.0
Fracture Case,2026-05-01 22:00:00+00:00,1.01,3027,0.0,-0.12590239676580994,1.0064285714285715,2747.5714285714284
Fracture Case,2026-05-01 23:00:00+00:00,1.01,3226,0.0,0.06574165840766444,1.0078571428571428,2928.4285714285716
Fracture Case,2026-05-02 00:00:00+00:00,1.01,2574,0.0,-0.2021078735275883,1.0087142857142857,2962.285714285714
Fracture Case,2026-05-02 01:00:00+00:00,1.01,2809,0.0,0.0912975912975913,1.0095714285714286,3019.0
Fracture Case,2026-05-02 02:00:00+00:00,1.01,2216,0.0,-0.2111071555713777,1.01,2972.285714285714
Fracture Case,2026-05-02 03:00:00+00:00,1.01,2395,0.0,0.0807761732851986,1.01,2815.714285714286
Fracture Case,2026-05-02 04:00:00+00:00,1.01,2442,0.0,0.019624217118997977,1.01,2669.8571428571427
Fracture Case,2026-05-02 05:00:00+00:00,1.022,1727,0.011881188118811892,-0.2927927927927928,1.0117142857142858,2484.1428571428573
Fracture Case,2026-05-02 06:00:00+00:00,1.03,1808,0.007827788649706457,0.046902142443543626,1.0145714285714287,2281.5714285714284
Fracture Case,2026-05-02 07:00:00+00:00,1.01,1458,-0.01941747572815533,-0.19358407079646023,1.0145714285714287,2122.1428571428573
Fracture Case,2026-05-02 08:00:00+00:00,1.0,1508,-0.00990099009900991,0.03429355281207136,1.0131428571428571,1936.2857142857142
Fracture Case,2026-05-02 09:00:00+00:00,1.0,1486,0.0,-0.01458885941644561,1.0117142857142858,1832.0
Fracture Case,2026-05-02 10:00:00+00:00,1.0,1491,0.0,0.003364737550471064,1.0102857142857142,1702.857142857143
Fracture Case,2026-05-02 11:00:00+00:00,0.99,1249,-0.010000000000000009,-0.16230717639168346,1.0074285714285716,1532.4285714285713
Fracture Case,2026-05-02 12:00:00+00:00,0.99,1284,0.0,0.028022417934347565,1.002857142857143,1469.142857142857
Fracture Case,2026-05-02 13:00:00+00:00,0.987,1648,-0.00303030303030305,0.28348909657320864,0.9967142857142857,1446.2857142857142
Fracture Case,2026-05-02 14:00:00+00:00,1.0,1399,0.01317122593718345,-0.15109223300970875,0.9952857142857143,1437.857142857143
Fracture Case,2026-05-02 15:00:00+00:00,0.999,1902,-0.0010000000000000009,0.359542530378842,0.9951428571428572,1494.142857142857
Fracture Case,2026-05-02 16:00:00+00:00,1.01,2113,0.011011011011011096,0.1109358569926393,0.9965714285714286,1583.7142857142858
Fracture Case,2026-05-02 17:00:00+00:00,1.008,1979,-0.001980198019801982,-0.06341694273544718,0.9977142857142857,1653.4285714285713
Fracture Case,2026-05-02 18:00:00+00:00,1.01,2346,0.001984126984126977,0.18544719555330968,1.0005714285714284,1810.142857142857
Fracture Case,2026-05-02 19:00:00+00:00,1.01,2183,0.0,-0.0694799658994032,1.0034285714285713,1938.5714285714287
Fracture Case,2026-05-02 20:00:00+00:00,1.01,2681,0.0,0.2281264315162621,1.006714285714286,2086.1428571428573
Fracture Case,2026-05-02 21:00:00+00:00,1.011,2968,0.000990099009900991,0.10704960835509136,1.0082857142857142,2310.285714285714
Fracture Case,2026-05-02 22:00:00+00:00,1.011,2937,0.0,-0.01044474393530992,1.01,2458.1428571428573
Fracture Case,2026-05-02 23:00:00+00:00,1.025,2349,0.013847675568743778,-0.20020429009193053,1.0121428571428572,2491.8571428571427
Fracture Case,2026-05-03 00:00:00+00:00,1.025,2289,0.0,-0.025542784163473775,1.0145714285714285,2536.1428571428573
Fracture Case,2026-05-03 01:00:00+00:00,1.03,2348,0.004878048780487809,0.02577544779379637,1.0174285714285713,2536.4285714285716
Fracture Case,2026-05-03 02:00:00+00:00,1.03,1925,0.0,-0.18015332197614986,1.0202857142857142,2499.5714285714284
Fracture Case,2026-05-03 03:00:00+00:00,1.03,2291,0.0,0.19012987012987015,1.023142857142857,2443.8571428571427
Fracture Case,2026-05-03 04:00:00+00:00,1.03,1855,0.0,-0.1903099083369707,1.0258571428571428,2284.8571428571427
Fracture Case,2026-05-03 05:00:00+00:00,1.03,1857,0.0,0.0010781671159030282,1.0285714285714287,2130.5714285714284
Fracture Case,2026-05-03 06:00:00+00:00,1.03,1384,0.0,-0.25471190091545504,1.0292857142857144,1992.7142857142858
Fracture Case,2026-05-03 07:00:00+00:00,1.03,1507,0.0,0.08887283236994215,1.03,1881.0
Fracture Case,2026-05-03 08:00:00+00:00,1.011,1341,-0.018446601941747742,-0.11015262110152624,1.0272857142857144,1737.142857142857
Fracture Case,2026-05-03 09:00:00+00:00,1.005,1305,-0.005934718100890191,-0.02684563758389258,1.0237142857142856,1648.5714285714287
Fracture Case,2026-05-03 10:00:00+00:00,1.008,1513,0.0029850746268658135,0.15938697318007655,1.0205714285714285,1537.4285714285713
Fracture Case,2026-05-03 11:00:00+00:00,1.0,1641,-0.007936507936507908,0.08460013218770657,1.0162857142857142,1506.857142857143
Fracture Case,2026-05-03 12:00:00+00:00,1.008,1978,0.008000000000000007,0.20536258379037164,1.0131428571428571,1524.142857142857
Fracture Case,2026-05-03 13:00:00+00:00,1.01,1830,0.001984126984126977,-0.07482305358948438,1.0102857142857142,1587.857142857143
Fracture Case,2026-05-03 14:00:00+00:00,1.011,1795,0.000990099009900991,-0.01912568306010931,1.0075714285714286,1629.0
Fracture Case,2026-05-03 15:00:00+00:00,1.011,2114,0.0,0.17771587743732598,1.0075714285714286,1739.4285714285713
Fracture Case,2026-05-03 16:00:00+00:00,1.011,2106,0.0,-0.0037842951750236553,1.0084285714285715,1853.857142857143
Fracture Case,2026-05-03 17:00:00+00:00,1.01,2253,-0.0009891196834815874,0.0698005698005697,1.0087142857142857,1959.5714285714287
Fracture Case,2026-05-03 18:00:00+00:00,1.01,2138,0.0,-0.05104305370616957,1.010142857142857,2030.5714285714287
Fracture Case,2026-05-03 19:00:00+00:00,1.011,2535,0.000990099009900991,0.18568755846585594,1.0105714285714285,2110.1428571428573
Fracture Case,2026-05-03 20:00:00+00:00,1.028,2528,0.016815034619189095,-0.002761341222879632,1.0131428571428571,2209.8571428571427
Fracture Case,2026-05-03 21:00:00+00:00,1.03,2296,0.0019455252918287869,-0.09177215189873422,1.0158571428571428,2281.4285714285716
Fracture Case,2026-05-03 22:00:00+00:00,1.03,2335,0.0,0.016986062717770034,1.0185714285714285,2313.0
Fracture Case,2026-05-03 23:00:00+00:00,1.03,2233,0.0,-0.0436830835117773,1.0212857142857144,2331.1428571428573
Fracture Case,2026-05-04 00:00:00+00:00,1.03,1876,0.0,-0.15987460815047017,1.0241428571428572,2277.285714285714
Fracture Case,2026-05-04 01:00:00+00:00,1.03,1552,0.0,-0.1727078891257996,1.027,2193.5714285714284
Fracture Case,2026-05-04 02:00:00+00:00,1.03,1382,0.0,-0.10953608247422686,1.0297142857142858,2028.857142857143
Fracture Case,2026-05-04 03:00:00+00:00,1.03,1395,0.0,0.00940665701881338,1.03,1867.0
Fracture Case,2026-05-04 04:00:00+00:00,1.03,1525,0.0,0.09318996415770608,1.03,1756.857142857143
Fracture Case,2026-05-04 05:00:00+00:00,1.01,1346,-0.01941747572815533,-0.11737704918032787,1.0271428571428571,1615.5714285714287
Fracture Case,2026-05-04 06:00:00+00:00,1.01,1205,0.0,-0.10475482912332834,1.0242857142857142,1468.7142857142858
Fracture Case,2026-05-04 07:00:00+00:00,1.01,911,0.0,-0.24398340248962658,1.0214285714285716,1330.857142857143
Fracture Case,2026-05-04 08:00:00+00:00,0.994,865,-0.015841584158415856,-0.05049396267837536,1.0162857142857145,1232.7142857142858
Fracture Case,2026-05-04 09:00:00+00:00,0.999,1080,0.005030181086519203,0.24855491329479773,1.0118571428571428,1189.5714285714287
Fracture Case,2026-05-04 10:00:00+00:00,1.0,1053,0.0010010010010010895,-0.025000000000000022,1.0075714285714286,1140.7142857142858
Fracture Case,2026-05-04 11:00:00+00:00,1.006,1104,0.006000000000000005,0.04843304843304841,1.0041428571428572,1080.5714285714287
Fracture Case,2026-05-04 12:00:00+00:00,1.008,1404,0.001988071570576455,0.2717391304347827,1.0038571428571428,1088.857142857143
Fracture Case,2026-05-04 13:00:00+00:00,1.011,1267,0.0029761904761904656,-0.0975783475783476,1.004,1097.7142857142858
Fracture Case,2026-05-04 14:00:00+00:00,1.011,1601,0.0,0.2636148382004735,1.0041428571428572,1196.2857142857142
Fracture Case,2026-05-04 15:00:00+00:00,1.011,1755,0.0,0.09618988132417239,1.0065714285714287,1323.4285714285713
Fracture Case,2026-05-04 16:00:00+00:00,1.008,1979,-0.0029673590504449843,0.1276353276353277,1.0078571428571428,1451.857142857143
Fracture Case,2026-05-04 17:00:00+00:00,1.01,2012,0.001984126984126977,0.016675088428499185,1.0092857142857141,1588.857142857143
Fracture Case,2026-05-04 18:00:00+00:00,1.0,1451,-0.00990099009900991,-0.2788270377733598,1.0084285714285712,1638.4285714285713
Fracture Case,2026-05-04 19:00:00+00:00,1.011,2908,0.010999999999999899,1.0041350792556858,1.008857142857143,1853.2857142857142
Fracture Case,2026-05-04 20:00:00+00:00,1.011,2711,0.0,-0.06774415405777168,1.0088571428571427,2059.5714285714284
Fracture Case,2026-05-04 21:00:00+00:00,1.01,2732,-0.0009891196834815874,0.007746219107340524,1.0087142857142857,2221.1428571428573
Fracture Case,2026-05-04 22:00:00+00:00,1.018,2431,0.007920792079207928,-0.11017569546120054,1.0097142857142856,2317.714285714286
Fracture Case,2026-05-04 23:00:00+00:00,1.023,1714,0.004911591355599043,-0.29494035376388317,1.0118571428571428,2279.8571428571427
Fracture Case,2026-05-05 00:00:00+00:00,1.03,1912,0.006842619745845768,0.11551925320886824,1.0147142857142857,2265.5714285714284
Fracture Case,2026-05-05 01:00:00+00:00,1.027,1645,-0.002912621359223433,-0.1396443514644351,1.0185714285714285,2293.285714285714
Fracture Case,2026-05-05 02:00:00+00:00,1.03,1948,0.002921129503408171,0.1841945288753799,1.0212857142857141,2156.1428571428573
Fracture Case,2026-05-05 03:00:00+00:00,1.03,1938,0.0,-0.005133470225872738,1.024,2045.7142857142858
Fracture Case,2026-05-05 04:00:00+00:00,1.03,1427,0.0,-0.26367389060887514,1.026857142857143,1859.2857142857142
Fracture Case,2026-05-05 05:00:00+00:00,1.019,1135,-0.010679611650485588,-0.204625087596356,1.027,1674.142857142857
Fracture Case,2026-05-05 06:00:00+00:00,1.01,1239,-0.008832188420019538,0.09162995594713652,1.0251428571428571,1606.2857142857142
Fracture Case,2026-05-05 07:00:00+00:00,1.02,926,0.00990099009900991,-0.2526230831315577,1.0237142857142858,1465.4285714285713
Fracture Case,2026-05-05 08:00:00+00:00,1.0,1012,-0.019607843137254943,0.09287257019438444,1.0198571428571428,1375.0
Fracture Case,2026-05-05 09:00:00+00:00,1.0,1095,0.0,0.08201581027667992,1.0155714285714286,1253.142857142857
Fracture Case,2026-05-05 10:00:00+00:00,0.997,732,-0.0030000000000000027,-0.33150684931506846,1.010857142857143,1080.857142857143
Fracture Case,2026-05-05 11:00:00+00:00,0.996,957,-0.0010030090270812808,0.3073770491803278,1.006,1013.7142857142857
Fracture Case,2026-05-05 12:00:00+00:00,1.006,1196,0.010040160642570184,0.2497387669801463,1.0041428571428572,1022.4285714285714
Fracture Case,2026-05-05 13:00:00+00:00,0.993,1339,-0.012922465208747513,0.11956521739130443,1.0017142857142858,1036.7142857142858
Fracture Case,2026-05-05 14:00:00+00:00,1.0,1283,0.007049345417925457,-0.041822255414488474,0.998857142857143,1087.7142857142858
Fracture Case,2026-05-05 15:00:00+00:00,1.006,1677,0.006000000000000005,0.3070927513639907,0.9997142857142859,1182.7142857142858
Fracture Case,2026-05-05 16:00:00+00:00,1.006,1762,0.0,0.05068574836016704,1.0005714285714287,1278.0
Fracture Case,2026-05-05 17:00:00+00:00,1.01,2308,0.003976143141153132,0.3098751418842225,1.0024285714285714,1503.142857142857
Fracture Case,2026-05-05 18:00:00+00:00,1.006,2103,-0.003960396039603964,-0.08882149046793764,1.0038571428571428,1666.857142857143
Fracture Case,2026-05-05 19:00:00+00:00,1.012,2450,0.005964214711729587,0.16500237755587266,1.0047142857142857,1846.0
Fracture Case,2026-05-05 20:00:00+00:00,1.016,2312,0.0039525691699604515,-0.05632653061224491,1.008,1985.0
Fracture Case,2026-05-05 21:00:00+00:00,1.01,2356,-0.0059055118110236116,0.01903114186851207,1.0094285714285713,2138.285714285714
Fracture Case,2026-05-05 22:00:00+00:00,1.01,2198,0.0,-0.06706281833616301,1.01,2212.714285714286
Fracture Case,2026-05-05 23:00:00+00:00,1.016,1778,0.005940594059405946,-0.19108280254777066,1.0114285714285713,2215.0
Fracture Case,2026-05-06 00:00:00+00:00,1.01,1391,-0.0059055118110236116,-0.2176602924634421,1.0114285714285713,2084.0
Fracture Case,2026-05-06 01:00:00+00:00,1.01,1471,0.0,0.0575125808770669,1.012,1993.7142857142858
Fracture Case,2026-05-06 02:00:00+00:00,1.01,1533,0.0,0.042148198504418755,1.0117142857142858,1862.7142857142858
Fracture Case,2026-05-06 03:00:00+00:00,1.0,1574,-0.00990099009900991,0.026744944553163785,1.0094285714285713,1757.2857142857142
Fracture Case,2026-05-06 04:00:00+00:00,1.0,1603,0.0,0.01842439644218552,1.008,1649.7142857142858
Fracture Case,2026-05-06 05:00:00+00:00,1.0,1258,0.0,-0.2152214597629445,1.0065714285714287,1515.4285714285713
Fracture Case,2026-05-06 06:00:00+00:00,1.0,1084,0.0,-0.13831478537360886,1.0042857142857142,1416.2857142857142
Fracture Case,2026-05-06 07:00:00+00:00,1.0,833,0.0,-0.231549815498155,1.002857142857143,1336.5714285714287
Fracture Case,2026-05-06 08:00:00+00:00,0.97,1119,-0.030000000000000027,0.34333733493397367,0.9971428571428571,1286.2857142857142
Fracture Case,2026-05-06 09:00:00+00:00,0.96,1009,-0.010309278350515427,-0.09830205540661308,0.99,1211.4285714285713
Fracture Case,2026-05-06 10:00:00+00:00,0.987,1144,0.028124999999999956,0.13379583746283452,0.9881428571428571,1150.0
Fracture Case,2026-05-06 11:00:00+00:00,0.98,1147,-0.007092198581560294,0.002622377622377714,0.9852857142857143,1084.857142857143
Fracture Case,2026-05-06 12:00:00+00:00,0.971,1247,-0.009183673469387754,0.08718395815169999,0.9811428571428572,1083.2857142857142
Fracture Case,2026-05-06 13:00:00+00:00,0.98,1216,0.009268795056642576,-0.024859663191659997,0.9782857142857143,1102.142857142857
Fracture Case,2026-05-06 14:00:00+00:00,0.969,1546,-0.011224489795918391,0.27138157894736836,0.9738571428571429,1204.0
Fracture Case,2026-05-06 15:00:00+00:00,0.98,1576,0.011351909184726505,0.019404915912031084,0.9752857142857143,1269.2857142857142
Fracture Case,2026-05-06 16:00:00+00:00,0.994,2075,0.014285714285714235,0.3166243654822336,0.9801428571428571,1421.5714285714287
Fracture Case,2026-05-06 17:00:00+00:00,0.994,2442,0.0,0.17686746987951807,0.9811428571428572,1607.0
Fracture Case,2026-05-06 18:00:00+00:00,0.994,2352,0.0,-0.03685503685503688,0.9831428571428571,1779.142857142857
Fracture Case,2026-05-06 19:00:00+00:00,1.0,2827,0.006036217303822866,0.2019557823129252,0.9872857142857142,2004.857142857143
Fracture Case,2026-05-06 20:00:00+00:00,1.002,2352,0.0020000000000000018,-0.16802263883975943,0.9904285714285714,2167.1428571428573
Fracture Case,2026-05-06 21:00:00+00:00,1.007,2675,0.004990019960079639,0.1373299319727892,0.9958571428571428,2328.4285714285716
Fracture Case,2026-05-06 22:00:00+00:00,1.009,2456,0.0019860973187686426,-0.08186915887850466,1.0,2454.1428571428573
Fracture Case,2026-05-06 23:00:00+00:00,1.01,2548,0.0009910802775026095,0.037459283387622166,1.0022857142857142,2521.714285714286
Fracture Case,2026-05-07 00:00:00+00:00,1.01,1797,0.0,-0.2947409733124019,1.0045714285714284,2429.5714285714284
Fracture Case,2026-05-07 01:00:00+00:00,1.03,1695,0.01980198019801982,-0.056761268781302165,1.0097142857142856,2335.714285714286
Fracture Case,2026-05-07 02:00:00+00:00,1.03,1663,0.0,-0.01887905604719764,1.014,2169.4285714285716
Fracture Case,2026-05-07 03:00:00+00:00,1.028,1598,-0.001941747572815511,-0.03908598917618766,1.0177142857142856,2061.714285714286
Fracture Case,2026-05-07 04:00:00+00:00,1.03,1212,0.0019455252918287869,-0.2415519399249061,1.0210000000000001,1852.7142857142858
Fracture Case,2026-05-07 05:00:00+00:00,1.01,1093,-0.01941747572815533,-0.09818481848184824,1.0211428571428571,1658.0
Fracture Case,2026-05-07 06:00:00+00:00,1.01,1113,0.0,0.018298261665141702,1.0211428571428571,1453.0
Fracture Case,2026-05-07 07:00:00+00:00,1.01,858,0.0,-0.22911051212938005,1.0211428571428571,1318.857142857143
Fracture Case,2026-05-07 08:00:00+00:00,1.0,874,-0.00990099009900991,0.018648018648018683,1.016857142857143,1201.5714285714287
Fracture Case,2026-05-07 09:00:00+00:00,0.987,976,-0.013000000000000012,0.1167048054919908,1.0107142857142857,1103.4285714285713
Fracture Case,2026-05-07 10:00:00+00:00,0.987,1151,0.0,0.1793032786885247,1.004857142857143,1039.5714285714287
Fracture Case,2026-05-07 11:00:00+00:00,1.0,1115,0.01317122593718345,-0.0312771503040834,1.0005714285714284,1025.7142857142858
Fracture Case,2026-05-07 12:00:00+00:00,1.004,1461,0.0040000000000000036,0.3103139013452916,0.9997142857142858,1078.2857142857142
Fracture Case,2026-05-07 13:00:00+00:00,0.999,1298,-0.004980079681274896,-0.1115674195756331,0.998142857142857,1104.7142857142858
Fracture Case,2026-05-07 14:00:00+00:00,1.0,1349,0.0010010010010010895,0.03929121725731899,0.9967142857142858,1174.857142857143
Fracture Case,2026-05-07 15:00:00+00:00,1.009,1813,0.008999999999999897,0.3439584877687176,0.998,1309.0
Fracture Case,2026-05-07 16:00:00+00:00,1.01,2201,0.0009910802775026095,0.21400992829564247,1.0012857142857141,1484.0
Fracture Case,2026-05-07 17:00:00+00:00,1.01,2492,0.0,0.13221263062244426,1.0045714285714287,1675.5714285714287
Fracture Case,2026-05-07 18:00:00+00:00,1.01,2160,0.0,-0.1332263242375602,1.006,1824.857142857143
Fracture Case,2026-05-07 19:00:00+00:00,1.01,2334,0.0,0.08055555555555549,1.006857142857143,1949.5714285714287
Fracture Case,2026-05-07 20:00:00+00:00,1.01,2902,0.0,0.2433590402742074,1.0084285714285715,2178.714285714286
Fracture Case,2026-05-07 21:00:00+00:00,1.012,2387,0.001980198019801982,-0.1774638180565128,1.010142857142857,2327.0
Fracture Case,2026-05-07 22:00:00+00:00,1.01,2088,-0.0019762845849802257,-0.12526183493925425,1.0102857142857142,2366.285714285714
Fracture Case,2026-05-07 23:00:00+00:00,1.01,2233,0.0,0.06944444444444442,1.0102857142857142,2370.8571428571427
Fracture Case,2026-05-08 00:00:00+00:00,1.012,1803,0.001980198019801982,-0.1925660546350202,1.0105714285714285,2272.4285714285716
Fracture Case,2026-05-08 01:00:00+00:00,1.026,2133,0.01383399209486158,0.18302828618968392,1.012857142857143,2268.5714285714284
Fracture Case,2026-05-08 02:00:00+00:00,1.016,2183,-0.00974658869395717,0.02344116268166907,1.0137142857142858,2247.0
Fracture Case,2026-05-08 03:00:00+00:00,1.027,1606,0.010826771653543288,-0.26431516262024735,1.0161428571428572,2061.8571428571427
Fracture Case,2026-05-08 04:00:00+00:00,1.03,1577,0.002921129503408171,-0.018057285180572813,1.0187142857142857,1946.142857142857
Fracture Case,2026-05-08 05:00:00+00:00,1.025,1248,-0.004854368932038944,-0.20862396956246032,1.020857142857143,1826.142857142857
Fracture Case,2026-05-08 06:00:00+00:00,1.03,1284,0.004878048780487809,0.028846153846153744,1.0237142857142858,1690.5714285714287
Fracture Case,2026-05-08 07:00:00+00:00,1.03,914,0.0,-0.2881619937694704,1.0262857142857142,1563.5714285714287
Fracture Case,2026-05-08 08:00:00+00:00,1.007,1136,-0.022330097087378764,0.24288840262582068,1.0235714285714286,1421.142857142857
Fracture Case,2026-05-08 09:00:00+00:00,0.991,950,-0.015888778550148808,-0.16373239436619713,1.02,1245.0
Fracture Case,2026-05-08 10:00:00+00:00,0.978,863,-0.013118062563067578,-0.0915789473684211,1.013,1138.857142857143
Fracture Case,2026-05-08 11:00:00+00:00,0.977,955,-0.0010224948875255935,0.10660486674391656,1.0054285714285716,1050.0
Fracture Case,2026-05-08 12:00:00+00:00,0.97,1600,-0.007164790174002067,0.675392670157068,0.9975714285714286,1100.2857142857142
Fracture Case,2026-05-08 13:00:00+00:00,0.976,1365,0.006185567010309256,-0.14687499999999998,0.9898571428571428,1111.857142857143
Fracture Case,2026-05-08 14:00:00+00:00,0.977,1780,0.0010245901639345245,0.30402930402930406,0.9822857142857142,1235.5714285714287
Fracture Case,2026-05-08 15:00:00+00:00,0.989,2010,0.0122824974411464,0.1292134831460674,0.9797142857142856,1360.4285714285713
Fracture Case,2026-05-08 16:00:00+00:00,0.991,2365,0.002022244691607611,0.1766169154228856,0.9797142857142856,1562.5714285714287
Fracture Case,2026-05-08 17:00:00+00:00,1.0,2591,0.00908173562058523,0.0955602536997886,0.982857142857143,1809.4285714285713
Fracture Case,2026-05-08 18:00:00+00:00,1.0,2613,0.0,0.008490930142802,0.9861428571428572,2046.2857142857142
Fracture Case,2026-05-08 19:00:00+00:00,1.01,2838,0.010000000000000009,0.08610792192881744,0.9918571428571429,2223.1428571428573
Fracture Case,2026-05-08 20:00:00+00:00,1.012,2727,0.001980198019801982,-0.039112050739957716,0.997,2417.714285714286
Fracture Case,2026-05-08 21:00:00+00:00,1.012,2715,0.0,-0.004400440044004417,1.002,2551.285714285714
Fracture Case,2026-05-08 22:00:00+00:00,1.012,3185,0.0,0.1731123388581952,1.0052857142857143,2719.1428571428573
Fracture Case,2026-05-08 23:00:00+00:00,1.01,2853,-0.0019762845849802257,-0.1042386185243328,1.0080000000000002,2788.8571428571427
Fracture Case,2026-05-09 00:00:00+00:00,1.01,2251,0.0,-0.21100595864002802,1.0094285714285716,2740.285714285714
Fracture Case,2026-05-09 01:00:00+00:00,1.016,2362,0.005940594059405946,0.0493114171479343,1.0117142857142858,2704.4285714285716
Fracture Case,2026-05-09 02:00:00+00:00,1.03,2189,0.013779527559055094,-0.07324301439458092,1.0145714285714287,2611.714285714286
Fracture Case,2026-05-09 03:00:00+00:00,1.03,2056,0.0,-0.0607583371402467,1.0171428571428571,2515.8571428571427
Fracture Case,2026-05-09 04:00:00+00:00,1.03,2074,0.0,0.008754863813229541,1.0197142857142858,2424.285714285714
Fracture Case,2026-05-09 05:00:00+00:00,1.01,1902,-0.01941747572815533,-0.08293153326904534,1.0194285714285714,2241.0
Fracture Case,2026-05-09 06:00:00+00:00,1.03,2007,0.01980198019801982,0.05520504731861209,1.0222857142857142,2120.1428571428573
Fracture Case,2026-05-09 07:00:00+00:00,1.03,1315,0.0,-0.3447932237169905,1.0251428571428571,1986.4285714285713
Fracture Case,2026-05-09 08:00:00+00:00,1.001,1219,-0.028155339805825408,-0.07300380228136882,1.023,1823.142857142857
Fracture Case,2026-05-09 09:00:00+00:00,0.99,1399,-0.010989010989010839,0.14766201804758006,1.0172857142857143,1710.2857142857142
Fracture Case,2026-05-09 10:00:00+00:00,1.001,1570,0.011111111111111072,0.12223016440314516,1.0131428571428571,1640.857142857143
Fracture Case,2026-05-09 11:00:00+00:00,1.01,1408,0.00899100899100902,-0.10318471337579616,1.0102857142857142,1545.7142857142858
Fracture Case,2026-05-09 12:00:00+00:00,1.006,1824,-0.003960396039603964,0.2954545454545454,1.0097142857142856,1534.5714285714287
Fracture Case,2026-05-09 13:00:00+00:00,1.001,1685,-0.004970178926441471,-0.07620614035087714,1.0055714285714286,1488.5714285714287
Fracture Case,2026-05-09 14:00:00+00:00,1.001,1742,0.0,0.033827893175074175,1.0014285714285713,1549.5714285714287
Fracture Case,2026-05-09 15:00:00+00:00,1.01,2059,0.00899100899100902,0.1819747416762343,1.0027142857142857,1669.5714285714287
Fracture Case,2026-05-09 16:00:00+00:00,1.012,2445,0.001980198019801982,0.1874696454589606,1.0058571428571428,1819.0
Fracture Case,2026-05-09 17:00:00+00:00,1.012,2676,0.0,0.09447852760736186,1.0074285714285713,1977.0
Fracture Case,2026-05-09 18:00:00+00:00,1.01,2431,-0.0019762845849802257,-0.0915545590433483,1.0074285714285713,2123.1428571428573
Fracture Case,2026-05-09 19:00:00+00:00,1.012,2549,0.001980198019801982,0.04853969559851912,1.0082857142857142,2226.714285714286
Fracture Case,2026-05-09 20:00:00+00:00,1.02,2985,0.007905138339920903,0.17104746959591988,1.011,2412.4285714285716
Fracture Case,2026-05-09 21:00:00+00:00,1.012,2898,-0.007843137254901933,-0.029145728643216073,1.0125714285714287,2577.5714285714284
Fracture Case,2026-05-09 22:00:00+00:00,1.027,2866,0.014822134387351582,-0.011042097998619771,1.015,2692.8571428571427
Fracture Case,2026-05-09 23:00:00+00:00,1.027,2403,0.0,-0.16154919748778784,1.0171428571428571,2686.8571428571427
Fracture Case,2026-05-10 00:00:00+00:00,1.028,2286,0.0009737098344695383,-0.048689138576779034,1.0194285714285714,2631.1428571428573
Fracture Case,2026-05-10 01:00:00+00:00,1.03,2161,0.0019455252918287869,-0.05468066491688539,1.0222857142857142,2592.5714285714284
Fracture Case,2026-05-10 02:00:00+00:00,1.028,1663,-0.001941747572815511,-0.23044886626561778,1.0245714285714287,2466.0
Fracture Case,2026-05-10 03:00:00+00:00,1.03,1410,0.0019455252918287869,-0.15213469633193022,1.026,2241.0
Fracture Case,2026-05-10 04:00:00+00:00,1.03,1399,0.0,-0.007801418439716268,1.0285714285714285,2026.857142857143
Fracture Case,2026-05-10 05:00:00+00:00,1.03,1376,0.0,-0.01644031451036454,1.0290000000000001,1814.0
Fracture Case,2026-05-10 06:00:00+00:00,1.03,1512,0.0,0.09883720930232553,1.0294285714285716,1686.7142857142858
Fracture Case,2026-05-10 07:00:00+00:00,1.03,1270,0.0,-0.16005291005291,1.0297142857142858,1541.5714285714287
Fracture Case,2026-05-10 08:00:00+00:00,1.0,968,-0.029126213592232997,-0.23779527559055114,1.0254285714285716,1371.142857142857
Fracture Case,2026-05-10 09:00:00+00:00,1.0,1763,0.0,0.8212809917355373,1.0214285714285716,1385.4285714285713
Fracture Case,2026-05-10 10:00:00+00:00,0.989,1069,-0.01100000000000001,-0.3936471922858763,1.0155714285714288,1336.7142857142858
Fracture Case,2026-05-10 11:00:00+00:00,0.989,1629,0.0,0.5238540692235734,1.0097142857142858,1369.5714285714287
Fracture Case,2026-05-10 12:00:00+00:00,1.0,1545,0.011122345803842304,-0.05156537753222834,1.0054285714285716,1393.7142857142858
Fracture Case,2026-05-10 13:00:00+00:00,1.001,1471,0.0009999999999998899,-0.047896440129449824,1.0012857142857141,1387.857142857143
Fracture Case,2026-05-10 14:00:00+00:00,1.012,1837,0.010989010989011172,0.24881033310673017,0.9987142857142857,1468.857142857143
Fracture Case,2026-05-10 15:00:00+00:00,1.01,1480,-0.0019762845849802257,-0.19433859553620036,1.000142857142857,1542.0
Fracture Case,2026-05-10 16:00:00+00:00,1.01,1821,0.0,0.23040540540540544,1.0015714285714286,1550.2857142857142
Fracture Case,2026-05-10 17:00:00+00:00,1.01,2240,0.0,0.2300933552992861,1.0045714285714287,1717.5714285714287
Fracture Case,2026-05-10 18:00:00+00:00,1.012,2556,0.001980198019801982,0.14107142857142851,1.0078571428571428,1850.0
Fracture Case,2026-05-10 19:00:00+00:00,1.012,2109,0.0,-0.17488262910798125,1.0095714285714286,1930.5714285714287
Fracture Case,2026-05-10 20:00:00+00:00,1.021,2161,0.008893280632410905,0.024656235182551,1.0124285714285715,2029.142857142857
Fracture Case,2026-05-10 21:00:00+00:00,1.024,2289,0.002938295788442735,0.05923183711244784,1.0141428571428572,2093.714285714286
Fracture Case,2026-05-10 22:00:00+00:00,1.012,1944,-0.01171875,-0.15072083879423326,1.0144285714285715,2160.0
Fracture Case,2026-05-10 23:00:00+00:00,1.021,2014,0.008893280632410905,0.03600823045267498,1.016,2187.5714285714284
Fracture Case,2026-05-11 00:00:00+00:00,1.01,1627,-0.010773751224289807,-0.19215491559086395,1.016,2100.0
Fracture Case,2026-05-11 01:00:00+00:00,1.023,1525,0.012871287128712883,-0.06269207129686538,1.0175714285714286,1952.7142857142858
Fracture Case,2026-05-11 02:00:00+00:00,1.021,1241,-0.0019550342130987275,-0.18622950819672135,1.018857142857143,1828.7142857142858
Fracture Case,2026-05-11 03:00:00+00:00,1.01,1539,-0.010773751224289807,0.2401289282836423,1.0172857142857143,1739.857142857143
Fracture Case,2026-05-11 04:00:00+00:00,1.03,1173,0.01980198019801982,-0.2378167641325536,1.018142857142857,1580.4285714285713
Fracture Case,2026-05-11 05:00:00+00:00,1.03,893,0.0,-0.23870417732310312,1.0207142857142857,1430.2857142857142
Fracture Case,2026-05-11 06:00:00+00:00,1.012,941,-0.01747572815533982,0.053751399776035935,1.0194285714285714,1277.0
Fracture Case,2026-05-11 07:00:00+00:00,1.01,881,-0.0019762845849802257,-0.0637619553666312,1.0194285714285714,1170.4285714285713
Fracture Case,2026-05-11 08:00:00+00:00,1.001,901,-0.00891089108910903,0.022701475595913845,1.0162857142857142,1081.2857142857142
Fracture Case,2026-05-11 09:00:00+00:00,1.001,874,0.0,-0.029966703662597127,1.0134285714285716,1028.857142857143
Fracture Case,2026-05-11 10:00:00+00:00,0.994,837,-0.006993006993006867,-0.04233409610983985,1.0111428571428571,928.5714285714286
Fracture Case,2026-05-11 11:00:00+00:00,1.0,1128,0.006036217303822866,0.3476702508960574,1.006857142857143,922.1428571428571
Fracture Case,2026-05-11 12:00:00+00:00,1.0,1067,0.0,-0.05407801418439717,1.0025714285714284,947.0
Fracture Case,2026-05-11 13:00:00+00:00,1.001,1220,0.0009999999999998899,0.14339268978444242,1.001,986.8571428571429
Fracture Case,2026-05-11 14:00:00+00:00,1.001,1491,0.0,0.2221311475409835,0.9997142857142857,1074.0
Fracture Case,2026-05-11 15:00:00+00:00,1.007,1604,0.005994005994006013,0.07578806170355468,1.0005714285714284,1174.4285714285713
Fracture Case,2026-05-11 16:00:00+00:00,1.0,1662,-0.006951340615690027,0.03615960099750626,1.0004285714285714,1287.0
Fracture Case,2026-05-11 17:00:00+00:00,1.001,1845,0.0009999999999998899,0.11010830324909748,1.0014285714285713,1431.0
Fracture Case,2026-05-11 18:00:00+00:00,1.001,2544,0.0,0.3788617886178862,1.0015714285714286,1633.2857142857142
Fracture Case,2026-05-11 19:00:00+00:00,1.001,2341,0.0,-0.07979559748427678,1.0017142857142856,1815.2857142857142
Fracture Case,2026-05-11 20:00:00+00:00,1.004,2329,0.0029970029970030065,-0.005126014523707867,1.002142857142857,1973.7142857142858
Fracture Case,2026-05-11 21:00:00+00:00,1.001,1981,-0.0029880478087650486,-0.14942035208243887,1.002142857142857,2043.7142857142858
Fracture Case,2026-05-11 22:00:00+00:00,1.002,1527,0.0009990009990010762,-0.2291771832407875,1.0014285714285713,2032.7142857142858
Fracture Case,2026-05-11 23:00:00+00:00,1.008,1693,0.0059880239520957446,0.10870988867059594,1.0025714285714284,2037.142857142857
Fracture Case,2026-05-12 00:00:00+00:00,1.01,1685,0.001984126984126977,-0.004725339633786185,1.0038571428571428,2014.2857142857142
Fracture Case,2026-05-12 01:00:00+00:00,1.01,1471,0.0,-0.12700296735905048,1.0051428571428571,1861.0
Fracture Case,2026-05-12 02:00:00+00:00,1.0,1397,-0.00990099009900991,-0.05030591434398368,1.0050000000000001,1726.142857142857
Fracture Case,2026-05-12 03:00:00+00:00,1.0,1318,0.0,-0.05654974946313529,1.0044285714285714,1581.7142857142858
Fracture Case,2026-05-12 04:00:00+00:00,1.0,1518,0.0,0.15174506828528078,1.0042857142857142,1515.5714285714287
Fracture Case,2026-05-12 05:00:00+00:00,1.0,983,0.0,-0.35243741765480896,1.004,1437.857142857143
Fracture Case,2026-05-12 06:00:00+00:00,1.0,839,0.0,-0.1464903357070193,1.002857142857143,1315.857142857143
Fracture Case,2026-05-12 07:00:00+00:00,1.0,886,0.0,0.05601907032181175,1.0014285714285713,1201.7142857142858
Fracture Case,2026-05-12 08:00:00+00:00,0.99,1148,-0.010000000000000009,0.2957110609480813,0.9985714285714286,1155.5714285714287
Fracture Case,2026-05-12 09:00:00+00:00,0.98,938,-0.010101010101010055,-0.18292682926829273,0.9957142857142857,1090.0
Fracture Case,2026-05-12 10:00:00+00:00,0.978,1159,-0.0020408163265306367,0.23560767590618337,0.9925714285714285,1067.2857142857142
Fracture Case,2026-05-12 11:00:00+00:00,0.978,900,0.0,-0.22346850733390855,0.9894285714285714,979.0
Fracture Case,2026-05-12 12:00:00+00:00,0.978,1279,0.0,0.4211111111111112,0.9862857142857143,1021.2857142857143
Fracture Case,2026-05-12 13:00:00+00:00,0.989,1199,0.011247443762781195,-0.06254886630179823,0.9847142857142857,1072.7142857142858
Fracture Case,2026-05-12 14:00:00+00:00,0.988,1168,-0.0010111223458038054,-0.025854879065888237,0.9829999999999999,1113.0
Fracture Case,2026-05-12 15:00:00+00:00,0.99,945,0.002024291497975783,-0.1909246575342466,0.983,1084.0
Fracture Case,2026-05-12 16:00:00+00:00,0.989,2082,-0.0010101010101010166,1.2031746031746033,0.9842857142857142,1247.4285714285713
Snakebite Case,2021-05-03 01:00:00+00:00,17.552,3343,,,17.552,3343.0
Snakebite Case,2021-05-04 01:00:00+00:00,10.159,88924,-0.42120556061987235,25.60005982650314,13.8555,46133.5
Snakebite Case,2021-05-05 01:00:00+00:00,7.097,66458,-0.301407618860124,-0.2526427061310782,11.602666666666666,52908.333333333336
Snakebite Case,2021-05-06 01:00:00+00:00,6.023,58019,-0.15133154854163744,-0.1269824550844142,10.20775,54186.0
Snakebite Case,2021-05-07 01:00:00+00:00,5.092,60564,-0.1545741324921136,0.04386494079525671,9.1846,55461.6
Snakebite Case,2021-05-08 01:00:00+00:00,4.641,61851,-0.08857030636292218,0.021250247671884326,8.427333333333333,56526.5
Snakebite Case,2021-05-09 01:00:00+00:00,4.03,61051,-0.13165266106442575,-0.012934309873728789,7.799142857142857,57172.857142857145
Snakebite Case,2021-05-10 01:00:00+00:00,3.651,57838,-0.09404466501240705,-0.05262813057935167,5.813285714285714,64957.857142857145
Snakebite Case,2021-05-11 01:00:00+00:00,3.686,58777,0.009586414680909483,0.01623500121027699,4.888571428571429,60651.142857142855
Snakebite Case,2021-05-12 01:00:00+00:00,3.884,62317,0.05371676614215959,0.060227640063289956,4.429571428571429,60059.57142857143
Snakebite Case,2021-05-13 01:00:00+00:00,3.428,59798,-0.11740473738414003,-0.04042235666030136,4.058857142857143,60313.71428571428
Snakebite Case,2021-05-14 01:00:00+00:00,3.206,62160,-0.06476079346557762,0.039499648817686195,3.789428571428572,60541.71428571428
Snakebite Case,2021-05-15 01:00:00+00:00,3.085,63244,-0.03774173424828442,0.017438867438867467,3.567142857142857,60740.71428571428
Snakebite Case,2021-05-16 01:00:00+00:00,2.748,63257,-0.10923824959481354,0.00020555309594594284,3.384,61055.857142857145
Snakebite Case,2021-05-17 01:00:00+00:00,2.657,55095,-0.03311499272197971,-0.1290291983495898,3.242,60664.0
Snakebite Case,2021-05-18 01:00:00+00:00,2.528,55596,-0.048550997365449766,0.009093384154641893,3.076571428571428,60209.57142857143
Snakebite Case,2021-05-19 01:00:00+00:00,2.398,57365,-0.05142405063291133,0.03181883588747403,2.864285714285714,59502.142857142855
Snakebite Case,2021-05-20 01:00:00+00:00,2.311,61579,-0.036280233527940076,0.07345942647956072,2.7047142857142856,59756.57142857143
Snakebite Case,2021-05-21 01:00:00+00:00,2.312,63127,0.0004327131112071836,0.02513844005261534,2.5770000000000004,59894.71428571428
Snakebite Case,2021-05-22 01:00:00+00:00,2.261,64963,-0.022058823529411686,0.029084227034390953,2.459285714285714,60140.28571428572
Snakebite Case,2021-05-23 01:00:00+00:00,2.07,65533,-0.08447589562140656,0.008774225328263885,2.362428571428571,60465.42857142857
Snakebite Case,2021-05-24 01:00:00+00:00,1.977,61958,-0.04492753623188395,-0.05455266812140447,2.265285714285714,61445.857142857145
Snakebite Case,2021-05-25 01:00:00+00:00,1.924,58595,-0.026808295397066306,-0.05427870492914555,2.179,61874.28571428572
Snakebite Case,2021-05-26 01:00:00+00:00,1.917,58804,-0.0036382536382535413,0.0035668572403788623,2.1102857142857143,62079.857142857145
Snakebite Case,2021-05-27 01:00:00+00:00,1.935,59521,0.009389671361502261,0.01219304809196653,2.0565714285714285,61785.857142857145
Snakebite Case,2021-05-28 01:00:00+00:00,1.961,62212,0.013436692506459957,0.045210933956082666,2.0064285714285712,61655.142857142855
Snakebite Case,2021-05-29 01:00:00+00:00,1.922,62951,-0.01988781234064263,0.011878737221114877,1.958,61367.71428571428
Snakebite Case,2021-05-30 01:00:00+00:00,1.819,63233,-0.053590010405827226,0.004479674667598577,1.922142857142857,61039.142857142855
Snakebite Case,2021-05-31 01:00:00+00:00,1.669,61688,-0.08246289169873555,-0.024433444562174778,1.8781428571428571,61000.57142857143
Snakebite Case,2021-06-01 01:00:00+00:00,1.641,59328,-0.016776512881965244,-0.03825703540396841,1.8377142857142856,61105.28571428572
Snakebite Case,2021-06-02 01:00:00+00:00,1.594,59611,-0.02864107251675807,0.004770091693635292,1.7915714285714286,61220.57142857143
Snakebite Case,2021-06-03 01:00:00+00:00,1.588,58723,-0.0037641154328732496,-0.014896579490362494,1.7420000000000002,61106.57142857143
Snakebite Case,2021-06-04 01:00:00+00:00,1.456,65310,-0.08312342569269526,0.11217069972583138,1.669857142857143,61549.142857142855
Snakebite Case,2021-06-05 01:00:00+00:00,1.454,68363,-0.0013736263736263687,0.04674628693921301,1.603,62322.28571428572
Snakebite Case,2021-06-06 01:00:00+00:00,1.474,64512,0.01375515818431916,-0.05633164138495972,1.5537142857142858,62505.0
Snakebite Case,2021-06-07 01:00:00+00:00,1.415,61961,-0.0400271370420624,-0.039543030753968256,1.5174285714285713,62544.0
Snakebite Case,2021-06-08 01:00:00+00:00,1.407,58421,-0.005653710247349841,-0.05713271251270957,1.484,62414.42857142857
Snakebite Case,2021-06-09 01:00:00+00:00,1.45,59503,0.030561478322672198,0.01852073740606963,1.4634285714285713,62399.0
Snakebite Case,2021-06-10 01:00:00+00:00,1.442,58742,-0.0055172413793103114,-0.012789271129186819,1.4425714285714286,62401.71428571428
Snakebite Case,2021-06-11 01:00:00+00:00,1.466,58895,0.01664355062413314,0.00260460998944545,1.4440000000000002,61485.28571428572
Snakebite Case,2021-06-12 01:00:00+00:00,1.493,59869,0.018417462482946956,0.016537906443671035,1.4495714285714285,60271.857142857145
Snakebite Case,2021-06-13 01:00:00+00:00,1.424,61340,-0.04621567314132635,0.024570311847533777,1.4424285714285714,59818.71428571428
Snakebite Case,2021-06-14 01:00:00+00:00,1.382,58981,-0.0294943820224719,-0.038457776328659876,1.4377142857142857,59393.0
Snakebite Case,2021-06-15 01:00:00+00:00,1.348,59344,-0.024602026049203918,0.00615452433834629,1.4292857142857145,59524.857142857145
Snakebite Case,2021-06-16 01:00:00+00:00,1.319,58393,-0.021513353115727107,-0.016025208951199743,1.4105714285714284,59366.28571428572
Snakebite Case,2021-06-17 01:00:00+00:00,1.314,58218,-0.0037907505686125553,-0.0029969345640744605,1.3922857142857141,59291.42857142857
Snakebite Case,2021-06-18 01:00:00+00:00,1.33,58539,0.0121765601217656,0.005513758631351173,1.3728571428571428,59240.57142857143
Snakebite Case,2021-06-19 01:00:00+00:00,1.314,58338,-0.012030075187969946,-0.0034336083636550274,1.3472857142857142,59021.857142857145
Snakebite Case,2021-06-20 01:00:00+00:00,1.246,60309,-0.0517503805175038,0.03378586855908661,1.3218571428571428,58874.57142857143
Snakebite Case,2021-06-21 01:00:00+00:00,1.094,66902,-0.1219903691813804,0.10932033361521487,1.2807142857142857,60006.142857142855
Snakebite Case,2021-06-22 01:00:00+00:00,0.964,67594,-0.11882998171846448,0.01034348748916325,1.2258571428571428,61184.71428571428
Snakebite Case,2021-06-23 01:00:00+00:00,0.917,68105,-0.04875518672199164,0.007559842589578869,1.1684285714285714,62572.142857142855
Snakebite Case,2021-06-24 01:00:00+00:00,0.879,68599,-0.04143947655398039,0.007253505616327649,1.1062857142857143,64055.142857142855
Snakebite Case,2021-06-25 01:00:00+00:00,0.824,70004,-0.062571103526735,0.020481348124608223,1.034,65693.0
Snakebite Case,2021-06-26 01:00:00+00:00,0.881,69789,0.06917475728155353,-0.0030712530712531105,0.9721428571428571,67328.85714285714
Snakebite Case,2021-06-27 01:00:00+00:00,0.907,69194,0.02951191827468791,-0.008525698892375644,0.9237142857142857,68598.14285714286
Snakebite Case,2021-06-28 01:00:00+00:00,0.883,67494,-0.026460859977949336,-0.024568604214238232,0.8935714285714286,68682.71428571429
Snakebite Case,2021-06-29 01:00:00+00:00,0.905,65412,0.02491506228765572,-0.03084718641657036,0.8851428571428572,68371.0
Snakebite Case,2021-06-30 01:00:00+00:00,0.909,63481,0.0044198895027625085,-0.029520577264110615,0.884,67710.42857142857
Snakebite Case,2021-07-01 01:00:00+00:00,0.903,61651,-0.0066006600660065695,-0.02882752319591686,0.8874285714285716,66717.85714285714
Snakebite Case,2021-07-02 01:00:00+00:00,0.956,64575,0.058693244739756345,0.04742826555935831,0.9062857142857144,65942.28571428571
Snakebite Case,2021-07-03 01:00:00+00:00,0.932,61031,-0.025104602510460206,-0.05488192024777394,0.9135714285714286,64691.142857142855
Snakebite Case,2021-07-04 01:00:00+00:00,0.935,62481,0.0032188841201716833,0.02375841785322219,0.9175714285714286,63732.142857142855
Snakebite Case,2021-07-05 01:00:00+00:00,0.92,63768,-0.016042780748663166,0.02059826187160896,0.9228571428571428,63199.857142857145
Snakebite Case,2021-07-06 01:00:00+00:00,0.914,57423,-0.006521739130434745,-0.09950131727512235,0.9241428571428572,62058.57142857143
Snakebite Case,2021-07-07 01:00:00+00:00,0.878,59320,-0.03938730853391692,0.033035543249220645,0.9197142857142858,61464.142857142855
Snakebite Case,2021-07-08 01:00:00+00:00,0.837,61292,-0.046697038724373585,0.03324342548887382,0.9102857142857143,61412.857142857145
Snakebite Case,2021-07-09 01:00:00+00:00,0.831,57598,-0.007168458781361964,-0.060268876851791386,0.8924285714285715,60416.142857142855
Snakebite Case,2021-07-10 01:00:00+00:00,0.834,55128,0.0036101083032491488,-0.04288343345255041,0.8784285714285714,59572.857142857145
Snakebite Case,2021-07-11 01:00:00+00:00,0.814,53929,-0.023980815347721895,-0.02174938325351905,0.8611428571428572,58351.142857142855
Snakebite Case,2021-07-12 01:00:00+00:00,0.771,58326,-0.05282555282555279,0.08153312688905778,0.839857142857143,57573.71428571428
Snakebite Case,2021-07-13 01:00:00+00:00,0.748,55021,-0.02983138780804151,-0.056664266364914395,0.8161428571428571,57230.57142857143
Snakebite Case,2021-07-14 01:00:00+00:00,0.713,58900,-0.046791443850267456,0.07050035441013436,0.7925714285714285,57170.57142857143
Snakebite Case,2021-07-15 01:00:00+00:00,0.687,58789,-0.036465638148667434,-0.0018845500848896357,0.7711428571428571,56813.0
Snakebite Case,2021-07-16 01:00:00+00:00,0.671,58889,-0.02328966521106257,0.0017009984861113825,0.7482857142857143,56997.42857142857
Snakebite Case,2021-07-17 01:00:00+00:00,0.71,58960,0.05812220566318915,0.0012056581025319257,0.7305714285714285,57544.857142857145
Snakebite Case,2021-07-18 01:00:00+00:00,0.717,60777,0.009859154929577452,0.030817503392130297,0.7167142857142856,58523.142857142855
Snakebite Case,2021-07-19 01:00:00+00:00,0.727,60560,0.013947001394700065,-0.003570429603303893,0.7104285714285714,58842.28571428572
Snakebite Case,2021-07-20 01:00:00+00:00,0.748,59668,0.028885832187070193,-0.014729194187582562,0.7104285714285714,59506.142857142855
Snakebite Case,2021-07-21 01:00:00+00:00,0.746,58243,-0.002673796791443861,-0.023882147884963456,0.7151428571428572,59412.28571428572
Snakebite Case,2021-07-22 01:00:00+00:00,0.75,55779,0.00536193029490617,-0.04230551310887143,0.7241428571428571,58982.28571428572
Snakebite Case,2021-07-23 01:00:00+00:00,0.773,58027,0.03066666666666662,0.04030190573513326,0.7387142857142857,58859.142857142855
Snakebite Case,2021-07-24 01:00:00+00:00,0.791,59547,0.023285899094437346,0.026194702466093345,0.7502857142857142,58943.0
Snakebite Case,2021-07-25 01:00:00+00:00,0.796,60518,0.006321112515802696,0.016306447008245684,0.7615714285714287,58906.0
Snakebite Case,2021-07-26 01:00:00+00:00,0.786,54384,-0.012562814070351758,-0.1013582735714994,0.7699999999999999,58023.71428571428
Snakebite Case,2021-07-27 01:00:00+00:00,0.814,33758,0.03562340966921118,-0.3792659605766402,0.7794285714285714,54322.28571428572
Snakebite Case,2021-07-28 01:00:00+00:00,0.796,57276,-0.02211302211302202,0.6966644943420819,0.7865714285714286,54184.142857142855
Snakebite Case,2021-07-29 01:00:00+00:00,0.738,61263,-0.07286432160804024,0.06961030798240109,0.7848571428571428,54967.57142857143
Snakebite Case,2021-07-30 01:00:00+00:00,0.721,63420,-0.023035230352303593,0.03520885363106596,0.7774285714285715,55738.0
Snakebite Case,2021-07-31 01:00:00+00:00,0.769,59001,0.06657420249653256,-0.06967833491012299,0.7742857142857142,55660.0
Snakebite Case,2021-08-01 01:00:00+00:00,0.774,61887,0.006501950585175553,0.04891442517923417,0.7711428571428571,55855.57142857143
Snakebite Case,2021-08-02 01:00:00+00:00,0.748,60006,-0.03359173126614989,-0.03039410538562215,0.7657142857142858,56658.71428571428
Snakebite Case,2021-08-03 01:00:00+00:00,0.752,58560,0.005347593582887722,-0.024097590240975908,0.7568571428571429,60201.857142857145
Snakebite Case,2021-08-04 01:00:00+00:00,0.747,53791,-0.0066489361702127825,-0.08143784153005462,0.7498571428571428,59704.0
Snakebite Case,2021-08-05 01:00:00+00:00,0.765,44616,0.024096385542168752,-0.17056756706512244,0.7537142857142857,57325.857142857145
Snakebite Case,2021-08-06 01:00:00+00:00,0.728,59382,-0.048366013071895475,0.33095750403442703,0.7547142857142858,56749.0
Snakebite Case,2021-08-07 01:00:00+00:00,0.729,58982,0.0013736263736263687,-0.0067360479606615176,0.749,56746.28571428572
Snakebite Case,2021-08-08 01:00:00+00:00,0.714,55399,-0.020576131687242816,-0.060747346648129974,0.7404285714285714,55819.42857142857
Snakebite Case,2021-08-09 01:00:00+00:00,0.691,60790,-0.03221288515406162,0.09731222585245214,0.7322857142857142,55931.42857142857
Snakebite Case,2021-08-10 01:00:00+00:00,0.684,57696,-0.010130246020260358,-0.05089652903438069,0.7225714285714285,55808.0
Snakebite Case,2021-08-11 01:00:00+00:00,0.68,57479,-0.005847953216374324,-0.0037610926234054043,0.7130000000000001,56334.857142857145
Snakebite Case,2021-08-12 01:00:00+00:00,0.673,51899,-0.010294117647058787,-0.09707893317559457,0.6998571428571428,57375.28571428572
Snakebite Case,2021-08-13 01:00:00+00:00,0.658,58405,-0.022288261515601815,0.12535887011310431,0.6898571428571428,57235.71428571428
Snakebite Case,2021-08-14 01:00:00+00:00,0.644,57706,-0.021276595744680882,-0.01196815341152302,0.6777142857142857,57053.42857142857
Snakebite Case,2021-08-15 01:00:00+00:00,0.627,57531,-0.026397515527950333,-0.003032613593040634,0.6652857142857143,57358.0
Snakebite Case,2021-08-16 01:00:00+00:00,0.597,57302,-0.04784688995215314,-0.0039804627070623155,0.6518571428571429,56859.71428571428
Snakebite Case,2021-08-17 01:00:00+00:00,0.577,59533,-0.03350083752093802,0.03893406861889637,0.6365714285714285,57122.142857142855
Snakebite Case,2021-08-18 01:00:00+00:00,0.572,56135,-0.008665511265164683,-0.05707758722053313,0.6211428571428571,56930.142857142855
Snakebite Case,2021-08-19 01:00:00+00:00,0.569,60519,-0.005244755244755206,0.07809744366259919,0.6062857142857142,58161.57142857143
Snakebite Case,2021-08-20 01:00:00+00:00,0.573,57611,0.007029876977152849,-0.04805102529784033,0.5941428571428571,58048.142857142855
Snakebite Case,2021-08-21 01:00:00+00:00,0.597,57769,0.041884816753926746,0.00274253180816153,0.5874285714285713,58057.142857142855
Snakebite Case,2021-08-22 01:00:00+00:00,0.576,55470,-0.035175879396984966,-0.039796430611573674,0.5801428571428572,57762.71428571428
Snakebite Case,2021-08-23 01:00:00+00:00,0.542,57733,-0.05902777777777768,0.040796827113755096,0.5722857142857143,57824.28571428572
Snakebite Case,2021-08-24 01:00:00+00:00,0.517,59465,-0.04612546125461259,0.030000173211161663,0.5637142857142857,57814.57142857143
Snakebite Case,2021-08-25 01:00:00+00:00,0.529,57502,0.023210831721470093,-0.03301101488270408,0.5575714285714285,58009.857142857145
Snakebite Case,2021-08-26 01:00:00+00:00,0.522,57217,-0.013232514177693777,-0.004956349344370614,0.5508571428571428,57538.142857142855
Snakebite Case,2021-08-27 01:00:00+00:00,0.527,61441,0.009578544061302763,0.07382421308352405,0.5442857142857143,58085.28571428572
Snakebite Case,2021-08-28 01:00:00+00:00,0.533,60410,0.011385199240986799,-0.016780325841050714,0.5351428571428571,58462.57142857143
Snakebite Case,2021-08-29 01:00:00+00:00,0.547,61021,0.026266416510319024,0.010114219500082733,0.531,59255.57142857143
Snakebite Case,2021-08-30 01:00:00+00:00,0.534,58724,-0.02376599634369292,-0.03764277871552413,0.5298571428571429,59397.142857142855
Snakebite Case,2021-08-31 01:00:00+00:00,0.557,64322,0.04307116104868913,0.09532729378107763,0.5355714285714287,60091.0
Snakebite Case,2021-09-01 01:00:00+00:00,0.565,56546,0.014362657091561815,-0.1208917633158173,0.5407142857142857,59954.42857142857
Snakebite Case,2021-09-02 01:00:00+00:00,0.564,55451,-0.001769911504424737,-0.019364764970112858,0.5467142857142857,59702.142857142855
Snakebite Case,2021-09-03 01:00:00+00:00,0.571,58856,0.012411347517730542,0.06140556527384544,0.553,59332.857142857145
Snakebite Case,2021-09-04 01:00:00+00:00,0.569,66458,-0.003502626970227629,0.1291627021883921,0.5581428571428572,60196.857142857145
Snakebite Case,2021-09-05 01:00:00+00:00,0.559,60671,-0.017574692442882123,-0.08707755274007645,0.5598571428571428,60146.857142857145
Snakebite Case,2021-09-06 01:00:00+00:00,0.557,54195,-0.003577817531305927,-0.10673962848807506,0.5631428571428572,59499.857142857145
Snakebite Case,2021-09-07 01:00:00+00:00,0.551,55253,-0.010771992818671472,0.019522096134329647,0.5622857142857143,58204.28571428572
Snakebite Case,2021-09-08 01:00:00+00:00,0.551,56512,0.0,0.02278609306282009,0.5602857142857143,58199.42857142857
Snakebite Case,2021-09-09 01:00:00+00:00,0.551,55585,0.0,-0.016403595696489193,0.5584285714285715,58218.57142857143
Snakebite Case,2021-09-10 01:00:00+00:00,0.56,66638,0.016333938294010864,0.19884861023657452,0.5568571428571428,59330.28571428572
Snakebite Case,2021-09-11 01:00:00+00:00,0.567,70843,0.012499999999999734,0.06310213391758457,0.5565714285714286,59956.71428571428
Snakebite Case,2021-09-12 01:00:00+00:00,0.555,65019,-0.02116402116402094,-0.0822099572293663,0.5559999999999999,60577.857142857145
Snakebite Case,2021-09-13 01:00:00+00:00,0.545,53689,-0.018018018018018056,-0.1742567557175595,0.5542857142857143,60505.57142857143
Snakebite Case,2021-09-14 01:00:00+00:00,0.534,55316,-0.020183486238532167,0.030304159138743403,0.5518571428571428,60514.57142857143
Snakebite Case,2021-09-15 01:00:00+00:00,0.541,54759,0.013108614232209659,-0.010069419336177554,0.5504285714285715,60264.142857142855
Snakebite Case,2021-09-16 01:00:00+00:00,0.524,59285,-0.03142329020332724,0.0826530798590186,0.5465714285714286,60792.71428571428
Snakebite Case,2021-09-17 01:00:00+00:00,0.513,64489,-0.020992366412213803,0.08777937083579324,0.5398571428571428,60485.71428571428
Snakebite Case,2021-09-18 01:00:00+00:00,0.504,66540,-0.01754385964912286,0.03180387352881886,0.5308571428571429,59871.0
Snakebite Case,2021-09-19 01:00:00+00:00,0.494,63856,-0.019841269841269882,-0.04033663961526901,0.5221428571428571,59704.857142857145
Snakebite Case,2021-09-20 01:00:00+00:00,0.489,57725,-0.010121457489878583,-0.0960129040340767,0.5141428571428571,60281.42857142857
Snakebite Case,2021-09-21 01:00:00+00:00,0.482,53709,-0.014314928425357865,-0.06957124296232131,0.5067142857142858,60051.857142857145
Snakebite Case,2021-09-22 01:00:00+00:00,0.288,72894,-0.4024896265560166,0.35720270345752114,0.4705714285714286,62642.57142857143
Snakebite Case,2021-09-23 01:00:00+00:00,0.244,61105,-0.15277777777777768,-0.16172798858616622,0.4305714285714286,62902.57142857143
Snakebite Case,2021-09-24 01:00:00+00:00,0.228,51525,-0.06557377049180324,-0.15677931429506586,0.38985714285714285,61050.57142857143
Snakebite Case,2021-09-25 01:00:00+00:00,0.212,56105,-0.07017543859649134,0.0888888888888888,0.34814285714285714,59559.857142857145
Snakebite Case,2021-09-26 01:00:00+00:00,0.197,53568,-0.070754716981132,-0.04521878620443809,0.3057142857142857,58090.142857142855
Snakebite Case,2021-09-27 01:00:00+00:00,0.195,48089,-0.010152284263959421,-0.10228121266427714,0.26371428571428573,56713.57142857143
Snakebite Case,2021-09-28 01:00:00+00:00,0.189,49091,-0.03076923076923077,0.02083636590488469,0.22185714285714284,56053.857142857145
Snakebite Case,2021-09-29 01:00:00+00:00,0.183,50471,-0.031746031746031744,0.028111059053594456,0.20685714285714285,52850.57142857143
Snakebite Case,2021-09-30 01:00:00+00:00,0.172,47760,-0.060109289617486406,-0.053714013988230835,0.1965714285714286,50944.142857142855
Snakebite Case,2021-10-01 01:00:00+00:00,0.165,50416,-0.0406976744186045,0.055611390284757034,0.18757142857142858,50785.71428571428
Snakebite Case,2021-10-02 01:00:00+00:00,0.156,55334,-0.054545454545454564,0.09754839733417953,0.17957142857142855,50675.57142857143
Snakebite Case,2021-10-03 01:00:00+00:00,0.148,55363,-0.05128205128205132,0.0005240900712040197,0.17257142857142857,50932.0
Snakebite Case,2021-10-04 01:00:00+00:00,0.141,45897,-0.04729729729729737,-0.17098061882484694,0.16485714285714284,50618.857142857145
Snakebite Case,2021-10-05 01:00:00+00:00,0.132,42292,-0.06382978723404242,-0.0785454386996971,0.15671428571428572,49647.57142857143
Snakebite Case,2021-10-06 01:00:00+00:00,0.118,42225,-0.10606060606060619,-0.001584223966707654,0.14742857142857144,48469.57142857143
Snakebite Case,2021-10-07 01:00:00+00:00,0.11,44253,-0.06779661016949146,0.048028419182948534,0.1385714285714286,47968.57142857143
Snakebite Case,2021-10-08 01:00:00+00:00,0.111,45288,0.009090909090909038,0.02338824486475488,0.13085714285714287,47236.0
Snakebite Case,2021-10-09 01:00:00+00:00,0.114,51635,0.027027027027026973,0.14014750044161817,0.12485714285714286,46707.57142857143
Snakebite Case,2021-10-10 01:00:00+00:00,0.108,44704,-0.052631578947368474,-0.13423065749975793,0.11914285714285713,45184.857142857145
Snakebite Case,2021-10-11 01:00:00+00:00,0.114,48689,0.05555555555555558,0.08914191123836801,0.1152857142857143,45583.71428571428
Snakebite Case,2021-10-12 01:00:00+00:00,0.104,39852,-0.08771929824561409,-0.18149890118918033,0.1112857142857143,45235.142857142855
Snakebite Case,2021-10-13 01:00:00+00:00,0.106,45455,0.019230769230769162,0.14059520224831878,0.10957142857142857,45696.57142857143
Snakebite Case,2021-10-14 01:00:00+00:00,0.097,42011,-0.08490566037735847,-0.0757672423275767,0.10771428571428572,45376.28571428572
Snakebite Case,2021-10-15 01:00:00+00:00,0.097,43694,0.0,0.04006093642141351,0.10571428571428572,45148.57142857143
Snakebite Case,2021-10-16 01:00:00+00:00,0.097,53469,0.0,0.22371492653453573,0.10328571428571429,45410.57142857143
Snakebite Case,2021-10-17 01:00:00+00:00,0.1,46480,0.030927835051546504,-0.13071125324954647,0.10214285714285713,45664.28571428572
Snakebite Case,2021-10-18 01:00:00+00:00,0.097,38060,-0.030000000000000027,-0.1811531841652324,0.09971428571428573,44145.857142857145
Snakebite Case,2021-10-19 01:00:00+00:00,0.088,40235,-0.09278350515463929,0.05714661061481863,0.09742857142857143,44200.57142857143
Snakebite Case,2021-10-20 01:00:00+00:00,0.089,45003,0.011363636363636465,0.11850379023238466,0.095,44136.0
Snakebite Case,2021-10-21 01:00:00+00:00,0.091,40349,0.022471910112359605,-0.10341532786703111,0.09414285714285713,43898.57142857143
Snakebite Case,2021-10-22 01:00:00+00:00,0.072,55637,-0.20879120879120883,0.3788941485538675,0.09057142857142857,45604.71428571428
Snakebite Case,2021-10-23 01:00:00+00:00,0.059,50626,-0.18055555555555558,-0.09006596329780536,0.08514285714285715,45198.57142857143
Snakebite Case,2021-10-24 01:00:00+00:00,0.059,41998,0.0,-0.1704262631849247,0.07928571428571428,44558.28571428572
Snakebite Case,2021-10-25 01:00:00+00:00,0.056,40590,-0.05084745762711862,-0.03352540597171294,0.07342857142857143,44919.71428571428
Snakebite Case,2021-10-26 01:00:00+00:00,0.052,37586,-0.07142857142857151,-0.07400837644740088,0.06828571428571428,44541.28571428572
Snakebite Case,2021-10-27 01:00:00+00:00,0.052,40860,0.0,0.08710690150587985,0.063,43949.42857142857
Snakebite Case,2021-10-28 01:00:00+00:00,0.05,43584,-0.038461538461538325,0.06666666666666665,0.05714285714285714,44411.57142857143
Snakebite Case,2021-10-29 01:00:00+00:00,0.058,50090,0.15999999999999992,0.14927496328928047,0.05514285714285714,43619.142857142855
Snakebite Case,2021-10-30 01:00:00+00:00,0.054,48686,-0.06896551724137934,-0.028029546815731665,0.05442857142857142,43342.0
Snakebite Case,2021-10-31 01:00:00+00:00,0.052,51311,-0.03703703703703709,0.0539169371071766,0.05342857142857143,44672.42857142857
Snakebite Case,2021-11-01 01:00:00+00:00,0.048,48132,-0.07692307692307687,-0.06195552610551347,0.05228571428571428,45749.857142857145
Snakebite Case,2021-11-02 01:00:00+00:00,0.055,47991,0.14583333333333326,-0.0029294440289204804,0.052714285714285714,47236.28571428572
Snakebite Case,2021-11-03 01:00:00+00:00,0.057,45054,0.036363636363636376,-0.061198974807776474,0.05342857142857143,47835.42857142857
Snakebite Case,2021-11-04 01:00:00+00:00,0.06,42804,0.05263157894736836,-0.04994007191370353,0.05485714285714286,47724.0
Snakebite Case,2021-11-05 01:00:00+00:00,0.058,42549,-0.033333333333333215,-0.005957387160078542,0.05485714285714286,46646.71428571428
Snakebite Case,2021-11-06 01:00:00+00:00,0.057,49080,-0.017241379310344862,0.15349361912148352,0.055285714285714285,46703.0
Snakebite Case,2021-11-07 01:00:00+00:00,0.05,47147,-0.12280701754385959,-0.039384678076609614,0.055,46108.142857142855
Snakebite Case,2021-11-08 01:00:00+00:00,0.051,49113,0.019999999999999796,0.041699365813307354,0.05542857142857143,46248.28571428572
Snakebite Case,2021-11-09 01:00:00+00:00,0.052,42060,0.019607843137254832,-0.14360759880276097,0.055,45401.0
Snakebite Case,2021-11-10 01:00:00+00:00,0.047,57449,-0.09615384615384615,0.3658820732287209,0.05357142857142857,47171.71428571428
Snakebite Case,2021-11-11 01:00:00+00:00,0.044,43649,-0.06382978723404265,-0.24021305853887798,0.05128571428571428,47292.42857142857
Snakebite Case,2021-11-12 01:00:00+00:00,0.043,50207,-0.022727272727272707,0.1502439918440286,0.04914285714285714,48386.42857142857
Snakebite Case,2021-11-13 01:00:00+00:00,0.047,50338,0.09302325581395365,0.0026091979206086524,0.047714285714285716,48566.142857142855
Snakebite Case,2021-11-14 01:00:00+00:00,0.045,52179,-0.042553191489361764,0.036572768087727026,0.047,49285.0
Snakebite Case,2021-11-15 01:00:00+00:00,0.054,59588,0.19999999999999996,0.1419919891143946,0.047428571428571424,50781.42857142857
Snakebite Case,2021-11-16 01:00:00+00:00,0.045,43651,-0.16666666666666674,-0.26745317849231387,0.04642857142857142,51008.71428571428
Snakebite Case,2021-11-17 01:00:00+00:00,0.045,45917,0.0,0.05191175459897823,0.046142857142857145,49361.28571428572
Snakebite Case,2021-11-18 01:00:00+00:00,0.042,45329,-0.06666666666666654,-0.012805714659058776,0.04585714285714286,49601.28571428572
Snakebite Case,2021-11-19 01:00:00+00:00,0.043,52622,0.023809523809523725,0.1608903792274261,0.04585714285714286,49946.28571428572
Snakebite Case,2021-11-20 01:00:00+00:00,0.046,53945,0.06976744186046524,0.02514157576678966,0.04571428571428571,50461.57142857143
Snakebite Case,2021-11-21 01:00:00+00:00,0.044,54206,-0.0434782608695653,0.004838261191954851,0.045571428571428575,50751.142857142855
Snakebite Case,2021-11-22 01:00:00+00:00,0.049,52496,0.11363636363636376,-0.031546323285245204,0.04485714285714286,49738.0
Snakebite Case,2021-11-23 01:00:00+00:00,0.048,47826,-0.020408163265306145,-0.08895915879305094,0.04528571428571428,50334.42857142857
Snakebite Case,2021-11-24 01:00:00+00:00,0.051,52062,0.0625,0.08857107012921839,0.04614285714285714,51212.28571428572
Snakebite Case,2021-11-25 01:00:00+00:00,0.053,60673,0.03921568627450989,0.16539894740885863,0.04771428571428571,53404.28571428572
Snakebite Case,2021-11-26 01:00:00+00:00,0.06,73190,0.13207547169811318,0.20630263873551669,0.05014285714285714,56342.57142857143
Snakebite Case,2021-11-27 01:00:00+00:00,0.064,66995,0.06666666666666665,-0.08464271075283514,0.052714285714285714,58206.857142857145
Snakebite Case,2021-11-28 01:00:00+00:00,0.065,69027,0.015625,0.030330621688185788,0.055714285714285716,60324.142857142855
Snakebite Case,2021-11-29 01:00:00+00:00,0.068,56827,0.04615384615384621,-0.17674243411998203,0.058428571428571434,60942.857142857145
Snakebite Case,2021-11-30 01:00:00+00:00,0.06,71422,-0.11764705882352955,0.256832139651926,0.06014285714285715,64313.71428571428
Snakebite Case,2021-12-01 01:00:00+00:00,0.063,63537,0.050000000000000044,-0.11040015681442694,0.06185714285714287,65953.0
Snakebite Case,2021-12-02 01:00:00+00:00,0.07,55466,0.11111111111111116,-0.1270283456883391,0.06428571428571428,65209.142857142855
Snakebite Case,2021-12-03 01:00:00+00:00,0.067,54932,-0.04285714285714293,-0.009627519561533182,0.0652857142857143,62600.857142857145
Snakebite Case,2021-12-04 01:00:00+00:00,0.071,59852,0.05970149253731338,0.0895652807106968,0.06628571428571428,61580.42857142857
Snakebite Case,2021-12-05 01:00:00+00:00,0.071,56231,0.0,-0.060499231437545986,0.06714285714285714,59752.42857142857
Snakebite Case,2021-12-06 01:00:00+00:00,0.071,48867,0.0,-0.13095979086269138,0.06757142857142857,58615.28571428572
Snakebite Case,2021-12-07 01:00:00+00:00,0.068,47511,-0.042253521126760396,-0.027748787525323837,0.06871428571428571,55199.42857142857
Snakebite Case,2021-12-08 01:00:00+00:00,0.063,48562,-0.07352941176470595,0.022121192986887195,0.06871428571428571,53060.142857142855
Snakebite Case,2021-12-09 01:00:00+00:00,0.066,45939,0.04761904761904767,-0.054013426135661624,0.06814285714285714,51699.142857142855
Snakebite Case,2021-12-10 01:00:00+00:00,0.064,51921,-0.030303030303030276,0.13021615620714422,0.06771428571428571,51269.0
Snakebite Case,2021-12-11 01:00:00+00:00,0.063,59053,-0.015625,0.13736253153829847,0.06657142857142857,51154.857142857145
Snakebite Case,2021-12-12 01:00:00+00:00,0.066,50551,0.04761904761904767,-0.14397236380878198,0.06585714285714286,50343.42857142857
Snakebite Case,2021-12-13 01:00:00+00:00,0.062,43638,-0.06060606060606066,-0.13675298213685194,0.06457142857142857,49596.42857142857
Snakebite Case,2021-12-14 01:00:00+00:00,0.058,44009,-0.06451612903225801,0.00850176451716389,0.06314285714285714,49096.142857142855
Snakebite Case,2021-12-15 01:00:00+00:00,0.056,46284,-0.034482758620689724,0.05169397168760925,0.062142857142857146,48770.71428571428
Snakebite Case,2021-12-16 01:00:00+00:00,0.053,44095,-0.0535714285714286,-0.047294961541785474,0.06028571428571428,48507.28571428572
Snakebite Case,2021-12-17 01:00:00+00:00,0.051,46364,-0.037735849056603765,0.051457081301734986,0.05842857142857143,47713.42857142857
Snakebite Case,2021-12-18 01:00:00+00:00,0.05,53465,-0.019607843137254832,0.15315762229315855,0.05657142857142857,46915.142857142855
Snakebite Case,2021-12-19 01:00:00+00:00,0.052,50289,0.039999999999999813,-0.059403347984662846,0.05457142857142857,46877.71428571428
Snakebite Case,2021-12-20 01:00:00+00:00,0.057,46280,0.09615384615384626,-0.07971922289168609,0.05385714285714286,47255.142857142855
Snakebite Case,2021-12-21 01:00:00+00:00,0.058,49493,0.01754385964912286,0.0694252376836646,0.05385714285714286,48038.57142857143
Snakebite Case,2021-12-22 01:00:00+00:00,0.056,50024,-0.034482758620689724,0.010728789929889126,0.05385714285714286,48572.857142857145
Snakebite Case,2021-12-23 01:00:00+00:00,0.055,50501,-0.017857142857142905,0.009535422996961529,0.054142857142857145,49488.0
Snakebite Case,2021-12-24 01:00:00+00:00,0.058,55012,0.054545454545454675,0.08932496386210165,0.055142857142857146,50723.42857142857
Snakebite Case,2021-12-25 01:00:00+00:00,0.056,54099,-0.034482758620689724,-0.016596378971860726,0.055999999999999994,50814.0
Snakebite Case,2021-12-26 01:00:00+00:00,0.052,59061,-0.07142857142857151,0.09172073420950477,0.056,52067.142857142855
Snakebite Case,2021-12-27 01:00:00+00:00,0.055,50513,0.05769230769230771,-0.14473171805421514,0.055714285714285716,52671.857142857145
Snakebite Case,2021-12-28 01:00:00+00:00,0.053,56118,-0.036363636363636376,0.11096153465444547,0.055,53618.28571428572
Snakebite Case,2021-12-29 01:00:00+00:00,0.053,61314,0.0,0.09259061263765633,0.05457142857142857,55231.142857142855
Snakebite Case,2021-12-30 01:00:00+00:00,0.055,60316,0.037735849056603765,-0.016276869882897893,0.05457142857142857,56633.28571428572
Snakebite Case,2021-12-31 01:00:00+00:00,0.062,58468,0.1272727272727272,-0.03063863651435772,0.055142857142857146,57127.0
Snakebite Case,2022-01-01 01:00:00+00:00,0.062,61783,0.0,0.05669768078265025,0.056,58224.71428571428
Snakebite Case,2022-01-02 01:00:00+00:00,0.061,60714,-0.016129032258064502,-0.017302494213618624,0.05728571428571428,58460.857142857145
Snakebite Case,2022-01-03 01:00:00+00:00,0.061,60865,0.0,0.0024870705273907223,0.05814285714285714,59939.71428571428
Snakebite Case,2022-01-04 01:00:00+00:00,0.058,52605,-0.0491803278688524,-0.13571017826336973,0.05885714285714285,59437.857142857145
Snakebite Case,2022-01-05 01:00:00+00:00,0.058,61454,0.0,0.1682159490542725,0.05957142857142857,59457.857142857145
Snakebite Case,2022-01-06 01:00:00+00:00,0.061,60761,0.051724137931034475,-0.011276727308230594,0.06042857142857143,59521.42857142857
Snakebite Case,2022-01-07 01:00:00+00:00,0.068,64468,0.11475409836065587,0.06100952913875668,0.061285714285714284,60378.57142857143
Snakebite Case,2022-01-08 01:00:00+00:00,0.074,63779,0.08823529411764697,-0.010687472854749691,0.063,60663.71428571428
Snakebite Case,2022-01-09 01:00:00+00:00,0.074,60764,0.0,-0.047272613242603345,0.06485714285714286,60670.857142857145
Snakebite Case,2022-01-10 01:00:00+00:00,0.077,56418,0.04054054054054057,-0.07152261207293797,0.06714285714285714,60035.57142857143
Snakebite Case,2022-01-11 01:00:00+00:00,0.081,59499,0.051948051948051965,0.05461023077741145,0.07042857142857142,61020.42857142857
Snakebite Case,2022-01-12 01:00:00+00:00,0.082,58868,0.012345679012345734,-0.010605220255802572,0.07385714285714286,60651.0
Snakebite Case,2022-01-13 01:00:00+00:00,0.083,52362,0.012195121951219523,-0.11051844805327171,0.077,59451.142857142855
Snakebite Case,2022-01-14 01:00:00+00:00,0.086,72826,0.036144578313252795,0.39081776861082473,0.07957142857142858,60645.142857142855
Snakebite Case,2022-01-15 01:00:00+00:00,0.087,66204,0.011627906976744207,-0.09092906379589705,0.08142857142857142,60991.57142857143
Snakebite Case,2022-01-16 01:00:00+00:00,0.09,68242,0.034482758620689724,0.03078363845084886,0.08371428571428571,62059.857142857145
Snakebite Case,2022-01-17 01:00:00+00:00,0.098,67686,0.08888888888888902,-0.008147475161923712,0.08671428571428572,63669.57142857143
Snakebite Case,2022-01-18 01:00:00+00:00,0.111,66665,0.13265306122448983,-0.01508436013355785,0.091,64693.28571428572
Snakebite Case,2022-01-19 01:00:00+00:00,0.108,54309,-0.027027027027027084,-0.18534463361584042,0.09471428571428572,64042.0
Snakebite Case,2022-01-20 01:00:00+00:00,0.1,51541,-0.07407407407407396,-0.05096761126148519,0.09714285714285716,63924.71428571428
Snakebite Case,2022-01-21 01:00:00+00:00,0.095,84481,-0.050000000000000044,0.6391028501581266,0.09842857142857142,65589.71428571429
Snakebite Case,2022-01-22 01:00:00+00:00,0.086,82198,-0.09473684210526323,-0.02702382784294699,0.09828571428571428,67874.57142857143
Snakebite Case,2022-01-23 01:00:00+00:00,0.083,72386,-0.0348837209302324,-0.11937030098055912,0.0972857142857143,68466.57142857143
Snakebite Case,2022-01-24 01:00:00+00:00,0.078,61835,-0.06024096385542177,-0.14576022987870585,0.09442857142857143,67630.71428571429
Snakebite Case,2022-01-25 01:00:00+00:00,0.078,65630,0.0,0.061373008813778496,0.08971428571428573,67482.85714285714
Snakebite Case,2022-01-26 01:00:00+00:00,0.077,64743,-0.012820512820512886,-0.013515160749657196,0.08528571428571428,68973.42857142857
Snakebite Case,2022-01-27 01:00:00+00:00,0.076,66716,-0.012987012987012991,0.030474336993960627,0.08185714285714285,71141.28571428571
Snakebite Case,2022-01-28 01:00:00+00:00,0.073,73712,-0.03947368421052633,0.10486240182265116,0.07871428571428572,69602.85714285714
Snakebite Case,2022-01-29 01:00:00+00:00,0.075,80905,0.027397260273972712,0.09758248317777296,0.07714285714285715,69418.14285714286
Snakebite Case,2022-01-30 01:00:00+00:00,0.075,75120,0.0,-0.07150361535133798,0.076,69808.71428571429
Snakebite Case,2022-01-31 01:00:00+00:00,0.073,76126,-0.026666666666666727,0.01339190628328013,0.07528571428571429,71850.28571428571
Snakebite Case,2022-02-01 01:00:00+00:00,0.076,74472,0.041095890410958846,-0.02172713658933878,0.075,73113.42857142857
Snakebite Case,2022-02-02 01:00:00+00:00,0.072,69709,-0.052631578947368474,-0.06395692340745518,0.07428571428571429,73822.85714285714
Snakebite Case,2022-02-03 01:00:00+00:00,0.071,75903,-0.01388888888888895,0.08885509762010635,0.07357142857142858,75135.28571428571
Snakebite Case,2022-02-04 01:00:00+00:00,0.079,69033,0.11267605633802824,-0.09051025651160038,0.07442857142857143,74466.85714285714
Snakebite Case,2022-02-05 01:00:00+00:00,0.078,68679,-0.012658227848101222,-0.005127982269349407,0.07485714285714286,72720.28571428571
Snakebite Case,2022-02-06 01:00:00+00:00,0.076,68577,-0.02564102564102566,-0.0014851701393439054,0.07499999999999998,71785.57142857143
Snakebite Case,2022-02-07 01:00:00+00:00,0.077,64706,0.013157894736842035,-0.05644749697420415,0.07557142857142858,70154.14285714286
Snakebite Case,2022-02-08 01:00:00+00:00,0.077,61432,0.0,-0.050598089821654924,0.07571428571428572,68291.28571428571
Snakebite Case,2022-02-09 01:00:00+00:00,0.077,63233,0.0,0.029316968355254547,0.07642857142857143,67366.14285714286
Snakebite Case,2022-02-10 01:00:00+00:00,0.074,61360,-0.038961038961038974,-0.02962060949187928,0.07685714285714286,65288.57142857143
Snakebite Case,2022-02-11 01:00:00+00:00,0.073,73561,-0.013513513513513487,0.19884289439374192,0.076,65935.42857142857
Snakebite Case,2022-02-12 01:00:00+00:00,0.074,70857,0.013698630136986356,-0.03675860850178758,0.07542857142857143,66246.57142857143
Snakebite Case,2022-02-13 01:00:00+00:00,0.074,64945,0.0,-0.0834356520880083,0.07514285714285715,65727.71428571429
Snakebite Case,2022-02-14 01:00:00+00:00,0.074,61501,0.0,-0.0530294864885672,0.0747142857142857,65269.857142857145
Snakebite Case,2022-02-15 01:00:00+00:00,0.075,62120,0.013513513513513598,0.010064876993870042,0.07442857142857143,65368.142857142855
Snakebite Case,2022-02-16 01:00:00+00:00,0.074,58557,-0.013333333333333308,-0.05735672891178367,0.074,64700.142857142855
Snakebite Case,2022-02-17 01:00:00+00:00,0.077,60033,0.04054054054054057,0.02520620933449469,0.07442857142857143,64510.57142857143
Snakebite Case,2022-02-18 01:00:00+00:00,0.079,62484,0.025974025974025983,0.040827544850332353,0.07528571428571428,62928.142857142855
Snakebite Case,2022-02-19 01:00:00+00:00,0.077,67512,-0.025316455696202556,0.08046859996159017,0.07571428571428572,62450.28571428572
Snakebite Case,2022-02-20 01:00:00+00:00,0.076,67587,-0.012987012987012991,0.0011109136153573118,0.076,62827.71428571428
Snakebite Case,2022-02-21 01:00:00+00:00,0.074,61480,-0.02631578947368418,-0.09035761315045798,0.076,62824.71428571428
Snakebite Case,2022-02-22 01:00:00+00:00,0.075,63246,0.013513513513513598,0.02872478854912175,0.076,62985.57142857143
Snakebite Case,2022-02-23 01:00:00+00:00,0.075,62470,0.0,-0.012269550643518978,0.07614285714285715,63544.57142857143
Snakebite Case,2022-02-24 01:00:00+00:00,0.079,63209,0.053333333333333455,0.011829678245557806,0.07642857142857143,63998.28571428572
Snakebite Case,2022-02-25 01:00:00+00:00,0.083,57918,0.05063291139240511,-0.0837064342103182,0.077,63346.0
Snakebite Case,2022-02-26 01:00:00+00:00,0.082,73410,-0.012048192771084376,0.2674816119341137,0.07771428571428572,64188.57142857143
Snakebite Case,2022-02-27 01:00:00+00:00,0.087,93936,0.06097560975609739,0.2796076828769922,0.07928571428571429,67952.71428571429
Snakebite Case,2022-02-28 01:00:00+00:00,0.096,108827,0.10344827586206917,0.1585228240504173,0.08242857142857142,74716.57142857143
Snakebite Case,2022-03-01 01:00:00+00:00,0.117,116719,0.21875,0.07251876832036164,0.08842857142857144,82355.57142857143
Snakebite Case,2022-03-02 01:00:00+00:00,0.118,93694,0.008547008547008517,-0.19726865377530656,0.09457142857142857,86816.14285714286
Snakebite Case,2022-03-03 01:00:00+00:00,0.114,76571,-0.03389830508474567,-0.18275449868721583,0.09957142857142857,88725.0
Snakebite Case,2022-03-04 01:00:00+00:00,0.114,75515,0.0,-0.01379112196523491,0.104,91238.85714285714
Snakebite Case,2022-03-05 01:00:00+00:00,0.109,86063,-0.04385964912280704,0.13968085810766073,0.10785714285714286,93046.42857142857
Snakebite Case,2022-03-06 01:00:00+00:00,0.103,86698,-0.05504587155963303,0.007378315884875031,0.11014285714285714,92012.42857142857
Snakebite Case,2022-03-07 01:00:00+00:00,0.094,74931,-0.08737864077669899,-0.13572400747422086,0.10985714285714286,87170.14285714286
Snakebite Case,2022-03-08 01:00:00+00:00,0.104,114432,0.1063829787234043,0.527164991792449,0.108,86843.42857142857
Snakebite Case,2022-03-09 01:00:00+00:00,0.108,77858,0.03846153846153855,-0.3196133948545862,0.10657142857142857,84581.14285714286
Snakebite Case,2022-03-10 01:00:00+00:00,0.104,69532,-0.03703703703703709,-0.10693827223920471,0.10514285714285714,83575.57142857143
Snakebite Case,2022-03-11 01:00:00+00:00,0.106,72036,0.019230769230769162,0.03601219582350579,0.104,83078.57142857143
Snakebite Case,2022-03-12 01:00:00+00:00,0.104,83772,-0.018867924528301883,0.1629185407296352,0.10328571428571429,82751.28571428571
Snakebite Case,2022-03-13 01:00:00+00:00,0.112,82311,0.0769230769230771,-0.017440194814496546,0.10457142857142857,82124.57142857143
Snakebite Case,2022-03-14 01:00:00+00:00,0.113,69994,0.008928571428571397,-0.14963978083123763,0.10728571428571429,81419.28571428571
Snakebite Case,2022-03-15 01:00:00+00:00,0.116,68302,0.026548672566371723,-0.024173500585764507,0.109,74829.28571428571
Snakebite Case,2022-03-16 01:00:00+00:00,0.12,74122,0.0344827586206895,0.08520980351966267,0.1107142857142857,74295.57142857143
Snakebite Case,2022-03-17 01:00:00+00:00,0.123,67396,0.025000000000000133,-0.09074228973853915,0.11342857142857142,73990.42857142857
Snakebite Case,2022-03-18 01:00:00+00:00,0.124,73281,0.008130081300812941,0.08731972223870854,0.11599999999999999,74168.28571428571
Snakebite Case,2022-03-19 01:00:00+00:00,0.135,92708,0.08870967741935498,0.265102823378502,0.12042857142857143,75444.85714285714
Snakebite Case,2022-03-20 01:00:00+00:00,0.138,90877,0.022222222222222143,-0.01975018337144585,0.12414285714285714,76668.57142857143
Snakebite Case,2022-03-21 01:00:00+00:00,0.154,86333,0.1159420289855071,-0.05000165058265571,0.13,79002.71428571429
Snakebite Case,2022-03-22 01:00:00+00:00,0.18,99443,0.16883116883116878,0.15185386816165303,0.13914285714285715,83451.42857142857
Snakebite Case,2022-03-23 01:00:00+00:00,0.199,84310,0.10555555555555562,-0.1521776293957342,0.15042857142857144,84906.85714285714
Snakebite Case,2022-03-24 01:00:00+00:00,0.173,82166,-0.1306532663316584,-0.025429960858735612,0.15757142857142856,87016.85714285714
Snakebite Case,2022-03-25 01:00:00+00:00,0.152,72010,-0.12138728323699421,-0.12360343694472165,0.16157142857142856,86835.28571428571
Snakebite Case,2022-03-26 01:00:00+00:00,0.15,79488,-0.013157894736842146,0.10384668796000551,0.16371428571428573,84946.71428571429
Snakebite Case,2022-03-27 01:00:00+00:00,0.162,82521,0.08000000000000007,0.038156702898550776,0.16714285714285712,83753.0
Snakebite Case,2022-03-28 01:00:00+00:00,0.163,72886,0.006172839506172867,-0.11675815852934401,0.16842857142857143,81832.0
Snakebite Case,2022-03-29 01:00:00+00:00,0.157,67871,-0.036809815950920255,-0.06880608072880934,0.16514285714285712,77321.71428571429
Snakebite Case,2022-03-30 01:00:00+00:00,0.153,64830,-0.02547770700636942,-0.04480558706958793,0.15857142857142859,74538.85714285714
Snakebite Case,2022-03-31 01:00:00+00:00,0.157,68186,0.026143790849673332,0.05176615764306658,0.15628571428571428,72541.71428571429
Snakebite Case,2022-04-01 01:00:00+00:00,0.157,71942,0.0,0.05508462147654947,0.157,72532.0
Snakebite Case,2022-04-02 01:00:00+00:00,0.162,83255,0.031847133757961776,0.15725167496038472,0.15871428571428572,73070.14285714286
Snakebite Case,2022-04-03 01:00:00+00:00,0.167,86826,0.030864197530864335,0.04289231877965283,0.15942857142857145,73685.14285714286
Snakebite Case,2022-04-04 01:00:00+00:00,0.172,71376,0.029940119760478945,-0.17794209107870917,0.16071428571428573,73469.42857142857
Snakebite Case,2022-04-05 01:00:00+00:00,0.181,74176,0.05232558139534893,0.0392288724501233,0.16414285714285715,74370.14285714286
Snakebite Case,2022-04-06 01:00:00+00:00,0.191,71423,0.05524861878453047,-0.037114430543572,0.16957142857142857,75312.0
Snakebite Case,2022-04-07 01:00:00+00:00,0.201,72395,0.05235602094240832,0.013609061506797637,0.17585714285714288,75913.28571428571
Snakebite Case,2022-04-08 01:00:00+00:00,0.21,81507,0.04477611940298498,0.12586504592858616,0.18342857142857144,77279.71428571429
Snakebite Case,2022-04-09 01:00:00+00:00,0.227,99849,0.08095238095238111,0.2250358864882771,0.1927142857142857,79650.28571428571
Snakebite Case,2022-04-10 01:00:00+00:00,0.232,93421,0.022026431718061623,-0.06437720958647553,0.202,80592.42857142857
Snakebite Case,2022-04-11 01:00:00+00:00,0.215,74172,-0.07327586206896552,-0.20604574988492952,0.20814285714285716,80991.85714285714
Snakebite Case,2022-04-12 01:00:00+00:00,0.209,66399,-0.027906976744186074,-0.10479695842096748,0.21214285714285716,79880.85714285714
Snakebite Case,2022-04-13 01:00:00+00:00,0.206,67625,-0.014354066985645897,0.0184641334959863,0.21428571428571427,79338.28571428571
Snakebite Case,2022-04-14 01:00:00+00:00,0.214,75458,0.03883495145631066,0.11582994454713491,0.21614285714285714,79775.85714285714
Snakebite Case,2022-04-15 01:00:00+00:00,0.218,78329,0.01869158878504673,0.03804765564950041,0.21728571428571428,79321.85714285714
Snakebite Case,2022-04-16 01:00:00+00:00,0.226,81386,0.03669724770642202,0.03902769089353875,0.21714285714285714,76684.28571428571
Snakebite Case,2022-04-17 01:00:00+00:00,0.223,77044,-0.013274336283185861,-0.053350699137443836,0.21585714285714283,74344.71428571429
Snakebite Case,2022-04-18 01:00:00+00:00,0.221,66138,-0.008968609865470878,-0.1415554747936244,0.2167142857142857,73197.0
Snakebite Case,2022-04-19 01:00:00+00:00,0.221,66658,0.0,0.00786234842299427,0.21842857142857142,73234.0
Snakebite Case,2022-04-20 01:00:00+00:00,0.224,66493,0.013574660633484115,-0.002475321791832963,0.221,73072.28571428571
Snakebite Case,2022-04-21 01:00:00+00:00,0.225,67878,0.0044642857142858094,0.020829260222880563,0.2225714285714286,71989.42857142857
Snakebite Case,2022-04-22 01:00:00+00:00,0.227,73251,0.008888888888888946,0.07915672235481308,0.2238571428571429,71264.0
Snakebite Case,2022-04-23 01:00:00+00:00,0.232,83218,0.022026431718061623,0.13606640182386598,0.22471428571428573,71525.71428571429
Snakebite Case,2022-04-24 01:00:00+00:00,0.238,82645,0.025862068965517127,-0.006885529572928983,0.22685714285714287,72325.85714285714
Snakebite Case,2022-04-25 01:00:00+00:00,0.237,66714,-0.004201680672268893,-0.19276423256095343,0.22914285714285712,72408.14285714286
Snakebite Case,2022-04-26 01:00:00+00:00,0.234,66301,-0.012658227848101111,-0.006190604670683775,0.231,72357.14285714286
Snakebite Case,2022-04-27 01:00:00+00:00,0.234,70174,0.0,0.0584154085157087,0.23242857142857143,72883.0
Snakebite Case,2022-04-28 01:00:00+00:00,0.228,65288,-0.02564102564102566,-0.0696269273520107,0.23285714285714285,72513.0
Snakebite Case,2022-04-29 01:00:00+00:00,0.225,74971,-0.013157894736842146,0.14831209410611446,0.2325714285714286,72758.71428571429
Snakebite Case,2022-04-30 01:00:00+00:00,0.226,80023,0.004444444444444473,0.06738605594163083,0.2317142857142857,72302.28571428571
Snakebite Case,2022-05-01 01:00:00+00:00,0.224,81637,-0.008849557522123908,0.020169201354610644,0.2297142857142857,72158.28571428571
Snakebite Case,2022-05-02 01:00:00+00:00,0.222,75097,-0.008928571428571397,-0.08011073410340896,0.22757142857142856,73355.85714285714
Snakebite Case,2022-05-03 01:00:00+00:00,0.222,74008,0.0,-0.014501245056393719,0.2258571428571429,74456.85714285714
Snakebite Case,2022-05-04 01:00:00+00:00,0.211,109999,-0.0495495495495496,0.48631229056318226,0.2225714285714286,80146.14285714286
Snakebite Case,2022-05-05 01:00:00+00:00,0.217,78152,0.028436018957346043,-0.28952081382558026,0.22100000000000003,81983.85714285714
Snakebite Case,2022-05-06 01:00:00+00:00,0.212,75356,-0.02304147465437789,-0.035776435663834594,0.21914285714285714,82038.85714285714
Snakebite Case,2022-05-07 01:00:00+00:00,0.208,78130,-0.018867924528301883,0.03681193269281802,0.21657142857142858,81768.42857142857
Snakebite Case,2022-05-08 01:00:00+00:00,0.201,71662,-0.033653846153846034,-0.08278510175348774,0.2132857142857143,80343.42857142857
Snakebite Case,2022-05-09 01:00:00+00:00,0.2,60837,-0.00497512437810943,-0.15105634785520916,0.21014285714285713,78306.28571428571
Snakebite Case,2022-05-10 01:00:00+00:00,0.2,67204,0.0,0.1046567056232226,0.207,77334.28571428571
Snakebite Case,2022-05-11 01:00:00+00:00,0.188,60802,-0.06000000000000005,-0.09526218677459675,0.20371428571428574,70306.14285714286
Snakebite Case,2022-05-12 01:00:00+00:00,0.184,65059,-0.021276595744680882,0.07001414427157004,0.199,68435.71428571429
Snakebite Case,2022-05-13 01:00:00+00:00,0.177,63209,-0.03804347826086962,-0.02843572757035917,0.194,66700.42857142857
Snakebite Case,2022-05-14 01:00:00+00:00,0.168,68973,-0.05084745762711851,0.09118954579252958,0.1882857142857143,65392.28571428572
Snakebite Case,2022-05-15 01:00:00+00:00,0.164,69496,-0.023809523809523836,0.007582677279515115,0.183,65082.857142857145
Snakebite Case,2022-05-16 01:00:00+00:00,0.159,57355,-0.030487804878048808,-0.17470070219868772,0.17714285714285713,64585.42857142857
Snakebite Case,2022-05-17 01:00:00+00:00,0.156,52965,-0.018867924528301883,-0.07654084212361612,0.17085714285714287,62551.28571428572
Snakebite Case,2022-05-18 01:00:00+00:00,0.155,60758,-0.0064102564102563875,0.14713490040592836,0.16614285714285712,62545.0
Snakebite Case,2022-05-19 01:00:00+00:00,0.15,55663,-0.032258064516129115,-0.08385726982454988,0.16128571428571428,61202.71428571428
Snakebite Case,2022-05-20 01:00:00+00:00,0.152,69551,0.01333333333333342,0.24950146416829844,0.15771428571428572,62108.71428571428
Snakebite Case,2022-05-21 01:00:00+00:00,0.157,72341,0.03289473684210531,0.04011444839038969,0.15614285714285714,62589.857142857145
Snakebite Case,2022-05-22 01:00:00+00:00,0.156,70803,-0.006369426751592355,-0.021260419402551856,0.155,62776.57142857143
Snakebite Case,2022-05-23 01:00:00+00:00,0.156,59487,0.0,-0.1598237362823609,0.15457142857142855,63081.142857142855
Snakebite Case,2022-05-24 01:00:00+00:00,0.163,69301,0.044871794871794934,0.16497722191403175,0.15557142857142855,65414.857142857145
Snakebite Case,2022-05-25 01:00:00+00:00,0.171,67705,0.04907975460122693,-0.023029970707493352,0.15785714285714286,66407.28571428571
Snakebite Case,2022-05-26 01:00:00+00:00,0.18,68641,0.05263157894736836,0.013824680599660244,0.16214285714285714,68261.28571428571
Snakebite Case,2022-05-27 01:00:00+00:00,0.186,70839,0.03333333333333344,0.032021678005856646,0.167,68445.28571428571
Snakebite Case,2022-05-28 01:00:00+00:00,0.197,77652,0.05913978494623651,0.09617583534493712,0.17271428571428574,69204.0
Snakebite Case,2022-05-29 01:00:00+00:00,0.198,75733,0.0050761421319796,-0.024712821305310828,0.1787142857142857,69908.28571428571
Snakebite Case,2022-05-30 01:00:00+00:00,0.194,65455,-0.02020202020202022,-0.13571362550011223,0.18414285714285714,70760.85714285714
Snakebite Case,2022-05-31 01:00:00+00:00,0.198,71257,0.020618556701030855,0.08864105110381182,0.18914285714285714,71040.28571428571
Snakebite Case,2022-06-01 01:00:00+00:00,0.211,72892,0.06565656565656552,0.022945114164222513,0.19485714285714284,71781.28571428571
Snakebite Case,2022-06-02 01:00:00+00:00,0.213,71101,0.009478672985782088,-0.024570597596444088,0.19957142857142857,72132.71428571429
Snakebite Case,2022-06-03 01:00:00+00:00,0.205,101670,-0.03755868544600938,0.42993769426590345,0.20228571428571426,76537.14285714286
Snakebite Case,2022-06-04 01:00:00+00:00,0.211,89751,0.029268292682926855,-0.11723222189436411,0.20428571428571426,78265.57142857143
Snakebite Case,2022-06-05 01:00:00+00:00,0.203,84424,-0.03791469194312791,-0.05935309912981468,0.20500000000000002,79507.14285714286
Snakebite Case,2022-06-06 01:00:00+00:00,0.197,69716,-0.029556650246305494,-0.17421586278783285,0.20542857142857146,80115.85714285714
Snakebite Case,2022-06-07 01:00:00+00:00,0.186,67356,-0.055837563451776706,-0.03385162659934593,0.2037142857142857,79558.57142857143
Snakebite Case,2022-06-08 01:00:00+00:00,0.173,64244,-0.06989247311827962,-0.0462022685432627,0.19828571428571432,78323.14285714286
Snakebite Case,2022-06-09 01:00:00+00:00,0.167,64069,-0.03468208092485536,-0.002723989788929737,0.19171428571428573,77318.57142857143
Snakebite Case,2022-06-10 01:00:00+00:00,0.168,62348,0.0059880239520957446,-0.026861664767672377,0.18642857142857142,71701.14285714286
Snakebite Case,2022-06-11 01:00:00+00:00,0.168,66476,0.0,0.06620902033746079,0.1802857142857143,68376.14285714286
Snakebite Case,2022-06-12 01:00:00+00:00,0.165,62439,-0.017857142857142905,-0.060728684036343905,0.17485714285714285,65235.42857142857
Snakebite Case,2022-06-13 01:00:00+00:00,0.156,60985,-0.054545454545454564,-0.023286727846378086,0.16899999999999998,63988.142857142855
Snakebite Case,2022-06-14 01:00:00+00:00,0.153,62021,-0.019230769230769273,0.016987783881282192,0.16428571428571428,63226.0
Snakebite Case,2022-06-15 01:00:00+00:00,0.152,61044,-0.006535947712418277,-0.01575272891439994,0.16128571428571428,62768.857142857145
Snakebite Case,2022-06-16 01:00:00+00:00,0.156,79132,0.026315789473684292,0.29631085774195665,0.15971428571428573,64920.71428571428
Snakebite Case,2022-06-17 01:00:00+00:00,0.157,62458,0.0064102564102563875,-0.21071121670120807,0.15814285714285714,64936.42857142857
Snakebite Case,2022-06-18 01:00:00+00:00,0.156,61133,-0.006369426751592355,-0.02121425598001858,0.15642857142857142,64173.142857142855
Snakebite Case,2022-06-19 01:00:00+00:00,0.147,62750,-0.05769230769230771,0.026450525902540267,0.15385714285714286,64217.57142857143
Snakebite Case,2022-06-20 01:00:00+00:00,0.141,67509,-0.04081632653061229,0.0758406374501992,0.15171428571428572,65149.57142857143
Snakebite Case,2022-06-21 01:00:00+00:00,0.134,61211,-0.049645390070921835,-0.0932912648683879,0.149,65033.857142857145
Snakebite Case,2022-06-22 01:00:00+00:00,0.133,62468,-0.007462686567164201,0.02053552466060027,0.1462857142857143,65237.28571428572
Snakebite Case,2022-06-23 01:00:00+00:00,0.133,65615,0.0,0.050377793430236295,0.14300000000000002,63306.28571428572
Snakebite Case,2022-06-24 01:00:00+00:00,0.13,70132,-0.022556390977443663,0.06884096624247515,0.13914285714285715,64402.57142857143
Snakebite Case,2022-06-25 01:00:00+00:00,0.134,71227,0.030769230769230882,0.0156134147037017,0.13599999999999998,65844.57142857143
Snakebite Case,2022-06-26 01:00:00+00:00,0.138,68958,0.029850746268656803,-0.03185589734229999,0.1347142857142857,66731.42857142857
Snakebite Case,2022-06-27 01:00:00+00:00,0.133,64714,-0.036231884057971064,-0.061544708373212687,0.1335714285714286,66332.14285714286
Snakebite Case,2022-06-28 01:00:00+00:00,0.132,63862,-0.007518796992481258,-0.013165621040269526,0.13328571428571429,66710.85714285714
Snakebite Case,2022-06-29 01:00:00+00:00,0.134,67844,0.015151515151515138,0.062353199085528166,0.13342857142857142,67478.85714285714
Snakebite Case,2022-06-30 01:00:00+00:00,0.145,73741,0.08208955223880587,0.08691999292494557,0.13514285714285715,68639.71428571429
Snakebite Case,2022-07-01 01:00:00+00:00,0.156,70260,0.07586206896551739,-0.04720576070300109,0.13885714285714287,68658.0
Snakebite Case,2022-07-02 01:00:00+00:00,0.151,87250,-0.03205128205128205,0.2418161115855395,0.1412857142857143,70947.0
Snakebite Case,2022-07-03 01:00:00+00:00,0.148,75685,-0.019867549668874163,-0.13255014326647563,0.1427142857142857,71908.0
Snakebite Case,2022-07-04 01:00:00+00:00,0.144,71167,-0.027027027027027084,-0.05969478760652702,0.1442857142857143,72829.85714285714
Snakebite Case,2022-07-05 01:00:00+00:00,0.142,78155,-0.01388888888888895,0.09819157755701369,0.1457142857142857,74871.71428571429
Snakebite Case,2022-07-06 01:00:00+00:00,0.134,76193,-0.0563380281690139,-0.02510396007932958,0.1457142857142857,76064.42857142857
Snakebite Case,2022-07-07 01:00:00+00:00,0.135,68594,0.00746268656716409,-0.0997335713254498,0.1442857142857143,75329.14285714286
Snakebite Case,2022-07-08 01:00:00+00:00,0.14,65504,0.03703703703703698,-0.04504767180802982,0.142,74649.71428571429
Snakebite Case,2022-07-09 01:00:00+00:00,0.141,66176,0.0071428571428568954,0.010258915486077269,0.14057142857142857,71639.14285714286
Snakebite Case,2022-07-10 01:00:00+00:00,0.146,74720,0.03546099290780136,0.129110251450677,0.1402857142857143,71501.28571428571
Snakebite Case,2022-07-11 01:00:00+00:00,0.142,66927,-0.0273972602739726,-0.10429603854389724,0.13999999999999999,70895.57142857143
Snakebite Case,2022-07-12 01:00:00+00:00,0.141,69110,-0.007042253521126751,0.03261762816202718,0.13985714285714285,69603.42857142857
Snakebite Case,2022-07-13 01:00:00+00:00,0.141,58125,0.0,-0.1589495007958327,0.14085714285714285,67022.28571428571
Snakebite Case,2022-07-14 01:00:00+00:00,0.141,70846,0.0,0.2188559139784947,0.1417142857142857,67344.0
Snakebite Case,2022-07-15 01:00:00+00:00,0.138,61449,-0.02127659574468066,-0.13263981029274763,0.1414285714285714,66764.71428571429
Snakebite Case,2022-07-16 01:00:00+00:00,0.137,67504,-0.007246376811594235,0.09853699816107664,0.14085714285714285,66954.42857142857
Snakebite Case,2022-07-17 01:00:00+00:00,0.135,66173,-0.014598540145985384,-0.01971735008295805,0.1392857142857143,65733.42857142857
Snakebite Case,2022-07-18 01:00:00+00:00,0.135,72112,0.0,0.08974959575657748,0.1382857142857143,66474.14285714286
Snakebite Case,2022-07-19 01:00:00+00:00,0.136,67930,0.007407407407407307,-0.05799312181051697,0.13757142857142857,66305.57142857143
Snakebite Case,2022-07-20 01:00:00+00:00,0.136,61161,0.0,-0.09964669512733693,0.13685714285714287,66739.28571428571
Snakebite Case,2022-07-21 01:00:00+00:00,0.135,74940,-0.007352941176470562,0.22529062637955555,0.136,67324.14285714286
Snakebite Case,2022-07-22 01:00:00+00:00,0.141,84913,0.04444444444444429,0.1330797971710702,0.13642857142857143,70676.14285714286
Snakebite Case,2022-07-23 01:00:00+00:00,0.145,71928,0.028368794326241176,-0.15292122525408358,0.1375714285714286,71308.14285714286
Snakebite Case,2022-07-24 01:00:00+00:00,0.145,73724,0.0,0.024969413858302758,0.139,72386.85714285714
Snakebite Case,2022-07-25 01:00:00+00:00,0.144,66737,-0.006896551724137945,-0.09477239433563023,0.1402857142857143,71619.0
Snakebite Case,2022-07-26 01:00:00+00:00,0.141,64252,-0.02083333333333337,-0.03723571631928313,0.141,71093.57142857143
Snakebite Case,2022-07-27 01:00:00+00:00,0.141,64201,0.0,-0.0007937496109070574,0.1417142857142857,71527.85714285714
Snakebite Case,2022-07-28 01:00:00+00:00,0.141,63687,0.0,-0.008006105823896825,0.14257142857142857,69920.28571428571
Snakebite Case,2022-07-29 01:00:00+00:00,0.146,68722,0.03546099290780136,0.07905852057719787,0.14328571428571427,67607.28571428571
Snakebite Case,2022-07-30 01:00:00+00:00,0.146,71938,0.0,0.04679724105817651,0.14342857142857143,67608.71428571429
Snakebite Case,2022-07-31 01:00:00+00:00,0.145,73642,-0.006849315068493178,0.023687063860546642,0.1434285714285714,67597.0
Snakebite Case,2022-08-01 01:00:00+00:00,0.144,67416,-0.006896551724137945,-0.08454414600363924,0.14342857142857143,67694.0
Snakebite Case,2022-08-02 01:00:00+00:00,0.145,71306,0.00694444444444442,0.057701435860923134,0.144,68701.71428571429
Snakebite Case,2022-08-03 01:00:00+00:00,0.143,77137,-0.01379310344827589,0.0817743247412559,0.14428571428571427,70549.71428571429
Snakebite Case,2022-08-04 01:00:00+00:00,0.142,67356,-0.006993006993006978,-0.1268003681761023,0.1444285714285714,71073.85714285714
Snakebite Case,2022-08-05 01:00:00+00:00,0.143,67264,0.007042253521126751,-0.0013658768335411686,0.144,70865.57142857143
Snakebite Case,2022-08-06 01:00:00+00:00,0.141,69531,-0.013986013986013957,0.03370302093244537,0.14328571428571427,70521.71428571429
Snakebite Case,2022-08-07 01:00:00+00:00,0.14,72890,-0.007092198581560072,0.04830938717981903,0.14257142857142854,70414.28571428571
Snakebite Case,2022-08-08 01:00:00+00:00,0.141,73578,0.0071428571428568954,0.009438880504870406,0.14214285714285713,71294.57142857143
Snakebite Case,2022-08-09 01:00:00+00:00,0.146,38341,0.03546099290780136,-0.4789067384272473,0.1422857142857143,66585.28571428571
Snakebite Case,2022-08-10 01:00:00+00:00,0.141,72887,-0.03424657534246578,0.9010197960407917,0.142,65978.14285714286
Snakebite Case,2022-08-11 01:00:00+00:00,0.142,72426,0.007092198581560183,-0.006324859028358998,0.142,66702.42857142857
Snakebite Case,2022-08-12 01:00:00+00:00,0.144,67526,0.014084507042253502,-0.06765526192251403,0.14214285714285715,66739.85714285714
Snakebite Case,2022-08-13 01:00:00+00:00,0.145,65149,0.00694444444444442,-0.03520125581257594,0.1427142857142857,66113.85714285714
Snakebite Case,2022-08-14 01:00:00+00:00,0.142,69738,-0.020689655172413834,0.07043853320849136,0.143,65663.57142857143
Snakebite Case,2022-08-15 01:00:00+00:00,0.139,62121,-0.021126760563380143,-0.10922309214488513,0.1427142857142857,64026.857142857145
Snakebite Case,2022-08-16 01:00:00+00:00,0.137,66390,-0.014388489208633115,0.06872072246100358,0.14142857142857143,68033.85714285714
Snakebite Case,2022-08-17 01:00:00+00:00,0.132,91812,-0.03649635036496357,0.38291911432444636,0.14014285714285712,70737.42857142857
Snakebite Case,2022-08-18 01:00:00+00:00,0.132,78770,0.0,-0.14205114799808305,0.13871428571428573,71643.71428571429
Snakebite Case,2022-08-19 01:00:00+00:00,0.129,70342,-0.022727272727272707,-0.10699504887647582,0.13657142857142857,72046.0
Snakebite Case,2022-08-20 01:00:00+00:00,0.128,72168,-0.007751937984496138,0.025958886582696072,0.13414285714285715,73048.71428571429
Snakebite Case,2022-08-21 01:00:00+00:00,0.127,77501,-0.0078125,0.07389701806895022,0.13200000000000003,74157.71428571429
Snakebite Case,2022-08-22 01:00:00+00:00,0.128,73867,0.007874015748031482,-0.04688971755203164,0.13042857142857142,75835.71428571429
Snakebite Case,2022-08-23 01:00:00+00:00,0.132,69224,0.03125,-0.06285621454776824,0.12971428571428573,76240.57142857143
Snakebite Case,2022-08-24 01:00:00+00:00,0.13,72263,-0.015151515151515138,0.0439009592049,0.12942857142857142,73447.85714285714
Snakebite Case,2022-08-25 01:00:00+00:00,0.127,68639,-0.023076923076923106,-0.0501501459944923,0.12871428571428573,72000.57142857143
Snakebite Case,2022-08-26 01:00:00+00:00,0.128,73113,0.007874015748031482,0.06518160229607073,0.1285714285714286,72396.42857142857
Snakebite Case,2022-08-27 01:00:00+00:00,0.126,67316,-0.015625,-0.07928822507625188,0.12828571428571428,71703.28571428571
Snakebite Case,2022-08-28 01:00:00+00:00,0.128,75955,0.015873015873015817,0.12833501693505256,0.12842857142857142,71482.42857142857
Snakebite Case,2022-08-29 01:00:00+00:00,0.124,69650,-0.03125,-0.08300967678230531,0.12785714285714286,70880.0
Snakebite Case,2022-08-30 01:00:00+00:00,0.124,65135,0.0,-0.06482412060301512,0.12671428571428572,70295.85714285714
Snakebite Case,2022-08-31 01:00:00+00:00,0.125,67454,0.008064516129032251,0.035602978429415844,0.12600000000000003,69608.85714285714
Snakebite Case,2022-09-01 01:00:00+00:00,0.123,65466,-0.016000000000000014,-0.029471936430752854,0.12542857142857144,69155.57142857143
Snakebite Case,2022-09-02 01:00:00+00:00,0.117,73067,-0.04878048780487798,0.11610607032658171,0.12385714285714286,69149.0
Snakebite Case,2022-09-03 01:00:00+00:00,0.12,82986,0.02564102564102555,0.13575211791917008,0.12300000000000001,71387.57142857143
Snakebite Case,2022-09-04 01:00:00+00:00,0.137,152653,0.14166666666666683,0.8395030487070108,0.1242857142857143,82344.42857142857
Snakebite Case,2022-09-05 01:00:00+00:00,0.15,95273,0.09489051094890488,-0.37588517749405514,0.12799999999999997,86004.85714285714
Snakebite Case,2022-09-06 01:00:00+00:00,0.154,79877,0.026666666666666616,-0.1615987740493109,0.13228571428571428,88110.85714285714
Snakebite Case,2022-09-07 01:00:00+00:00,0.151,83358,-0.019480519480519543,0.04357950348661066,0.13599999999999998,90382.85714285714
Snakebite Case,2022-09-08 01:00:00+00:00,0.15,71128,-0.0066225165562914245,-0.1467165718947192,0.13985714285714285,91191.71428571429
Snakebite Case,2022-09-09 01:00:00+00:00,0.149,80207,-0.00666666666666671,0.12764312225846353,0.1444285714285714,92211.71428571429
Snakebite Case,2022-09-10 01:00:00+00:00,0.145,80173,-0.02684563758389269,-0.00042390315059781525,0.148,91809.85714285714
Snakebite Case,2022-09-11 01:00:00+00:00,0.147,82326,0.01379310344827589,0.02685442730096166,0.1494285714285714,81763.14285714286
Snakebite Case,2022-09-12 01:00:00+00:00,0.145,67137,-0.013605442176870763,-0.1844982144158589,0.14871428571428572,77743.71428571429
Snakebite Case,2022-09-13 01:00:00+00:00,0.143,69905,-0.01379310344827589,0.0412291284984434,0.14714285714285716,76319.14285714286
Snakebite Case,2022-09-14 01:00:00+00:00,0.142,73585,-0.006993006993006978,0.0526428724697805,0.14585714285714285,74923.0
Snakebite Case,2022-09-15 01:00:00+00:00,0.142,72916,0.0,-0.009091526805734884,0.1447142857142857,75178.42857142857
Snakebite Case,2022-09-16 01:00:00+00:00,0.139,70925,-0.021126760563380143,-0.027305392506445814,0.14328571428571427,73852.42857142857
Snakebite Case,2022-09-17 01:00:00+00:00,0.138,84604,-0.007194244604316502,0.19286570320761376,0.1422857142857143,74485.42857142857
Snakebite Case,2022-09-18 01:00:00+00:00,0.138,80133,0.0,-0.0528462011252423,0.141,74172.14285714286
Snakebite Case,2022-09-19 01:00:00+00:00,0.135,63839,-0.021739130434782594,-0.2033369523167734,0.1395714285714286,73701.0
Snakebite Case,2022-09-20 01:00:00+00:00,0.137,66924,0.014814814814814836,0.0483246918028164,0.13871428571428573,73275.14285714286
Snakebite Case,2022-09-21 01:00:00+00:00,0.138,69701,0.007299270072992803,0.04149482995636844,0.13814285714285715,72720.28571428571
Snakebite Case,2022-09-22 01:00:00+00:00,0.142,62595,0.02898550724637672,-0.10194975681841012,0.13814285714285715,71245.85714285714
Snakebite Case,2022-09-23 01:00:00+00:00,0.144,67069,0.014084507042253502,0.07147535745666578,0.13885714285714285,70695.0
Snakebite Case,2022-09-24 01:00:00+00:00,0.155,119038,0.07638888888888906,0.7748587275790604,0.1412857142857143,75614.14285714286
Snakebite Case,2022-09-25 01:00:00+00:00,0.153,80765,-0.012903225806451646,-0.321519178749643,0.14342857142857143,75704.42857142857
Snakebite Case,2022-09-26 01:00:00+00:00,0.154,65722,0.006535947712418277,-0.18625642295548817,0.14614285714285713,75973.42857142857
Snakebite Case,2022-09-27 01:00:00+00:00,0.153,64479,-0.006493506493506551,-0.018912997169897472,0.1484285714285714,75624.14285714286
Snakebite Case,2022-09-28 01:00:00+00:00,0.153,63650,0.0,-0.012856899145458178,0.15057142857142855,74759.71428571429
Snakebite Case,2022-09-29 01:00:00+00:00,0.154,68891,0.006535947712418277,0.08234092694422634,0.1522857142857143,75659.14285714286
Snakebite Case,2022-09-30 01:00:00+00:00,0.155,74004,0.006493506493506551,0.0742186932981086,0.15385714285714286,76649.85714285714
Snakebite Case,2022-10-01 01:00:00+00:00,0.151,81238,-0.02580645161290329,0.09775147289335706,0.15328571428571428,71249.85714285714
Snakebite Case,2022-10-02 01:00:00+00:00,0.148,80395,-0.019867549668874163,-0.010376917206233571,0.15257142857142858,71197.0
Snakebite Case,2022-10-03 01:00:00+00:00,0.151,70252,0.020270270270270396,-0.12616456247279062,0.15214285714285714,71844.14285714286
Snakebite Case,2022-10-04 01:00:00+00:00,0.146,63435,-0.03311258278145701,-0.09703638330581332,0.15114285714285716,71695.0
Snakebite Case,2022-10-05 01:00:00+00:00,0.143,60854,-0.020547945205479423,-0.040687317726807004,0.14971428571428572,71295.57142857143
Snakebite Case,2022-10-06 01:00:00+00:00,0.142,58829,-0.006993006993006978,-0.03327636638511844,0.148,69858.14285714286
Snakebite Case,2022-10-07 01:00:00+00:00,0.14,60591,-0.014084507042253391,0.029951214537047965,0.14585714285714285,67942.0
Snakebite Case,2022-10-08 01:00:00+00:00,0.143,76138,0.021428571428571352,0.2565892624317143,0.1447142857142857,67213.42857142857
Snakebite Case,2022-10-09 01:00:00+00:00,0.141,73491,-0.013986013986013957,-0.03476581995849637,0.1437142857142857,66227.14285714286
Snakebite Case,2022-10-10 01:00:00+00:00,0.143,73782,0.014184397163120588,0.00395966853084051,0.14257142857142854,66731.42857142857
Snakebite Case,2022-10-11 01:00:00+00:00,0.139,62057,-0.027972027972027802,-0.15891409828955572,0.14157142857142854,66534.57142857143
Snakebite Case,2022-10-12 01:00:00+00:00,0.137,61213,-0.014388489208633115,-0.01360039963259585,0.1407142857142857,66585.85714285714
Snakebite Case,2022-10-13 01:00:00+00:00,0.14,70390,0.021897810218978186,0.14991913482430208,0.14042857142857143,68237.42857142857
Snakebite Case,2022-10-14 01:00:00+00:00,0.136,54664,-0.02857142857142858,-0.22341241653643984,0.13985714285714285,67390.71428571429
Snakebite Case,2022-10-15 01:00:00+00:00,0.138,86163,0.014705882352941124,0.5762293282599151,0.13914285714285715,68822.85714285714
Snakebite Case,2022-10-16 01:00:00+00:00,0.138,73392,0.0,-0.14821907315204907,0.1387142857142857,68808.71428571429
Snakebite Case,2022-10-17 01:00:00+00:00,0.139,67058,0.007246376811594235,-0.08630368432526703,0.13814285714285715,67848.14285714286
Snakebite Case,2022-10-18 01:00:00+00:00,0.137,60366,-0.014388489208633115,-0.09979420799904559,0.13785714285714287,67606.57142857143
Snakebite Case,2022-10-19 01:00:00+00:00,0.143,69823,0.04379562043795593,0.15666103435708845,0.13871428571428573,68836.57142857143
Snakebite Case,2022-10-20 01:00:00+00:00,0.142,65542,-0.006993006993006978,-0.06131217507125164,0.139,68144.0
Snakebite Case,2022-10-21 01:00:00+00:00,0.14,68997,-0.014084507042253391,0.05271429007354067,0.1395714285714286,70191.57142857143
Snakebite Case,2022-10-22 01:00:00+00:00,0.13,100794,-0.07142857142857151,0.4608461237445107,0.13842857142857143,72281.71428571429
Snakebite Case,2022-10-23 01:00:00+00:00,0.128,79062,-0.015384615384615441,-0.2156080719090422,0.137,73091.71428571429
Snakebite Case,2022-10-24 01:00:00+00:00,0.128,63770,0.0,-0.19341782398623864,0.13542857142857143,72622.0
Snakebite Case,2022-10-25 01:00:00+00:00,0.133,71517,0.0390625,0.12148345617061307,0.13485714285714287,74215.0
Snakebite Case,2022-10-26 01:00:00+00:00,0.132,68696,-0.007518796992481258,-0.039445166883398386,0.13328571428571429,74054.0
Snakebite Case,2022-10-27 01:00:00+00:00,0.13,67404,-0.015151515151515138,-0.018807499708862196,0.1315714285714286,74320.0
Snakebite Case,2022-10-28 01:00:00+00:00,0.128,68702,-0.015384615384615441,0.019257017387692033,0.12985714285714287,74277.85714285714
Snakebite Case,2022-10-29 01:00:00+00:00,0.124,73262,-0.03125,0.0663736135774795,0.129,70344.71428571429
Snakebite Case,2022-10-30 01:00:00+00:00,0.125,73753,0.008064516129032251,0.006701973738090672,0.1285714285714286,69586.28571428571
Snakebite Case,2022-10-31 01:00:00+00:00,0.122,68664,-0.02400000000000002,-0.06900058302713108,0.12771428571428572,70285.42857142857
Snakebite Case,2022-11-01 01:00:00+00:00,0.12,58209,-0.016393442622950838,-0.1522631946871723,0.12585714285714286,68384.28571428571
Snakebite Case,2022-11-02 01:00:00+00:00,0.12,62040,0.0,0.06581456475802705,0.12414285714285714,67433.42857142857
Snakebite Case,2022-11-03 01:00:00+00:00,0.118,61167,-0.01666666666666672,-0.014071566731141183,0.12242857142857143,66542.42857142857
Snakebite Case,2022-11-04 01:00:00+00:00,0.12,73429,0.016949152542372836,0.20046757238380164,0.12128571428571429,67217.71428571429
Snakebite Case,2022-11-05 01:00:00+00:00,0.12,68860,0.0,-0.06222337223712704,0.1207142857142857,66588.85714285714
Snakebite Case,2022-11-06 01:00:00+00:00,0.121,73833,0.008333333333333304,0.07221899506244545,0.12014285714285713,66600.28571428571
Snakebite Case,2022-11-07 01:00:00+00:00,0.12,61349,-0.008264462809917328,-0.16908428480489757,0.11985714285714286,65555.28571428571
Snakebite Case,2022-11-08 01:00:00+00:00,0.124,75061,0.03333333333333344,0.22350812564181965,0.12042857142857143,67962.71428571429
Snakebite Case,2022-11-09 01:00:00+00:00,0.124,71329,0.0,-0.049719561423375636,0.121,69289.71428571429
Snakebite Case,2022-11-10 01:00:00+00:00,0.126,71257,0.016129032258064502,-0.0010094071135162697,0.12214285714285714,70731.14285714286
Snakebite Case,2022-11-11 01:00:00+00:00,0.125,64913,-0.007936507936507908,-0.08902984969897698,0.12285714285714286,69514.57142857143
Snakebite Case,2022-11-12 01:00:00+00:00,0.126,79186,0.008000000000000007,0.21987891485526778,0.12371428571428571,70989.71428571429
Snakebite Case,2022-11-13 01:00:00+00:00,0.128,80116,0.015873015873015817,0.011744500290455484,0.12471428571428571,71887.28571428571
Snakebite Case,2022-11-14 01:00:00+00:00,0.12,60778,-0.0625,-0.24137500624095065,0.12471428571428571,71805.71428571429
Snakebite Case,2022-11-15 01:00:00+00:00,0.121,68050,0.008333333333333304,0.11964855704366717,0.12428571428571429,70804.14285714286
Snakebite Case,2022-11-16 01:00:00+00:00,0.119,60362,-0.016528925619834767,-0.11297575312270391,0.12357142857142857,69237.42857142857
Snakebite Case,2022-11-17 01:00:00+00:00,0.119,61994,0.0,0.027036877505715484,0.12257142857142857,67914.14285714286
Snakebite Case,2022-11-18 01:00:00+00:00,0.125,93935,0.050420168067226934,0.5152272800593607,0.12257142857142857,72060.14285714286
Snakebite Case,2022-11-19 01:00:00+00:00,0.122,108005,-0.02400000000000002,0.14978442540054293,0.122,76177.14285714286
Snakebite Case,2022-11-20 01:00:00+00:00,0.116,80360,-0.0491803278688524,-0.25596037220499046,0.12028571428571429,76212.0
Snakebite Case,2022-11-21 01:00:00+00:00,0.114,59308,-0.017241379310344862,-0.26197112991538074,0.11942857142857143,76002.0
Snakebite Case,2022-11-22 01:00:00+00:00,0.122,76770,0.07017543859649122,0.2944290820799893,0.11957142857142856,77247.71428571429
Snakebite Case,2022-11-23 01:00:00+00:00,0.121,80662,-0.008196721311475419,0.05069688680474149,0.11985714285714286,80147.71428571429
Snakebite Case,2022-11-24 01:00:00+00:00,0.119,71549,-0.016528925619834767,-0.11297761027497455,0.11985714285714286,81512.71428571429
Snakebite Case,2022-11-25 01:00:00+00:00,0.118,74129,-0.008403361344537785,0.03605920418174957,0.11885714285714286,78683.28571428571
Snakebite Case,2022-11-26 01:00:00+00:00,0.113,80663,-0.04237288135593209,0.08814364148983533,0.11757142857142856,74777.28571428571
Snakebite Case,2022-11-27 01:00:00+00:00,0.109,85906,-0.03539823008849563,0.06499882226051601,0.11657142857142856,75569.57142857143
Snakebite Case,2022-11-28 01:00:00+00:00,0.108,90281,-0.00917431192660556,0.0509277582473866,0.1157142857142857,79994.28571428571
Snakebite Case,2022-11-29 01:00:00+00:00,0.112,70336,0.03703703703703698,-0.2209213455765886,0.1142857142857143,79075.14285714286
Snakebite Case,2022-11-30 01:00:00+00:00,0.116,66403,0.03571428571428581,-0.055917311191992725,0.11357142857142857,77038.14285714286
Snakebite Case,2022-12-01 01:00:00+00:00,0.117,68309,0.008620689655172376,0.028703522431215545,0.1132857142857143,76575.28571428571
Snakebite Case,2022-12-02 01:00:00+00:00,0.121,77366,0.03418803418803407,0.13258867791945428,0.11371428571428573,77037.71428571429
Snakebite Case,2022-12-03 01:00:00+00:00,0.121,70191,0.0,-0.09274099733733165,0.11485714285714287,75541.71428571429
Snakebite Case,2022-12-04 01:00:00+00:00,0.12,69840,-0.008264462809917328,-0.00500064110783438,0.11642857142857144,73246.57142857143
Snakebite Case,2022-12-05 01:00:00+00:00,0.12,59419,0.0,-0.14921248568155787,0.11814285714285715,68837.71428571429
Snakebite Case,2022-12-06 01:00:00+00:00,0.131,110003,0.09166666666666679,0.8513101869772295,0.12085714285714287,74504.42857142857
Snakebite Case,2022-12-07 01:00:00+00:00,0.135,67090,0.03053435114503822,-0.39010754252156754,0.12357142857142857,74602.57142857143
Snakebite Case,2022-12-08 01:00:00+00:00,0.133,64003,-0.014814814814814836,-0.046012818601878114,0.12585714285714286,73987.42857142857
Snakebite Case,2022-12-09 01:00:00+00:00,0.13,58598,-0.022556390977443663,-0.08444916644532285,0.12714285714285714,71306.28571428571
Snakebite Case,2022-12-10 01:00:00+00:00,0.131,71888,0.007692307692307665,0.22679954947267822,0.1285714285714286,71548.71428571429
Snakebite Case,2022-12-11 01:00:00+00:00,0.132,74626,0.007633587786259444,0.03808702425996002,0.13028571428571428,72232.42857142857
Snakebite Case,2022-12-12 01:00:00+00:00,0.13,61194,-0.015151515151515138,-0.17999088789429962,0.13171428571428573,72486.0
Snakebite Case,2022-12-13 01:00:00+00:00,0.13,60834,0.0,-0.005882929698990069,0.1315714285714286,65461.857142857145
Snakebite Case,2022-12-14 01:00:00+00:00,0.124,70256,-0.04615384615384621,0.15488049446033458,0.13,65914.14285714286
Snakebite Case,2022-12-15 01:00:00+00:00,0.124,64033,0.0,-0.08857606467774992,0.12871428571428573,65918.42857142857
Snakebite Case,2022-12-16 01:00:00+00:00,0.123,68413,-0.008064516129032251,0.0684022301001046,0.12771428571428572,67320.57142857143
Snakebite Case,2022-12-17 01:00:00+00:00,0.122,76334,-0.008130081300813052,0.11578208819961122,0.12642857142857142,67955.71428571429
Snakebite Case,2022-12-18 01:00:00+00:00,0.121,67175,-0.008196721311475419,-0.11998585165195064,0.12485714285714286,66891.28571428571
Snakebite Case,2022-12-19 01:00:00+00:00,0.121,66199,0.0,-0.014529214737625584,0.12357142857142857,67606.28571428571
Snakebite Case,2022-12-20 01:00:00+00:00,0.122,64392,0.008264462809917328,-0.027296484841160762,0.12242857142857143,68114.57142857143
Snakebite Case,2022-12-21 01:00:00+00:00,0.125,71875,0.024590163934426146,0.11621008820971546,0.12257142857142857,68345.85714285714
Snakebite Case,2022-12-22 01:00:00+00:00,0.124,78615,-0.008000000000000007,0.09377391304347826,0.12257142857142857,70429.0
Snakebite Case,2022-12-23 01:00:00+00:00,0.121,87311,-0.024193548387096753,0.1106150225783884,0.12228571428571429,73128.71428571429
Snakebite Case,2022-12-24 01:00:00+00:00,0.126,89153,0.04132231404958686,0.021096998087297036,0.12285714285714286,74960.0
Snakebite Case,2022-12-25 01:00:00+00:00,0.126,84535,0.0,-0.05179859342927329,0.12357142857142857,77440.0
Snakebite Case,2022-12-26 01:00:00+00:00,0.124,78884,-0.015873015873015928,-0.06684805110309344,0.124,79252.14285714286
Snakebite Case,2022-12-27 01:00:00+00:00,0.127,78998,0.024193548387096753,0.0014451599817453253,0.12471428571428571,81338.71428571429
Snakebite Case,2022-12-28 01:00:00+00:00,0.124,83213,-0.023622047244094557,0.053355781159016624,0.12457142857142857,82958.42857142857
Snakebite Case,2022-12-29 01:00:00+00:00,0.124,77128,0.0,-0.07312559335680724,0.12457142857142857,82746.0
Snakebite Case,2022-12-30 01:00:00+00:00,0.125,76658,0.008064516129032251,-0.006093766206825002,0.12514285714285714,81224.14285714286
Snakebite Case,2022-12-31 01:00:00+00:00,0.123,68156,-0.016000000000000014,-0.11090818962143545,0.12471428571428571,78224.57142857143
Snakebite Case,2023-01-01 01:00:00+00:00,0.122,77791,-0.008130081300813052,0.14136686425259692,0.12414285714285714,77261.14285714286
Snakebite Case,2023-01-02 01:00:00+00:00,0.124,85134,0.016393442622950838,0.09439395302798514,0.12414285714285714,78154.0
Snakebite Case,2023-01-03 01:00:00+00:00,0.125,86342,0.008064516129032251,0.014189395541146954,0.12385714285714286,79203.14285714286
Snakebite Case,2023-01-04 01:00:00+00:00,0.13,81199,0.040000000000000036,-0.05956544902828287,0.12471428571428571,78915.42857142857
Snakebite Case,2023-01-05 01:00:00+00:00,0.135,86691,0.03846153846153855,0.06763630093966677,0.12628571428571428,80281.57142857143
Snakebite Case,2023-01-06 01:00:00+00:00,0.132,77190,-0.022222222222222254,-0.10959615184967297,0.12728571428571428,80357.57142857143
Snakebite Case,2023-01-07 01:00:00+00:00,0.132,79273,0.0,0.026985360798030822,0.1285714285714286,81945.71428571429
Snakebite Case,2023-01-08 01:00:00+00:00,0.131,85212,-0.007575757575757569,0.07491832023513689,0.12985714285714287,83005.85714285714
Snakebite Case,2023-01-09 01:00:00+00:00,0.128,67967,-0.022900763358778664,-0.20237759939914568,0.13042857142857142,80553.42857142857
Snakebite Case,2023-01-10 01:00:00+00:00,0.132,65823,0.03125,-0.031544720231877266,0.13142857142857142,77622.14285714286
Snakebite Case,2023-01-11 01:00:00+00:00,0.132,75231,0.0,0.14292876350211925,0.13171428571428573,76769.57142857143
Snakebite Case,2023-01-12 01:00:00+00:00,0.134,68910,0.015151515151515138,-0.08402121465885071,0.1315714285714286,74229.42857142857
Snakebite Case,2023-01-13 01:00:00+00:00,0.134,71944,0.0,0.04402844289653163,0.13185714285714287,73480.0
Snakebite Case,2023-01-14 01:00:00+00:00,0.131,81215,-0.022388059701492602,0.12886411653508278,0.13171428571428573,73757.42857142857
Snakebite Case,2023-01-15 01:00:00+00:00,0.132,72978,0.007633587786259444,-0.10142215108046548,0.13185714285714287,72009.71428571429
Snakebite Case,2023-01-16 01:00:00+00:00,0.133,68780,0.007575757575757569,-0.057524185370933734,0.1325714285714286,72125.85714285714
Snakebite Case,2023-01-17 01:00:00+00:00,0.137,67274,0.03007518796992481,-0.021895899970921784,0.13328571428571429,72333.14285714286
Snakebite Case,2023-01-18 01:00:00+00:00,0.137,77300,0.0,0.14903231560483987,0.134,72628.71428571429
Snakebite Case,2023-01-19 01:00:00+00:00,0.138,70584,0.007299270072992803,-0.08688227684346705,0.1345714285714286,72867.85714285714
Snakebite Case,2023-01-20 01:00:00+00:00,0.137,77061,-0.007246376811594235,0.0917630057803469,0.135,73598.85714285714
Snakebite Case,2023-01-21 01:00:00+00:00,0.136,93990,-0.007299270072992692,0.21968310818702075,0.13571428571428573,75423.85714285714
Snakebite Case,2023-01-22 01:00:00+00:00,0.136,84983,0.0,-0.09582934354718586,0.1362857142857143,77138.85714285714
Snakebite Case,2023-01-23 01:00:00+00:00,0.138,70500,0.014705882352941124,-0.1704223197580692,0.137,77384.57142857143
Snakebite Case,2023-01-24 01:00:00+00:00,0.136,73130,-0.01449275362318847,0.03730496453900711,0.13685714285714287,78221.14285714286
Snakebite Case,2023-01-25 01:00:00+00:00,0.136,74294,0.0,0.015916860385614573,0.13671428571428573,77791.71428571429
Snakebite Case,2023-01-26 01:00:00+00:00,0.134,75070,-0.014705882352941235,0.010444988828169244,0.13614285714285715,78432.57142857143
Snakebite Case,2023-01-27 01:00:00+00:00,0.136,82085,0.014925373134328401,0.09344611695750626,0.136,79150.28571428571
Snakebite Case,2023-01-28 01:00:00+00:00,0.137,90626,0.007352941176470562,0.104050679174027,0.13614285714285715,78669.71428571429
Snakebite Case,2023-01-29 01:00:00+00:00,0.136,85800,-0.007299270072992692,-0.05325182618674551,0.13614285714285715,78786.42857142857
Snakebite Case,2023-01-30 01:00:00+00:00,0.138,75855,0.014705882352941124,-0.11590909090909096,0.13614285714285715,79551.42857142857
Snakebite Case,2023-01-31 01:00:00+00:00,0.141,86078,0.021739130434782483,0.13477028541295888,0.13685714285714284,81401.14285714286
Snakebite Case,2023-02-01 01:00:00+00:00,0.143,91652,0.014184397163120588,0.06475522200794637,0.13785714285714284,83880.85714285714
Snakebite Case,2023-02-02 01:00:00+00:00,0.148,100226,0.034965034965035,0.09354951337668571,0.13985714285714285,87474.57142857143
Snakebite Case,2023-02-03 01:00:00+00:00,0.153,119765,0.03378378378378377,0.19494941432362856,0.1422857142857143,92857.42857142857
Snakebite Case,2023-02-04 01:00:00+00:00,0.155,116497,0.013071895424836555,-0.02728676992443535,0.14485714285714285,96553.28571428571
Snakebite Case,2023-02-05 01:00:00+00:00,0.156,99084,0.006451612903225712,-0.14947166021442615,0.14771428571428571,98451.0
Snakebite Case,2023-02-06 01:00:00+00:00,0.162,95402,0.03846153846153855,-0.037160389164749064,0.1511428571428571,101243.42857142857
Snakebite Case,2023-02-07 01:00:00+00:00,0.158,87703,-0.024691358024691357,-0.08070061424288799,0.15357142857142855,101475.57142857143
Snakebite Case,2023-02-08 01:00:00+00:00,0.158,86145,0.0,-0.01776450064421975,0.15571428571428572,100688.85714285714
Snakebite Case,2023-02-09 01:00:00+00:00,0.153,82538,-0.03164556962025322,-0.041871263567241246,0.15642857142857142,98162.0
Snakebite Case,2023-02-10 01:00:00+00:00,0.148,141936,-0.0326797385620915,0.7196442850565801,0.1557142857142857,101329.28571428571
Snakebite Case,2023-02-11 01:00:00+00:00,0.146,135204,-0.013513513513513487,-0.047429827527899926,0.15442857142857142,104001.71428571429
Snakebite Case,2023-02-12 01:00:00+00:00,0.148,129339,0.013698630136986356,-0.04337889411555873,0.15328571428571428,108323.85714285714
Snakebite Case,2023-02-13 01:00:00+00:00,0.152,103456,0.027027027027026973,-0.20011752062409638,0.15185714285714286,109474.42857142857
Snakebite Case,2023-02-14 01:00:00+00:00,0.152,94903,0.0,-0.08267282709557688,0.151,110503.0
Snakebite Case,2023-02-15 01:00:00+00:00,0.151,103021,-0.006578947368421018,0.08553997239286426,0.15,112913.85714285714
Snakebite Case,2023-02-16 01:00:00+00:00,0.16,123568,0.0596026490066226,0.19944477339571542,0.151,118775.28571428571
Snakebite Case,2023-02-17 01:00:00+00:00,0.169,145601,0.05625000000000013,0.17830668134144756,0.154,119298.85714285714
Snakebite Case,2023-02-18 01:00:00+00:00,0.173,148547,0.023668639053254337,0.020233377518011464,0.15785714285714286,121205.0
Snakebite Case,2023-02-19 01:00:00+00:00,0.177,127370,0.023121387283236983,-0.14256094030845456,0.162,120923.71428571429
Snakebite Case,2023-02-20 01:00:00+00:00,0.174,103037,-0.016949152542372947,-0.19104184658867862,0.16514285714285712,120863.85714285714
Snakebite Case,2023-02-21 01:00:00+00:00,0.17,99084,-0.022988505747126298,-0.03836485922532684,0.16771428571428573,121461.14285714286
Snakebite Case,2023-02-22 01:00:00+00:00,0.166,100183,-0.02352941176470591,0.011091599047273082,0.16985714285714287,121055.71428571429
Snakebite Case,2023-02-23 01:00:00+00:00,0.167,103986,0.006024096385542244,0.037960532226026356,0.17085714285714285,118258.28571428571
Snakebite Case,2023-02-24 01:00:00+00:00,0.167,104656,0.0,0.006443175042794236,0.17057142857142857,112409.0
Snakebite Case,2023-02-25 01:00:00+00:00,0.173,131444,0.03592814371257469,0.2559623910717015,0.1705714285714286,109965.71428571429
Snakebite Case,2023-02-26 01:00:00+00:00,0.179,138316,0.034682080924855585,0.05228081920817984,0.17085714285714285,111529.42857142857
Snakebite Case,2023-02-27 01:00:00+00:00,0.181,118270,0.011173184357541999,-0.14492900315220225,0.17185714285714287,113705.57142857143
Snakebite Case,2023-02-28 01:00:00+00:00,0.186,119999,0.027624309392265234,0.014619091908345316,0.17414285714285713,116693.42857142857
Snakebite Case,2023-03-01 01:00:00+00:00,0.195,127700,0.048387096774193505,0.06417553479612326,0.1782857142857143,120624.42857142857
Snakebite Case,2023-03-02 01:00:00+00:00,0.23,158991,0.17948717948717952,0.24503523884103373,0.18728571428571428,128482.28571428571
Snakebite Case,2023-03-03 01:00:00+00:00,0.249,149657,0.08260869565217388,-0.058707725594530524,0.199,134911.0
Snakebite Case,2023-03-04 01:00:00+00:00,0.243,154921,-0.02409638554216864,0.03517376400702932,0.209,138264.85714285713
Snakebite Case,2023-03-05 01:00:00+00:00,0.224,154797,-0.07818930041152261,-0.0008004079498583616,0.21542857142857144,140619.2857142857
Snakebite Case,2023-03-06 01:00:00+00:00,0.225,117992,0.0044642857142858094,-0.23776300574300535,0.22171428571428572,140579.57142857142
Snakebite Case,2023-03-07 01:00:00+00:00,0.23,115025,0.022222222222222143,-0.025145772594752147,0.228,139869.0
Snakebite Case,2023-03-08 01:00:00+00:00,0.23,114876,0.0,-0.0012953705716148844,0.233,138037.0
Snakebite Case,2023-03-09 01:00:00+00:00,0.244,119787,0.060869565217391175,0.04275044395696237,0.23500000000000001,132436.42857142858
Snakebite Case,2023-03-10 01:00:00+00:00,0.259,146681,0.0614754098360657,0.2245151811131425,0.23642857142857143,132011.2857142857
Snakebite Case,2023-03-11 01:00:00+00:00,0.271,150236,0.04633204633204646,0.024236267819281343,0.24042857142857144,131342.0
Snakebite Case,2023-03-12 01:00:00+00:00,0.289,147147,0.06642066420664183,-0.020560984051758546,0.24971428571428575,130249.14285714286
Snakebite Case,2023-03-13 01:00:00+00:00,0.322,151215,0.11418685121107286,0.027645823564190986,0.26357142857142857,134995.2857142857
Snakebite Case,2023-03-14 01:00:00+00:00,0.348,152303,0.08074534161490665,0.007195053400786966,0.2804285714285714,140320.7142857143
Snakebite Case,2023-03-15 01:00:00+00:00,0.363,137912,0.0431034482758621,-0.09448927466957313,0.29942857142857143,143611.57142857142
Snakebite Case,2023-03-16 01:00:00+00:00,0.388,173107,0.0688705234159781,0.25519896745750903,0.32,151228.7142857143
Snakebite Case,2023-03-17 01:00:00+00:00,0.37,203676,-0.046391752577319645,0.17659020143610604,0.33585714285714285,159370.85714285713
Snakebite Case,2023-03-18 01:00:00+00:00,0.319,155565,-0.13783783783783776,-0.23621339774936667,0.3427142857142857,160132.14285714287
Snakebite Case,2023-03-19 01:00:00+00:00,0.311,146715,-0.025078369905956133,-0.056889403143380535,0.3458571428571428,160070.42857142858
Snakebite Case,2023-03-20 01:00:00+00:00,0.298,135284,-0.04180064308681675,-0.07791296050165286,0.3424285714285714,157794.57142857142
Snakebite Case,2023-03-21 01:00:00+00:00,0.292,124071,-0.020134228187919434,-0.0828848940007687,0.3344285714285714,153761.42857142858
Snakebite Case,2023-03-22 01:00:00+00:00,0.303,177241,0.03767123287671237,0.42854494603896165,0.3258571428571428,159379.85714285713
Snakebite Case,2023-03-23 01:00:00+00:00,0.33,167976,0.08910891089108919,-0.052273458172770404,0.31757142857142856,158646.85714285713
Snakebite Case,2023-03-24 01:00:00+00:00,0.336,155407,0.0181818181818183,-0.07482616564271083,0.3127142857142857,151751.2857142857
Snakebite Case,2023-03-25 01:00:00+00:00,0.35,172103,0.04166666666666652,0.10743402806823377,0.3171428571428571,154113.85714285713
Snakebite Case,2023-03-26 01:00:00+00:00,0.373,202962,0.06571428571428584,0.1793054159427785,0.326,162149.14285714287
Snakebite Case,2023-03-27 01:00:00+00:00,0.419,237713,0.12332439678284168,0.17121924301100688,0.3432857142857143,176781.85714285713
Snakebite Case,2023-03-28 01:00:00+00:00,0.453,179764,0.08114558472553712,-0.2437771598524271,0.36628571428571427,184738.0
Snakebite Case,2023-03-29 01:00:00+00:00,0.43,150491,-0.050772626931567366,-0.16284128079036964,0.38442857142857145,180916.57142857142
Snakebite Case,2023-03-30 01:00:00+00:00,0.441,123619,0.0255813953488373,-0.17856217315321177,0.4002857142857143,174579.85714285713
Snakebite Case,2023-03-31 01:00:00+00:00,0.496,163170,0.12471655328798192,0.3199427272506654,0.4231428571428571,175688.85714285713
Snakebite Case,2023-04-01 01:00:00+00:00,0.554,192669,0.11693548387096775,0.18078690935833786,0.45228571428571435,178626.85714285713
Snakebite Case,2023-04-02 01:00:00+00:00,0.56,188596,0.010830324909747224,-0.02113988238896758,0.47900000000000004,176574.57142857142
Snakebite Case,2023-04-03 01:00:00+00:00,0.527,163802,-0.05892857142857144,-0.13146620288871447,0.4944285714285715,166015.85714285713
Snakebite Case,2023-04-04 01:00:00+00:00,0.504,133705,-0.0436432637571158,-0.18374012527319572,0.5017142857142858,159436.0
Snakebite Case,2023-04-05 01:00:00+00:00,0.512,148397,0.015873015873015817,0.10988369918851193,0.5134285714285715,159136.85714285713
Snakebite Case,2023-04-06 01:00:00+00:00,0.541,176638,0.056640625,0.19030708167954868,0.5277142857142858,166711.0
Snakebite Case,2023-04-07 01:00:00+00:00,0.637,199075,0.17744916820702406,0.1270224979902399,0.5478571428571429,171840.2857142857
Snakebite Case,2023-04-08 01:00:00+00:00,0.731,183722,0.14756671899529028,-0.07712168780610318,0.5731428571428572,170562.14285714287
Snakebite Case,2023-04-09 01:00:00+00:00,0.738,187175,0.009575923392612928,0.01879470068908451,0.5985714285714285,170359.14285714287
Snakebite Case,2023-04-10 01:00:00+00:00,0.71,162591,-0.03794037940379402,-0.13134232669961265,0.6247142857142857,170186.14285714287
Snakebite Case,2023-04-11 01:00:00+00:00,0.693,150894,-0.023943661971830954,-0.07194125136077645,0.6517142857142858,172641.7142857143
Snakebite Case,2023-04-12 01:00:00+00:00,0.68,149408,-0.018759018759018642,-0.009847972749082112,0.6757142857142856,172786.14285714287
Snakebite Case,2023-04-13 01:00:00+00:00,0.681,140344,0.0014705882352941124,-0.06066609552366675,0.6957142857142857,167601.2857142857
Snakebite Case,2023-04-14 01:00:00+00:00,0.736,158694,0.0807635829662261,0.1307501567576812,0.7098571428571427,161832.57142857142
Snakebite Case,2023-04-15 01:00:00+00:00,0.855,180216,0.16168478260869557,0.1356194941207607,0.7275714285714285,161331.7142857143
Snakebite Case,2023-04-16 01:00:00+00:00,0.985,165981,0.1520467836257311,-0.07898854707684111,0.762857142857143,158304.0
Snakebite Case,2023-04-17 01:00:00+00:00,1.028,205948,0.04365482233502549,0.24079262084214448,0.8082857142857144,164497.85714285713
Snakebite Case,2023-04-18 01:00:00+00:00,1.16,147453,0.12840466926070038,-0.28402800706974574,0.875,164006.2857142857
Snakebite Case,2023-04-19 01:00:00+00:00,1.056,129971,-0.08965517241379295,-0.1185598122791669,0.9287142857142857,161229.57142857142
Snakebite Case,2023-04-20 01:00:00+00:00,0.912,214536,-0.13636363636363635,0.6506451439167198,0.9617142857142857,171828.42857142858
Snakebite Case,2023-04-21 01:00:00+00:00,0.856,177856,-0.061403508771929904,-0.17097363612633776,0.9788571428571429,174565.85714285713
Snakebite Case,2023-04-22 01:00:00+00:00,0.822,183205,-0.03971962616822433,0.030074892047499135,0.9741428571428571,174992.85714285713
Snakebite Case,2023-04-23 01:00:00+00:00,0.685,227446,-0.16666666666666652,0.24148358396331981,0.9312857142857142,183773.57142857142
Snakebite Case,2023-04-24 01:00:00+00:00,0.644,173761,-0.05985401459854023,-0.2360340476420777,0.8764285714285714,179175.42857142858
Snakebite Case,2023-04-25 01:00:00+00:00,0.568,221892,-0.11801242236024856,0.2769954132400252,0.7918571428571429,189809.57142857142
Snakebite Case,2023-04-26 01:00:00+00:00,0.488,165969,-0.14084507042253513,-0.25202801362825156,0.7107142857142856,194952.14285714287
Snakebite Case,2023-04-27 01:00:00+00:00,0.61,177763,0.25,0.07106146328531238,0.6675714285714286,189698.85714285713
Snakebite Case,2023-04-28 01:00:00+00:00,0.673,148989,0.10327868852459021,-0.16186720521143316,0.6414285714285715,185575.0
Snakebite Case,2023-04-29 01:00:00+00:00,0.638,140320,-0.0520059435364042,-0.05818550362778463,0.6151428571428571,179448.57142857142
Snakebite Case,2023-04-30 01:00:00+00:00,0.605,143691,-0.051724137931034475,0.024023660205245045,0.6037142857142858,167483.57142857142
Snakebite Case,2023-05-01 01:00:00+00:00,0.551,133135,-0.0892561983471073,-0.07346319532886536,0.5904285714285714,161679.85714285713
Snakebite Case,2023-05-02 01:00:00+00:00,0.536,125264,-0.02722323049001818,-0.05912044165696473,0.5858571428571429,147875.85714285713
Snakebite Case,2023-05-03 01:00:00+00:00,0.531,113724,-0.009328358208955279,-0.09212543108953886,0.592,140412.2857142857
Snakebite Case,2023-05-04 01:00:00+00:00,0.535,109849,0.007532956685499137,-0.03407372234532724,0.5812857142857143,130710.28571428571
Snakebite Case,2023-05-05 01:00:00+00:00,0.483,163423,-0.09719626168224305,0.4877058507587688,0.5541428571428572,132772.2857142857
Snakebite Case,2023-05-06 01:00:00+00:00,0.48,136719,-0.006211180124223614,-0.16340417199537394,0.5315714285714286,132257.85714285713
Snakebite Case,2023-05-07 01:00:00+00:00,0.446,143779,-0.0708333333333333,0.05163876271769108,0.5088571428571428,132270.42857142858
Snakebite Case,2023-05-08 01:00:00+00:00,0.411,122498,-0.07847533632287007,-0.14801187934260218,0.4888571428571429,130750.85714285714
Snakebite Case,2023-05-09 01:00:00+00:00,0.414,112856,0.007299270072992803,-0.07871148916717008,0.4714285714285715,128978.28571428571
Snakebite Case,2023-05-10 01:00:00+00:00,0.438,105457,0.05797101449275366,-0.06556142340681936,0.45814285714285713,127797.28571428571
Snakebite Case,2023-05-11 01:00:00+00:00,0.444,100428,0.013698630136986356,-0.04768768313151328,0.4451428571428572,126451.42857142857
Snakebite Case,2023-05-12 01:00:00+00:00,0.443,111359,-0.0022522522522522292,0.1088441470506234,0.4394285714285714,119013.71428571429
Snakebite Case,2023-05-13 01:00:00+00:00,0.441,117001,-0.004514672686230292,0.05066496645982821,0.43385714285714283,116196.85714285714
Snakebite Case,2023-05-14 01:00:00+00:00,0.436,119866,-0.0113378684807256,0.02448697019683599,0.43242857142857144,112780.71428571429
Snakebite Case,2023-05-15 01:00:00+00:00,0.429,98611,-0.016055045871559592,-0.17732301069527634,0.435,109368.28571428571
Snakebite Case,2023-05-16 01:00:00+00:00,0.415,98656,-0.03263403263403264,0.000456338542353274,0.4351428571428571,107339.71428571429
Snakebite Case,2023-05-17 01:00:00+00:00,0.408,104907,-0.016867469879518038,0.06336157963023026,0.43085714285714277,107261.14285714286
Snakebite Case,2023-05-18 01:00:00+00:00,0.402,109972,-0.014705882352941013,0.04828085828400397,0.4248571428571428,108624.57142857143
Snakebite Case,2023-05-19 01:00:00+00:00,0.386,106819,-0.03980099502487566,-0.028670934419670502,0.4167142857142857,107976.0
Snakebite Case,2023-05-20 01:00:00+00:00,0.377,111509,-0.023316062176165775,0.043906046677089305,0.40757142857142853,107191.42857142857
Snakebite Case,2023-05-21 01:00:00+00:00,0.369,122458,-0.021220159151193685,0.09818938381655284,0.398,107561.71428571429
Snakebite Case,2023-05-22 01:00:00+00:00,0.353,101880,-0.04336043360433606,-0.16804128762514492,0.3871428571428571,108028.71428571429
Snakebite Case,2023-05-23 01:00:00+00:00,0.347,105796,-0.016997167138810165,0.03843737730663532,0.3774285714285714,109048.71428571429
Snakebite Case,2023-05-24 01:00:00+00:00,0.344,105991,-0.008645533141210415,0.0018431698740972724,0.3682857142857143,109203.57142857143
Snakebite Case,2023-05-25 01:00:00+00:00,0.376,120632,0.09302325581395365,0.13813436989933114,0.3645714285714286,110726.42857142857
Snakebite Case,2023-05-26 01:00:00+00:00,0.382,115604,0.015957446808510634,-0.041680482790635964,0.364,111981.42857142857
Snakebite Case,2023-05-27 01:00:00+00:00,0.378,110816,-0.010471204188481686,-0.04141725199820079,0.36414285714285716,111882.42857142857
Snakebite Case,2023-05-28 01:00:00+00:00,0.377,115836,-0.002645502645502673,0.04530031764366149,0.36528571428571427,110936.42857142857
Snakebite Case,2023-05-29 01:00:00+00:00,0.39,115101,0.034482758620689724,-0.006345177664974666,0.3705714285714286,112825.14285714286
Snakebite Case,2023-05-30 01:00:00+00:00,0.399,102575,0.023076923076922995,-0.1088261613713174,0.37800000000000006,112365.0
Snakebite Case,2023-05-31 01:00:00+00:00,0.401,107787,0.005012531328320913,0.05081160126736539,0.3861428571428571,112621.57142857143
Snakebite Case,2023-06-01 01:00:00+00:00,0.401,106447,0.0,-0.012431925927987586,0.38971428571428574,110595.14285714286
Snakebite Case,2023-06-02 01:00:00+00:00,0.403,106862,0.004987531172069737,0.003898653790149087,0.39271428571428574,109346.28571428571
Snakebite Case,2023-06-03 01:00:00+00:00,0.413,115608,0.024813895781637507,0.08184387340682386,0.39771428571428574,110030.85714285714
Snakebite Case,2023-06-04 01:00:00+00:00,0.423,117597,0.02421307506053272,0.01720469171683625,0.4042857142857143,110282.42857142857
Snakebite Case,2023-06-05 01:00:00+00:00,0.419,103563,-0.009456264775413725,-0.1193397790759968,0.4084285714285714,108634.14285714286
Snakebite Case,2023-06-06 01:00:00+00:00,0.423,101430,0.009546539379474916,-0.020596158859824465,0.41185714285714287,108470.57142857143
Snakebite Case,2023-06-07 01:00:00+00:00,0.414,99846,-0.021276595744680882,-0.015616681455190795,0.4137142857142857,107336.14285714286
Snakebite Case,2023-06-08 01:00:00+00:00,0.406,108335,-0.019323671497584405,0.085020932235643,0.4144285714285714,107605.85714285714
Snakebite Case,2023-06-09 01:00:00+00:00,0.41,130633,0.009852216748768239,0.20582452577652655,0.4154285714285714,111001.71428571429
Snakebite Case,2023-06-10 01:00:00+00:00,0.556,289206,0.35609756097560985,1.213881637870982,0.4358571428571429,135801.42857142858
Snakebite Case,2023-06-11 01:00:00+00:00,0.502,117029,-0.09712230215827344,-0.5953438033789065,0.4471428571428571,135720.2857142857
Snakebite Case,2023-06-12 01:00:00+00:00,0.491,92328,-0.021912350597609542,-0.2110673422826821,0.4574285714285714,134115.2857142857
Snakebite Case,2023-06-13 01:00:00+00:00,0.524,90532,0.06720977596741351,-0.019452387141495553,0.47185714285714286,132558.42857142858
Snakebite Case,2023-06-14 01:00:00+00:00,0.518,123824,-0.011450381679389277,0.36773737462996503,0.4867142857142857,135983.85714285713
Snakebite Case,2023-06-15 01:00:00+00:00,0.501,107767,-0.032818532818532864,-0.12967599173019773,0.5002857142857142,135902.7142857143
Snakebite Case,2023-06-16 01:00:00+00:00,0.497,97707,-0.007984031936127733,-0.09334954113968097,0.5127142857142857,131199.0
Snakebite Case,2023-06-17 01:00:00+00:00,0.495,96673,-0.004024144869215318,-0.010582660403041788,0.5040000000000001,103694.28571428571
Snakebite Case,2023-06-18 01:00:00+00:00,0.489,90303,-0.012121212121212088,-0.06589223464669558,0.5021428571428571,99876.28571428571
Snakebite Case,2023-06-19 01:00:00+00:00,0.495,87096,0.012269938650306678,-0.035513770306634385,0.5027142857142858,99128.85714285714
Snakebite Case,2023-06-20 01:00:00+00:00,0.495,75436,0.0,-0.13387526407642147,0.49857142857142855,96972.28571428571
Snakebite Case,2023-06-21 01:00:00+00:00,0.463,114696,-0.06464646464646462,0.5204411686727821,0.4907142857142857,95668.28571428571
Snakebite Case,2023-06-22 01:00:00+00:00,0.432,94281,-0.06695464362850978,-0.17799225779451766,0.48085714285714287,93741.71428571429
Snakebite Case,2023-06-23 01:00:00+00:00,0.417,126855,-0.03472222222222221,0.345499093136475,0.4694285714285714,97905.71428571429
Snakebite Case,2023-06-24 01:00:00+00:00,0.425,105768,0.01918465227817756,-0.16622915927633908,0.45942857142857146,99205.0
Snakebite Case,2023-06-25 01:00:00+00:00,0.432,103926,0.016470588235294237,-0.01741547538007715,0.45128571428571423,101151.14285714286
Snakebite Case,2023-06-26 01:00:00+00:00,0.438,84909,0.01388888888888884,-0.18298597078690604,0.4431428571428571,100838.71428571429
Snakebite Case,2023-06-27 01:00:00+00:00,0.425,81739,-0.029680365296803735,-0.037334087081463685,0.43314285714285716,101739.14285714286
Snakebite Case,2023-06-28 01:00:00+00:00,0.408,125813,-0.040000000000000036,0.5392040519213595,0.42528571428571427,103327.28571428571
Snakebite Case,2023-06-29 01:00:00+00:00,0.391,120097,-0.04166666666666652,-0.045432506974636966,0.41942857142857143,107015.28571428571
Snakebite Case,2023-06-30 01:00:00+00:00,0.379,121915,-0.03069053708439895,0.01513776364105679,0.414,106309.57142857143
Snakebite Case,2023-07-01 01:00:00+00:00,0.372,96364,-0.01846965699208447,-0.2095804453922815,0.4064285714285714,104966.14285714286
Snakebite Case,2023-07-02 01:00:00+00:00,0.381,98820,0.024193548387096753,0.025486696276617815,0.39914285714285713,104236.71428571429
Snakebite Case,2023-07-03 01:00:00+00:00,0.38,93178,-0.002624671916010457,-0.05709370572758554,0.39085714285714285,105418.0
Snakebite Case,2023-07-04 01:00:00+00:00,0.393,76555,0.03421052631578947,-0.1784004808001889,0.3862857142857143,104677.42857142857
Snakebite Case,2023-07-05 01:00:00+00:00,0.39,126671,-0.007633587786259555,0.6546404545751421,0.38371428571428573,104800.0
Snakebite Case,2023-07-06 01:00:00+00:00,0.373,100079,-0.04358974358974366,-0.20992966030109494,0.38114285714285717,101940.28571428571
Snakebite Case,2023-07-07 01:00:00+00:00,0.377,99996,0.01072386058981234,-0.0008293448175941132,0.3808571428571429,98809.0
Snakebite Case,2023-07-08 01:00:00+00:00,0.379,92830,0.0053050397877985045,-0.07166286651466058,0.38185714285714284,98304.14285714286
Snakebite Case,2023-07-09 01:00:00+00:00,0.38,86406,0.0026385224274405594,-0.06920176667025746,0.38171428571428573,96530.71428571429
Snakebite Case,2023-07-10 01:00:00+00:00,0.38,76631,0.0,-0.11312871791310786,0.38171428571428573,94166.85714285714
Snakebite Case,2023-07-11 01:00:00+00:00,0.383,73116,0.007894736842105177,-0.04586916522034168,0.3802857142857143,93675.57142857143
Snakebite Case,2023-07-12 01:00:00+00:00,0.369,115152,-0.03655352480417762,0.5749220416871821,0.3772857142857143,92030.0
Snakebite Case,2023-07-13 01:00:00+00:00,0.363,93725,-0.016260162601625994,-0.18607579547033481,0.3758571428571429,91122.28571428571
Snakebite Case,2023-07-14 01:00:00+00:00,0.364,74110,0.0027548209366390353,-0.20928247532675381,0.37400000000000005,87424.28571428571
Snakebite Case,2023-07-15 01:00:00+00:00,0.369,74837,0.013736263736263687,0.009809742274996536,0.3725714285714285,84853.85714285714
Snakebite Case,2023-07-16 01:00:00+00:00,0.383,78955,0.03794037940379402,0.055026257065355466,0.37299999999999994,83789.42857142857
Snakebite Case,2023-07-17 01:00:00+00:00,0.389,68122,0.015665796344647598,-0.13720473687543533,0.3742857142857143,82573.85714285714
Snakebite Case,2023-07-18 01:00:00+00:00,0.395,65282,0.015424164524421524,-0.04168990928040872,0.376,81454.71428571429
Snakebite Case,2023-07-19 01:00:00+00:00,0.369,108054,-0.0658227848101266,0.6551882601635979,0.37599999999999995,80440.71428571429
Snakebite Case,2023-07-20 01:00:00+00:00,0.364,88314,-0.013550135501354976,-0.1826864345604975,0.37614285714285717,79667.71428571429
Snakebite Case,2023-07-21 01:00:00+00:00,0.37,77426,0.016483516483516425,-0.12328736100731486,0.37699999999999995,80141.42857142857
Snakebite Case,2023-07-22 01:00:00+00:00,0.374,79821,0.010810810810810922,0.030932761604628878,0.3777142857142857,80853.42857142857
Snakebite Case,2023-07-23 01:00:00+00:00,0.377,75616,0.008021390374331583,-0.052680372333095304,0.37685714285714284,80376.42857142857
Snakebite Case,2023-07-24 01:00:00+00:00,0.384,71197,0.018567639257294433,-0.05844001269572574,0.37614285714285717,80815.71428571429
Snakebite Case,2023-07-25 01:00:00+00:00,0.386,69565,0.005208333333333259,-0.02292231414244983,0.37485714285714283,81427.57142857143
Snakebite Case,2023-07-26 01:00:00+00:00,0.366,114776,-0.05181347150259075,0.6499101559692375,0.37442857142857144,82387.85714285714
Snakebite Case,2023-07-27 01:00:00+00:00,0.366,96505,0.0,-0.159188332055482,0.37471428571428567,83558.0
Snakebite Case,2023-07-28 01:00:00+00:00,0.368,84296,0.005464480874316946,-0.12651157971089577,0.37442857142857144,84539.42857142857
Snakebite Case,2023-07-29 01:00:00+00:00,0.368,84244,0.0,-0.0006168738730188972,0.3735714285714286,85171.28571428571
Snakebite Case,2023-07-30 01:00:00+00:00,0.371,78134,0.008152173913043459,-0.07252742035041071,0.3727142857142857,85531.0
Snakebite Case,2023-07-31 01:00:00+00:00,0.373,71144,0.005390835579514919,-0.08946169401284976,0.3711428571428571,85523.42857142857
Snakebite Case,2023-08-01 01:00:00+00:00,0.376,65696,0.008042895442359255,-0.07657708309906663,0.36971428571428566,84970.71428571429
Snakebite Case,2023-08-02 01:00:00+00:00,0.36,110493,-0.042553191489361764,0.6818832196785192,0.36885714285714283,84358.85714285714
Snakebite Case,2023-08-03 01:00:00+00:00,0.362,101575,0.005555555555555536,-0.08071099526666847,0.36828571428571427,85083.14285714286
Snakebite Case,2023-08-04 01:00:00+00:00,0.365,84415,0.008287292817679592,-0.16893920748215607,0.3678571428571429,85100.14285714286
Snakebite Case,2023-08-05 01:00:00+00:00,0.371,85615,0.016438356164383494,0.014215483030267206,0.36828571428571427,85296.0
Snakebite Case,2023-08-06 01:00:00+00:00,0.36,79019,-0.02964959568733161,-0.07704257431524852,0.36671428571428566,85422.42857142857
Snakebite Case,2023-08-07 01:00:00+00:00,0.362,72717,0.005555555555555536,-0.07975297080449006,0.36514285714285716,85647.14285714286
Snakebite Case,2023-08-08 01:00:00+00:00,0.36,67965,-0.0055248618784530246,-0.06534923057881925,0.3628571428571429,85971.28571428571
Snakebite Case,2023-08-09 01:00:00+00:00,0.333,109050,-0.07499999999999996,0.6045023173692341,0.359,85765.14285714286
Snakebite Case,2023-08-10 01:00:00+00:00,0.328,92129,-0.01501501501501501,-0.15516735442457585,0.35414285714285715,84415.71428571429
Snakebite Case,2023-08-11 01:00:00+00:00,0.331,78350,0.009146341463414531,-0.1495620271575725,0.34928571428571425,83549.28571428571
Snakebite Case,2023-08-12 01:00:00+00:00,0.335,74835,0.012084592145015005,-0.04486279514996805,0.34414285714285714,82009.28571428571
Snakebite Case,2023-08-13 01:00:00+00:00,0.336,79091,0.0029850746268655914,0.05687178459277087,0.34071428571428575,82019.57142857143
Snakebite Case,2023-08-14 01:00:00+00:00,0.336,66845,0.0,-0.1548343047881554,0.337,81180.71428571429
Snakebite Case,2023-08-15 01:00:00+00:00,0.342,76208,0.017857142857142794,0.1400703119156257,0.33442857142857146,82358.28571428571
Snakebite Case,2023-08-16 01:00:00+00:00,0.33,108234,-0.03508771929824561,0.4202445937434389,0.334,82241.71428571429
Snakebite Case,2023-08-17 01:00:00+00:00,0.327,87390,-0.00909090909090915,-0.19258273740229503,0.3338571428571429,81564.71428571429
Snakebite Case,2023-08-18 01:00:00+00:00,0.33,79077,0.00917431192660545,-0.09512530037761757,0.33371428571428574,81668.57142857143
Snakebite Case,2023-08-19 01:00:00+00:00,0.332,85631,0.0060606060606061,0.08288124233342176,0.3332857142857143,83210.85714285714
Snakebite Case,2023-08-20 01:00:00+00:00,0.33,79420,-0.0060240963855421326,-0.07253214373299388,0.3324285714285714,83257.85714285714
Snakebite Case,2023-08-21 01:00:00+00:00,0.33,65237,0.0,-0.1785822211029967,0.3315714285714286,83028.14285714286
Snakebite Case,2023-08-22 01:00:00+00:00,0.327,60667,-0.00909090909090915,-0.07005227095053423,0.32942857142857146,80808.0
Snakebite Case,2023-08-23 01:00:00+00:00,0.314,107492,-0.03975535168195721,0.7718364184812172,0.3271428571428571,80702.0
Snakebite Case,2023-08-24 01:00:00+00:00,0.312,85388,-0.006369426751592355,-0.2056339076396383,0.325,80416.0
Snakebite Case,2023-08-25 01:00:00+00:00,0.322,79639,0.03205128205128216,-0.06732796177448819,0.32385714285714284,80496.28571428571
Snakebite Case,2023-08-26 01:00:00+00:00,0.324,77929,0.006211180124223503,-0.02147189191225407,0.3227142857142858,79396.0
Snakebite Case,2023-08-27 01:00:00+00:00,0.332,75866,0.024691358024691468,-0.026472814998267702,0.323,78888.28571428571
Snakebite Case,2023-08-28 01:00:00+00:00,0.328,64454,-0.012048192771084376,-0.15042311443861545,0.3227142857142857,78776.42857142857
Snakebite Case,2023-08-29 01:00:00+00:00,0.329,63803,0.0030487804878047697,-0.010100226518136912,0.323,79224.42857142857
Snakebite Case,2023-08-30 01:00:00+00:00,0.315,118565,-0.042553191489361764,0.8582981991442409,0.3231428571428571,80806.28571428571
Snakebite Case,2023-08-31 01:00:00+00:00,0.315,101138,0.0,-0.14698266773499769,0.32357142857142857,83056.28571428571
Snakebite Case,2023-09-01 01:00:00+00:00,0.33,92811,0.04761904761904767,-0.08233304989222645,0.32471428571428573,84938.0
Snakebite Case,2023-09-02 01:00:00+00:00,0.338,106934,0.024242424242424176,0.15216946267145048,0.3267142857142857,89081.57142857143
Snakebite Case,2023-09-03 01:00:00+00:00,0.352,97473,0.041420118343195034,-0.08847513419492392,0.32957142857142857,92168.28571428571
Snakebite Case,2023-09-04 01:00:00+00:00,0.367,109036,0.042613636363636465,0.11862772254880838,0.33514285714285713,98537.14285714286
Snakebite Case,2023-09-05 01:00:00+00:00,0.373,81767,0.016348773841961872,-0.2500917128287905,0.34142857142857147,101103.42857142857
Snakebite Case,2023-09-06 01:00:00+00:00,0.377,141094,0.01072386058981234,0.7255616569031516,0.35028571428571426,104321.85714285714
Snakebite Case,2023-09-07 01:00:00+00:00,0.376,118808,-0.0026525198938992522,-0.1579514366308985,0.359,106846.14285714286
Snakebite Case,2023-09-08 01:00:00+00:00,0.382,103517,0.015957446808510634,-0.12870345431284091,0.36642857142857144,108375.57142857143
Snakebite Case,2023-09-09 01:00:00+00:00,0.384,98040,0.005235602094240788,-0.05290918399876354,0.37299999999999994,107105.0
Snakebite Case,2023-09-10 01:00:00+00:00,0.369,88329,-0.0390625,-0.09905140758873932,0.37542857142857144,105798.71428571429
Snakebite Case,2023-09-11 01:00:00+00:00,0.365,75392,-0.01084010840108407,-0.14646378878963873,0.3751428571428571,100992.42857142857
Snakebite Case,2023-09-12 01:00:00+00:00,0.361,68591,-0.010958904109588996,-0.09020851018675724,0.3734285714285714,99110.14285714286
Snakebite Case,2023-09-13 01:00:00+00:00,0.351,124859,-0.027700831024930817,0.8203408610459098,0.3697142857142857,96790.85714285714
Snakebite Case,2023-09-14 01:00:00+00:00,0.347,102528,-0.01139601139601143,-0.17884974250955077,0.3655714285714286,94465.14285714286
Snakebite Case,2023-09-15 01:00:00+00:00,0.349,94051,0.0057636887608070175,-0.08267985330836458,0.3608571428571428,93112.85714285714
Snakebite Case,2023-09-16 01:00:00+00:00,0.352,98782,0.008595988538681931,0.050302495454593865,0.3562857142857143,93218.85714285714
Snakebite Case,2023-09-17 01:00:00+00:00,0.363,94557,0.03125,-0.0427709501731085,0.3554285714285714,94108.57142857143
Snakebite Case,2023-09-18 01:00:00+00:00,0.363,73492,0.0,-0.2227756802775046,0.35514285714285715,93837.14285714286
Snakebite Case,2023-09-19 01:00:00+00:00,0.364,65329,0.0027548209366390353,-0.11107331410221521,0.35557142857142854,93371.14285714286
Snakebite Case,2023-09-20 01:00:00+00:00,0.361,120564,-0.008241758241758212,0.8454897518712976,0.35699999999999993,92757.57142857143
Snakebite Case,2023-09-21 01:00:00+00:00,0.375,109192,0.03878116343490312,-0.09432334693606714,0.36099999999999993,93709.57142857143
Snakebite Case,2023-09-22 01:00:00+00:00,0.369,87499,-0.016000000000000014,-0.19866840061542967,0.3638571428571429,92773.57142857143
Snakebite Case,2023-09-23 01:00:00+00:00,0.368,87505,-0.0027100271002710175,6.857221225375909e-05,0.3661428571428571,91162.57142857143
Snakebite Case,2023-09-24 01:00:00+00:00,0.365,84302,-0.008152173913043459,-0.03660362265013428,0.36642857142857144,89697.57142857143
Snakebite Case,2023-09-25 01:00:00+00:00,0.371,66042,0.016438356164383494,-0.2166022158430405,0.36757142857142855,88633.28571428571
Snakebite Case,2023-09-26 01:00:00+00:00,0.375,65206,0.010781671159029615,-0.012658611186820545,0.36914285714285716,88615.71428571429
Snakebite Case,2023-09-27 01:00:00+00:00,0.372,158729,-0.008000000000000007,1.4342698524675646,0.3707142857142857,94067.85714285714
Snakebite Case,2023-09-28 01:00:00+00:00,0.378,195506,0.016129032258064502,0.23169679138657706,0.37114285714285716,106398.42857142857
Snakebite Case,2023-09-29 01:00:00+00:00,0.372,154020,-0.015873015873015928,-0.21219809110717824,0.37157142857142855,115901.42857142857
Snakebite Case,2023-09-30 01:00:00+00:00,0.373,141514,0.0026881720430107503,-0.08119724711076481,0.3722857142857143,123617.0
Snakebite Case,2023-10-01 01:00:00+00:00,0.379,133087,0.01608579088471851,-0.05954887855618529,0.3742857142857142,130586.28571428571
Snakebite Case,2023-10-02 01:00:00+00:00,0.39,103583,0.029023746701847042,-0.22168957148331547,0.37699999999999995,135949.2857142857
Snakebite Case,2023-10-03 01:00:00+00:00,0.4,98776,0.025641025641025772,-0.04640722898545124,0.3805714285714285,140745.0
Snakebite Case,2023-10-04 01:00:00+00:00,0.378,161611,-0.05500000000000005,0.6361363084149996,0.3814285714285714,141156.7142857143
Snakebite Case,2023-10-05 01:00:00+00:00,0.37,130854,-0.021164021164021163,-0.19031501568581344,0.3802857142857143,131920.7142857143
Snakebite Case,2023-10-06 01:00:00+00:00,0.385,128539,0.04054054054054057,-0.017691472939306396,0.3821428571428571,128280.57142857143
Snakebite Case,2023-10-07 01:00:00+00:00,0.394,127495,0.023376623376623495,-0.008122048561137074,0.3851428571428572,126277.85714285714
Snakebite Case,2023-10-08 01:00:00+00:00,0.413,160916,0.048223350253806974,0.26213577003019717,0.39000000000000007,130253.42857142857
Snakebite Case,2023-10-09 01:00:00+00:00,0.441,125355,0.06779661016949157,-0.22099107608938828,0.3972857142857143,133363.7142857143
Snakebite Case,2023-10-10 01:00:00+00:00,0.436,87183,-0.0113378684807256,-0.30451118822543977,0.40242857142857147,131707.57142857142
Snakebite Case,2023-10-11 01:00:00+00:00,0.411,154547,-0.05733944954128445,0.7726735716825528,0.40714285714285714,130698.42857142857
Snakebite Case,2023-10-12 01:00:00+00:00,0.405,125098,-0.014598540145985273,-0.19055044743670213,0.4121428571428571,129876.14285714286
Snakebite Case,2023-10-13 01:00:00+00:00,0.412,113050,0.01728395061728394,-0.09630849414059373,0.416,127663.42857142857
Snakebite Case,2023-10-14 01:00:00+00:00,0.409,113314,-0.007281553398058249,0.002335249889429347,0.41814285714285715,125637.57142857143
Snakebite Case,2023-10-15 01:00:00+00:00,0.419,105862,0.02444987775061125,-0.06576415976843109,0.41900000000000004,117772.71428571429
Snakebite Case,2023-10-16 01:00:00+00:00,0.429,85297,0.023866348448687402,-0.1942623415389847,0.41728571428571426,112050.14285714286
Snakebite Case,2023-10-17 01:00:00+00:00,0.43,75072,0.002331002331002363,-0.1198752593877862,0.4164285714285714,110320.0
Snakebite Case,2023-10-18 01:00:00+00:00,0.404,136054,-0.0604651162790697,0.8123135123614664,0.4154285714285714,107678.14285714286
Snakebite Case,2023-10-19 01:00:00+00:00,0.397,112061,-0.017326732673267342,-0.17634909668219967,0.4142857142857143,105815.71428571429
Snakebite Case,2023-10-20 01:00:00+00:00,0.403,103628,0.015113350125944613,-0.07525365649066129,0.413,104469.71428571429
Snakebite Case,2023-10-21 01:00:00+00:00,0.398,102086,-0.012406947890818865,-0.014880148222488176,0.4114285714285714,102865.71428571429
Snakebite Case,2023-10-22 01:00:00+00:00,0.401,94983,0.007537688442211143,-0.06957859060008231,0.40885714285714286,101311.57142857143
Snakebite Case,2023-10-23 01:00:00+00:00,0.401,75203,0.0,-0.20824779171009544,0.40485714285714286,99869.57142857143
Snakebite Case,2023-10-24 01:00:00+00:00,0.407,69996,0.014962593516209433,-0.06923925907211148,0.4015714285714286,99144.42857142857
Snakebite Case,2023-10-25 01:00:00+00:00,0.394,139997,-0.03194103194103182,1.0000714326532947,0.4001428571428572,99707.71428571429
Snakebite Case,2023-10-26 01:00:00+00:00,0.385,113226,-0.022842639593908642,-0.19122552626127698,0.3984285714285714,99874.14285714286
Snakebite Case,2023-10-27 01:00:00+00:00,0.39,109155,0.012987012987013102,-0.03595463939377885,0.39657142857142863,100663.71428571429
Snakebite Case,2023-10-28 01:00:00+00:00,0.381,99302,-0.023076923076923106,-0.09026613531217076,0.3941428571428572,100266.0
Snakebite Case,2023-10-29 01:00:00+00:00,0.373,89405,-0.02099737532808399,-0.09966566635113094,0.3901428571428571,99469.14285714286
Snakebite Case,2023-10-30 01:00:00+00:00,0.376,71928,0.008042895442359255,-0.19548123706727816,0.38657142857142857,99001.28571428571
Snakebite Case,2023-10-31 01:00:00+00:00,0.377,67876,0.0026595744680850686,-0.056334111889667415,0.3822857142857143,98698.42857142857
Snakebite Case,2023-11-01 01:00:00+00:00,0.368,134729,-0.023872679045092826,0.9849283988449526,0.37857142857142856,97945.85714285714
Snakebite Case,2023-11-02 01:00:00+00:00,0.363,110085,-0.013586956521739135,-0.18291533374403435,0.37542857142857144,97497.14285714286
Snakebite Case,2023-11-03 01:00:00+00:00,0.371,95973,0.02203856749311295,-0.12819185175091974,0.3727142857142857,95614.0
Snakebite Case,2023-11-04 01:00:00+00:00,0.367,82679,-0.010781671159029615,-0.13851812488929183,0.37071428571428566,93239.28571428571
Snakebite Case,2023-11-05 01:00:00+00:00,0.366,75935,-0.0027247956403270157,-0.08156847567096848,0.3697142857142857,91315.0
Snakebite Case,2023-11-06 01:00:00+00:00,0.372,65362,0.016393442622950838,-0.1392375057615065,0.36914285714285716,90377.0
Snakebite Case,2023-11-07 01:00:00+00:00,0.373,57236,0.0026881720430107503,-0.12432300113215633,0.3685714285714286,88857.0
Snakebite Case,2023-11-08 01:00:00+00:00,0.358,113899,-0.04021447721179627,0.9899888182262913,0.3671428571428571,85881.28571428571
Snakebite Case,2023-11-09 01:00:00+00:00,0.356,99898,-0.005586592178770999,-0.12292469644158421,0.36614285714285716,84426.0
Snakebite Case,2023-11-10 01:00:00+00:00,0.352,100934,-0.011235955056179803,0.010370577989549323,0.36342857142857143,85134.71428571429
Snakebite Case,2023-11-11 01:00:00+00:00,0.347,100531,-0.014204545454545414,-0.003992708106287268,0.3605714285714286,87685.0
Snakebite Case,2023-11-12 01:00:00+00:00,0.346,92997,-0.0028818443804035088,-0.0749420576737524,0.3577142857142857,90122.42857142857
Snakebite Case,2023-11-13 01:00:00+00:00,0.344,76749,-0.005780346820809301,-0.17471531339720636,0.3537142857142857,91749.14285714286
Snakebite Case,2023-11-14 01:00:00+00:00,0.343,114815,-0.0029069767441859407,0.49598040365346785,0.34942857142857137,99974.71428571429
Snakebite Case,2023-11-15 01:00:00+00:00,0.33,212217,-0.03790087463556857,0.8483386317118844,0.3454285714285715,114020.14285714286
Snakebite Case,2023-11-16 01:00:00+00:00,0.321,119949,-0.027272727272727337,-0.4347813794370856,0.3404285714285714,116884.57142857143
Snakebite Case,2023-11-17 01:00:00+00:00,0.316,91224,-0.015576323987538943,-0.2394767776304929,0.3352857142857143,115497.42857142857
Snakebite Case,2023-11-18 01:00:00+00:00,0.308,97067,-0.025316455696202556,0.06405112689643078,0.3297142857142857,115002.57142857143
Snakebite Case,2023-11-19 01:00:00+00:00,0.304,99024,-0.012987012987012991,0.020161331863558063,0.32371428571428573,115863.57142857143
Snakebite Case,2023-11-20 01:00:00+00:00,0.298,65679,-0.019736842105263164,-0.3367365487154629,0.3171428571428571,114282.14285714286
Snakebite Case,2023-11-21 01:00:00+00:00,0.295,80675,-0.010067114093959773,0.2283225993087592,0.31028571428571433,109405.0
Snakebite Case,2023-11-22 01:00:00+00:00,0.289,163464,-0.02033898305084747,1.0262039045553144,0.3044285714285714,102440.28571428571
Snakebite Case,2023-11-23 01:00:00+00:00,0.281,111452,-0.027681660899653848,-0.3181862673126805,0.29871428571428577,101226.42857142857
Snakebite Case,2023-11-24 01:00:00+00:00,0.278,101254,-0.010676156583629859,-0.09150127409108855,0.29328571428571426,102659.28571428571
Snakebite Case,2023-11-25 01:00:00+00:00,0.273,103043,-0.017985611510791366,0.017668437790111957,0.2882857142857143,103513.0
Snakebite Case,2023-11-26 01:00:00+00:00,0.27,94142,-0.01098901098901095,-0.08638141358462004,0.2834285714285714,102815.57142857143
Snakebite Case,2023-11-27 01:00:00+00:00,0.274,82711,0.014814814814814836,-0.12142295680992543,0.27999999999999997,105248.71428571429
Snakebite Case,2023-11-28 01:00:00+00:00,0.276,77949,0.007299270072992803,-0.057573962350836005,0.2772857142857143,104859.28571428571
Snakebite Case,2023-11-29 01:00:00+00:00,0.284,117986,0.02898550724637672,0.5136307072573092,0.2765714285714286,98362.42857142857
Snakebite Case,2023-11-30 01:00:00+00:00,0.299,87367,0.052816901408450745,-0.2595138406251589,0.2791428571428572,94921.71428571429
Snakebite Case,2023-12-01 01:00:00+00:00,0.305,92836,0.02006688963210701,0.06259800611214761,0.28300000000000003,93719.14285714286
Snakebite Case,2023-12-02 01:00:00+00:00,0.316,92527,0.0360655737704918,-0.003328450170192565,0.28914285714285715,92216.85714285714
Snakebite Case,2023-12-03 01:00:00+00:00,0.336,86456,0.06329113924050644,-0.0656132804478693,0.2985714285714286,91118.85714285714
Snakebite Case,2023-12-04 01:00:00+00:00,0.345,82054,0.02678571428571419,-0.05091607291570277,0.3087142857142857,91025.0
Snakebite Case,2023-12-05 01:00:00+00:00,0.356,78681,0.03188405797101446,-0.04110707582811324,0.3201428571428571,91129.57142857143
Snakebite Case,2023-12-06 01:00:00+00:00,0.33,103611,-0.0730337078651685,0.3168490486902811,0.3267142857142857,89076.0
Snakebite Case,2023-12-07 01:00:00+00:00,0.324,100320,-0.018181818181818188,-0.03176303674320291,0.33028571428571435,90926.42857142857
Snakebite Case,2023-12-08 01:00:00+00:00,0.323,88646,-0.0030864197530864335,-0.11636762360446573,0.33285714285714285,90327.85714285714
Snakebite Case,2023-12-09 01:00:00+00:00,0.314,74916,-0.02786377708978327,-0.15488572524422983,0.33257142857142863,87812.0
Snakebite Case,2023-12-10 01:00:00+00:00,0.319,71737,0.015923566878981,-0.042434192962784945,0.3301428571428571,85709.28571428571
Snakebite Case,2023-12-11 01:00:00+00:00,0.334,62631,0.047021943573667846,-0.1269358908234245,0.3285714285714286,82934.57142857143
Snakebite Case,2023-12-12 01:00:00+00:00,0.332,51601,-0.005988023952095856,-0.1761108716130989,0.3251428571428571,79066.0
Snakebite Case,2023-12-13 01:00:00+00:00,0.326,88808,-0.01807228915662651,0.7210519175984962,0.32457142857142857,76951.28571428571
Snakebite Case,2023-12-14 01:00:00+00:00,0.307,76678,-0.05828220858895705,-0.13658679398252405,0.3221428571428571,73573.85714285714
Snakebite Case,2023-12-15 01:00:00+00:00,0.296,72821,-0.03583061889250816,-0.05030125981376665,0.31828571428571434,71313.14285714286
Snakebite Case,2023-12-16 01:00:00+00:00,0.293,77706,-0.010135135135135198,0.06708229768885343,0.3152857142857143,71711.71428571429
Snakebite Case,2023-12-17 01:00:00+00:00,0.294,71976,0.0034129692832765013,-0.07373947957686666,0.3117142857142857,71745.85714285714
Snakebite Case,2023-12-18 01:00:00+00:00,0.301,56757,0.023809523809523725,-0.21144548182727574,0.307,70906.71428571429
Snakebite Case,2023-12-19 01:00:00+00:00,0.298,57359,-0.009966777408637828,0.01060662120971867,0.3021428571428571,71729.28571428571
Snakebite Case,2023-12-20 01:00:00+00:00,0.291,94510,-0.023489932885906062,0.647692602730173,0.29714285714285715,72543.85714285714
Snakebite Case,2023-12-21 01:00:00+00:00,0.29,87257,-0.0034364261168384758,-0.07674320177758964,0.29471428571428565,74055.14285714286
Snakebite Case,2023-12-22 01:00:00+00:00,0.283,98086,-0.024137931034482807,0.12410465635994816,0.2928571428571428,77664.42857142857
Snakebite Case,2023-12-23 01:00:00+00:00,0.287,89536,0.014134275618374659,-0.08716840323797481,0.292,79354.42857142857
Snakebite Case,2023-12-24 01:00:00+00:00,0.284,79380,-0.010452961672473893,-0.1134292351679771,0.29057142857142854,80412.14285714286
Snakebite Case,2023-12-25 01:00:00+00:00,0.284,70229,0.0,-0.11528092718568905,0.28814285714285715,82336.71428571429
Snakebite Case,2023-12-26 01:00:00+00:00,0.289,73023,0.01760563380281699,0.039784134759144996,0.28685714285714287,84574.42857142857
Snakebite Case,2023-12-27 01:00:00+00:00,0.283,122931,-0.02076124567474047,0.6834558974569656,0.2857142857142857,88634.57142857143
Snakebite Case,2023-12-28 01:00:00+00:00,0.278,102032,-0.01766784452296799,-0.17000593829058575,0.284,90745.28571428571
Snakebite Case,2023-12-29 01:00:00+00:00,0.285,95404,0.025179856115107757,-0.06496001254508388,0.28428571428571425,90362.14285714286
Snakebite Case,2023-12-30 01:00:00+00:00,0.283,78497,-0.007017543859649145,-0.17721479183262756,0.2837142857142857,88785.14285714286
Snakebite Case,2023-12-31 01:00:00+00:00,0.285,80030,0.007067137809187329,0.019529408767213985,0.28385714285714286,88878.0
Snakebite Case,2024-01-01 01:00:00+00:00,0.287,80034,0.007017543859649145,4.998125702870837e-05,0.28428571428571425,90278.71428571429
Snakebite Case,2024-01-02 01:00:00+00:00,0.284,77022,-0.010452961672473893,-0.03763400554764229,0.28357142857142853,90850.0
Snakebite Case,2024-01-03 01:00:00+00:00,0.274,119807,-0.035211267605633645,0.5554906390381968,0.2822857142857143,90403.71428571429
Snakebite Case,2024-01-04 01:00:00+00:00,0.27,96662,-0.014598540145985384,-0.19318570701211113,0.28114285714285714,89636.57142857143
Snakebite Case,2024-01-05 01:00:00+00:00,0.275,74582,0.0185185185185186,-0.22842482050857627,0.2797142857142857,86662.0
Snakebite Case,2024-01-06 01:00:00+00:00,0.272,78551,-0.010909090909090868,0.05321659381620236,0.27814285714285714,86669.71428571429
Snakebite Case,2024-01-07 01:00:00+00:00,0.275,79067,0.011029411764705843,0.006568980662244872,0.27671428571428575,86532.14285714286
Snakebite Case,2024-01-08 01:00:00+00:00,0.275,61808,0.0,-0.21828322814827927,0.275,83928.42857142857
Snakebite Case,2024-01-09 01:00:00+00:00,0.275,85462,0.0,0.38270126844421437,0.27371428571428574,85134.14285714286
Snakebite Case,2024-01-10 01:00:00+00:00,0.268,117165,-0.025454545454545507,0.3709601928342421,0.27285714285714285,84756.71428571429
Snakebite Case,2024-01-11 01:00:00+00:00,0.259,88138,-0.03358208955223885,-0.24774463363632482,0.2712857142857143,83539.0
Snakebite Case,2024-01-12 01:00:00+00:00,0.257,75779,-0.007722007722007707,-0.14022328621026114,0.26871428571428574,83710.0
Snakebite Case,2024-01-13 01:00:00+00:00,0.251,79379,-0.023346303501945553,0.04750656514337748,0.2657142857142857,83828.28571428571
Snakebite Case,2024-01-14 01:00:00+00:00,0.251,66188,0.0,-0.16617745247483595,0.2622857142857143,81988.42857142857
Snakebite Case,2024-01-15 01:00:00+00:00,0.252,59764,0.003984063745019917,-0.09705686831449811,0.259,81696.42857142857
Snakebite Case,2024-01-16 01:00:00+00:00,0.252,52721,0.0,-0.11784686433304326,0.2557142857142857,77019.14285714286
Snakebite Case,2024-01-17 01:00:00+00:00,0.241,100904,-0.04365079365079372,0.913924242711633,0.25185714285714284,74696.14285714286
Snakebite Case,2024-01-18 01:00:00+00:00,0.232,104918,-0.03734439834024883,0.039780385316736666,0.24800000000000003,77093.28571428571
Snakebite Case,2024-01-19 01:00:00+00:00,0.225,88768,-0.030172413793103425,-0.15392973560304235,0.2434285714285714,78948.85714285714
Snakebite Case,2024-01-20 01:00:00+00:00,0.214,92136,-0.04888888888888898,0.03794160057678453,0.23814285714285713,80771.28571428571
Snakebite Case,2024-01-21 01:00:00+00:00,0.211,89858,-0.014018691588785104,-0.024724320569592728,0.23242857142857143,84152.71428571429
Snakebite Case,2024-01-22 01:00:00+00:00,0.203,72047,-0.03791469194312791,-0.19821273564958042,0.22542857142857145,85907.42857142857
Snakebite Case,2024-01-23 01:00:00+00:00,0.2,75056,-0.014778325123152691,0.04176440379196911,0.218,89098.14285714286
Snakebite Case,2024-01-24 01:00:00+00:00,0.19,97111,-0.050000000000000044,0.29384726071200173,0.21071428571428572,88556.28571428571
Snakebite Case,2024-01-25 01:00:00+00:00,0.188,99327,-0.010526315789473717,0.02281924807694291,0.20442857142857143,87757.57142857143
Snakebite Case,2024-01-26 01:00:00+00:00,0.186,80835,-0.010638297872340385,-0.18617294391253136,0.19885714285714287,86624.28571428571
Snakebite Case,2024-01-27 01:00:00+00:00,0.19,80558,0.021505376344086002,-0.0034267334694130236,0.19542857142857145,84970.28571428571
Snakebite Case,2024-01-28 01:00:00+00:00,0.19,89359,0.0,0.1092504779165322,0.19242857142857142,84899.0
Snakebite Case,2024-01-29 01:00:00+00:00,0.186,83050,-0.021052631578947434,-0.07060284918139192,0.19,86470.85714285714
Snakebite Case,2024-01-30 01:00:00+00:00,0.182,95066,-0.021505376344086002,0.1446839253461769,0.18742857142857144,89329.42857142857
Snakebite Case,2024-01-31 01:00:00+00:00,0.175,117608,-0.03846153846153855,0.23711947489112828,0.1852857142857143,92257.57142857143
Snakebite Case,2024-02-01 01:00:00+00:00,0.167,125578,-0.045714285714285596,0.06776749880960486,0.18228571428571425,96007.71428571429
Snakebite Case,2024-02-02 01:00:00+00:00,0.167,78604,0.0,-0.37406233575944836,0.17957142857142855,95689.0
Snakebite Case,2024-02-03 01:00:00+00:00,0.182,89615,0.08982035928143706,0.1400819296727902,0.17842857142857144,96982.85714285714
Snakebite Case,2024-02-04 01:00:00+00:00,0.206,98527,0.13186813186813184,0.09944763711432247,0.18071428571428574,98292.57142857143
Snakebite Case,2024-02-05 01:00:00+00:00,0.219,88968,0.06310679611650483,-0.09701909121357599,0.18542857142857144,99138.0
Snakebite Case,2024-02-06 01:00:00+00:00,0.211,74537,-0.0365296803652968,-0.1622043880945958,0.18957142857142856,96205.28571428571
Snakebite Case,2024-02-07 01:00:00+00:00,0.273,490341,0.29383886255924185,5.578491219126072,0.2035714285714286,149452.85714285713
Snakebite Case,2024-02-08 01:00:00+00:00,0.265,156047,-0.02930402930402931,-0.6817582050042725,0.21757142857142858,153805.57142857142
Snakebite Case,2024-02-09 01:00:00+00:00,0.241,120000,-0.09056603773584915,-0.23100091639057463,0.22814285714285715,159719.2857142857
Snakebite Case,2024-02-10 01:00:00+00:00,0.237,111076,-0.016597510373444035,-0.07436666666666669,0.23600000000000002,162785.14285714287
Snakebite Case,2024-02-11 01:00:00+00:00,0.25,95806,0.05485232067510548,-0.13747344160754793,0.24228571428571427,162396.42857142858
Snakebite Case,2024-02-12 01:00:00+00:00,0.257,90934,0.028000000000000025,-0.05085276496252844,0.24771428571428572,162677.2857142857
Snakebite Case,2024-02-13 01:00:00+00:00,0.255,90173,-0.0077821011673151474,-0.008368706974289042,0.254,164911.0
Snakebite Case,2024-02-14 01:00:00+00:00,0.254,104775,-0.0039215686274509665,0.1619331729009792,0.2512857142857143,109830.14285714286
Snakebite Case,2024-02-15 01:00:00+00:00,0.254,99914,0.0,-0.046394655213552904,0.24971428571428572,101811.14285714286
Snakebite Case,2024-02-16 01:00:00+00:00,0.242,65266,-0.047244094488189003,-0.3467782292771784,0.24985714285714286,93992.0
Snakebite Case,2024-02-17 01:00:00+00:00,0.226,58722,-0.06611570247933873,-0.10026660129316944,0.24828571428571428,86512.85714285714
Snakebite Case,2024-02-18 01:00:00+00:00,0.22,57932,-0.026548672566371723,-0.013453220258165643,0.244,81102.28571428571
Snakebite Case,2024-02-19 01:00:00+00:00,0.216,60459,-0.018181818181818188,0.043620106331561104,0.23814285714285716,76748.71428571429
Snakebite Case,2024-02-20 01:00:00+00:00,0.214,57084,-0.0092592592592593,-0.05582295439884877,0.23228571428571426,72021.71428571429
Snakebite Case,2024-02-21 01:00:00+00:00,0.222,57047,0.03738317757009346,-0.0006481676126409708,0.22771428571428573,65203.42857142857
Snakebite Case,2024-02-22 01:00:00+00:00,0.219,61624,-0.013513513513513487,0.08023208932985093,0.2227142857142857,59733.42857142857
Snakebite Case,2024-02-23 01:00:00+00:00,0.213,58334,-0.0273972602739726,-0.05338829027651559,0.21857142857142858,58743.142857142855
Snakebite Case,2024-02-24 01:00:00+00:00,0.213,51930,0.0,-0.10978160249597146,0.2167142857142857,57772.857142857145
Snakebite Case,2024-02-25 01:00:00+00:00,0.222,59222,0.04225352112676051,0.14041979587906805,0.21700000000000003,57957.142857142855
Snakebite Case,2024-02-26 01:00:00+00:00,0.217,39787,-0.022522522522522515,-0.32817196312181285,0.21714285714285714,55004.0
Snakebite Case,2024-02-27 01:00:00+00:00,0.22,48543,0.01382488479262678,0.22007188277578105,0.218,53783.857142857145
Snakebite Case,2024-02-28 01:00:00+00:00,0.22,50131,0.0,0.03271326452835632,0.21771428571428572,52795.857142857145
Snakebite Case,2024-02-29 01:00:00+00:00,0.229,66519,0.040909090909091006,0.32690351279647323,0.21914285714285714,53495.142857142855
Snakebite Case,2024-03-01 01:00:00+00:00,0.242,49360,0.05676855895196509,-0.25795637336700794,0.22328571428571428,52213.142857142855
Snakebite Case,2024-03-02 01:00:00+00:00,0.246,53686,0.016528925619834656,0.08764181523500802,0.228,52464.0
Snakebite Case,2024-03-03 01:00:00+00:00,0.244,41227,-0.008130081300813052,-0.23207167604217116,0.23114285714285712,49893.28571428572
Snakebite Case,2024-03-04 01:00:00+00:00,0.244,40719,0.0,-0.012322021975889608,0.23500000000000001,50026.42857142857
Snakebite Case,2024-03-05 01:00:00+00:00,0.238,43574,-0.024590163934426257,0.07011468847466795,0.23757142857142857,49316.57142857143
Snakebite Case,2024-03-06 01:00:00+00:00,0.228,39725,-0.04201680672268904,-0.08833249185293979,0.2387142857142857,47830.0
Snakebite Case,2024-03-07 01:00:00+00:00,0.23,40743,0.00877192982456143,0.025626179987413567,0.23885714285714285,44147.71428571428
Snakebite Case,2024-03-08 01:00:00+00:00,0.232,46605,0.008695652173912993,0.1438774758854282,0.2374285714285714,43754.142857142855
Snakebite Case,2024-03-09 01:00:00+00:00,0.232,35444,0.0,-0.2394807424096127,0.23542857142857146,41148.142857142855
Snakebite Case,2024-03-10 01:00:00+00:00,0.232,35600,0.0,0.0044013091073242805,0.23371428571428574,40344.28571428572
Snakebite Case,2024-03-11 01:00:00+00:00,0.232,40281,0.0,0.1314887640449438,0.232,40281.71428571428
Snakebite Case,2024-03-12 01:00:00+00:00,0.227,35106,-0.02155172413793105,-0.12847248082222384,0.23042857142857143,39072.0
Snakebite Case,2024-03-13 01:00:00+00:00,0.228,42800,0.004405286343612369,0.21916481513131658,0.23042857142857145,39511.28571428572
Snakebite Case,2024-03-14 01:00:00+00:00,0.219,66833,-0.03947368421052633,0.5615186915887851,0.22885714285714287,43238.42857142857
Snakebite Case,2024-03-15 01:00:00+00:00,0.213,47402,-0.0273972602739726,-0.29073960468630766,0.22614285714285717,43352.28571428572
Snakebite Case,2024-03-16 01:00:00+00:00,0.215,49429,0.009389671361502261,0.04276190878022024,0.2237142857142857,45350.142857142855
Snakebite Case,2024-03-17 01:00:00+00:00,0.22,44094,0.023255813953488413,-0.1079325901798539,0.222,46563.57142857143
Snakebite Case,2024-03-18 01:00:00+00:00,0.22,35283,0.0,-0.19982310518437885,0.22028571428571428,45849.57142857143
Snakebite Case,2024-03-19 01:00:00+00:00,0.222,36146,0.009090909090909038,0.024459371368647842,0.21957142857142856,45998.142857142855
Snakebite Case,2024-03-20 01:00:00+00:00,0.219,40698,-0.013513513513513487,0.12593371327394465,0.21828571428571428,45697.857142857145
Snakebite Case,2024-03-21 01:00:00+00:00,0.209,46966,-0.045662100456621,0.15401248218585684,0.21685714285714286,42859.71428571428
Snakebite Case,2024-03-22 01:00:00+00:00,0.22,30852,0.05263157894736836,-0.34309926329685303,0.21785714285714283,40495.42857142857
Snakebite Case,2024-03-23 01:00:00+00:00,0.216,30741,-0.018181818181818188,-0.0035978218591987687,0.218,37825.71428571428
Snakebite Case,2024-03-24 01:00:00+00:00,0.219,33655,0.01388888888888884,0.09479197163397424,0.21785714285714283,36334.42857142857
Snakebite Case,2024-03-25 01:00:00+00:00,0.227,33803,0.0365296803652968,0.004397563512108071,0.21885714285714286,36123.0
Snakebite Case,2024-03-26 01:00:00+00:00,0.227,32193,0.0,-0.04762890867674463,0.21957142857142856,35558.28571428572
Snakebite Case,2024-03-27 01:00:00+00:00,0.226,35360,-0.004405286343612369,0.09837542322865223,0.22057142857142858,34795.71428571428
Snakebite Case,2024-03-28 01:00:00+00:00,0.229,29015,0.01327433628318575,-0.1794400452488688,0.22342857142857145,32231.285714285714
Snakebite Case,2024-03-29 01:00:00+00:00,0.238,38676,0.0393013100436681,0.3329657073927279,0.226,33349.0
Snakebite Case,2024-03-30 01:00:00+00:00,0.241,31902,0.012605042016806678,-0.17514737821905058,0.2295714285714286,33514.857142857145
Snakebite Case,2024-03-31 01:00:00+00:00,0.239,31167,-0.008298755186721962,-0.023039307880383664,0.23242857142857143,33159.42857142857
Snakebite Case,2024-04-01 01:00:00+00:00,0.242,37139,0.012552301255230214,0.19161292392594742,0.23457142857142857,33636.0
Snakebite Case,2024-04-02 01:00:00+00:00,0.247,44543,0.02066115702479343,0.19935916422089983,0.2374285714285714,35400.28571428572
Snakebite Case,2024-04-03 01:00:00+00:00,0.246,40221,-0.004048582995951455,-0.09702983633792062,0.24028571428571427,36094.71428571428
Snakebite Case,2024-04-04 01:00:00+00:00,0.246,39951,0.0,-0.006712911165808855,0.2427142857142857,37657.0
Snakebite Case,2024-04-05 01:00:00+00:00,0.251,55933,0.020325203252032464,0.4000400490600986,0.24457142857142858,40122.28571428572
Snakebite Case,2024-04-06 01:00:00+00:00,0.251,34729,0.0,-0.37909641892979096,0.246,40526.142857142855
Snakebite Case,2024-04-07 01:00:00+00:00,0.249,34288,-0.007968127490039834,-0.012698321287684666,0.24742857142857141,40972.0
Snakebite Case,2024-04-08 01:00:00+00:00,0.25,29337,0.004016064257028162,-0.1443945403639757,0.24857142857142858,39857.42857142857
Snakebite Case,2024-04-09 01:00:00+00:00,0.249,33506,-0.0040000000000000036,0.14210723659542568,0.24885714285714286,38280.71428571428
Snakebite Case,2024-04-10 01:00:00+00:00,0.246,32448,-0.012048192771084376,-0.03157643407150956,0.24885714285714286,37170.28571428572
Snakebite Case,2024-04-11 01:00:00+00:00,0.245,31917,-0.004065040650406471,-0.016364644970414233,0.2487142857142857,36022.57142857143
Snakebite Case,2024-04-12 01:00:00+00:00,0.246,29770,0.004081632653061273,-0.06726822696368706,0.248,32285.0
Snakebite Case,2024-04-13 01:00:00+00:00,0.244,28283,-0.008130081300813052,-0.04994961370507223,0.24699999999999997,31364.14285714286
Snakebite Case,2024-04-14 01:00:00+00:00,0.245,27553,0.004098360655737654,-0.02581055757875761,0.24642857142857144,30402.0
Snakebite Case,2024-04-15 01:00:00+00:00,0.251,31749,0.02448979591836742,0.1522883170616629,0.24657142857142858,30746.571428571428
Snakebite Case,2024-04-16 01:00:00+00:00,0.255,44027,0.015936254980079667,0.38672084160131037,0.2474285714285714,32249.571428571428
Snakebite Case,2024-04-17 01:00:00+00:00,0.248,33344,-0.027450980392156876,-0.24264655779408095,0.24771428571428572,32377.571428571428
Snakebite Case,2024-04-18 01:00:00+00:00,0.246,29135,-0.008064516129032251,-0.12622960652591175,0.24785714285714283,31980.14285714286
Snakebite Case,2024-04-19 01:00:00+00:00,0.247,34452,0.004065040650406582,0.18249528059035525,0.248,32649.0
Snakebite Case,2024-04-20 01:00:00+00:00,0.25,34466,0.012145748987854255,0.0004063624753278816,0.24885714285714286,33532.28571428572
Snakebite Case,2024-04-21 01:00:00+00:00,0.251,46021,0.0040000000000000036,0.3352579353565832,0.2497142857142857,36170.57142857143
Snakebite Case,2024-04-22 01:00:00+00:00,0.251,26783,0.0,-0.418026553095326,0.24971428571428572,35461.142857142855
Snakebite Case,2024-04-23 01:00:00+00:00,0.246,20476,-0.019920318725099584,-0.23548519583317773,0.24842857142857142,32096.714285714286
Snakebite Case,2024-04-24 01:00:00+00:00,0.248,39591,0.008130081300812941,0.9335319398319983,0.24842857142857144,32989.142857142855
Snakebite Case,2024-04-25 01:00:00+00:00,0.251,31645,0.012096774193548487,-0.2007021797883357,0.2491428571428571,33347.71428571428
Snakebite Case,2024-04-26 01:00:00+00:00,0.249,57704,-0.007968127490039834,0.8234792226260073,0.24942857142857142,36669.42857142857
Snakebite Case,2024-04-27 01:00:00+00:00,0.25,51105,0.004016064257028162,-0.11435948981006516,0.24942857142857142,39046.42857142857
Snakebite Case,2024-04-28 01:00:00+00:00,0.25,46744,0.0,-0.08533411603561292,0.2492857142857143,39149.71428571428
Snakebite Case,2024-04-29 01:00:00+00:00,0.258,36427,0.03200000000000003,-0.2207128187574876,0.2502857142857143,40527.42857142857
Snakebite Case,2024-04-30 01:00:00+00:00,0.261,35362,0.011627906976744207,-0.02923655530238556,0.2524285714285714,42654.0
Snakebite Case,2024-05-01 01:00:00+00:00,0.263,37568,0.00766283524904221,0.062383349358067886,0.25457142857142856,42365.0
Snakebite Case,2024-05-02 01:00:00+00:00,0.266,46639,0.011406844106463865,0.24145549403747868,0.25671428571428573,44507.0
Snakebite Case,2024-05-03 01:00:00+00:00,0.271,62287,0.018796992481203034,0.33551319710971494,0.25985714285714284,45161.71428571428
Snakebite Case,2024-05-04 01:00:00+00:00,0.269,46495,-0.0073800738007380184,-0.25353605086133546,0.26257142857142857,44503.142857142855
Snakebite Case,2024-05-05 01:00:00+00:00,0.267,31060,-0.0074349442379182396,-0.3319711796967416,0.265,42262.57142857143
Snakebite Case,2024-05-06 01:00:00+00:00,0.264,38623,-0.011235955056179803,0.24349645846748236,0.2658571428571429,42576.28571428572
Snakebite Case,2024-05-07 01:00:00+00:00,0.259,27435,-0.018939393939393923,-0.2896719571239935,0.26557142857142857,41443.857142857145
Snakebite Case,2024-05-08 01:00:00+00:00,0.259,24829,0.0,-0.09498815381811554,0.265,39624.0
Snakebite Case,2024-05-09 01:00:00+00:00,0.259,21421,0.0,-0.13725885053767772,0.264,36021.42857142857
Snakebite Case,2024-05-10 01:00:00+00:00,0.257,20278,-0.007722007722007707,-0.053358853461556444,0.262,30020.14285714286
Snakebite Case,2024-05-11 01:00:00+00:00,0.26,22604,0.011673151750972721,0.114705592267482,0.26071428571428573,26607.14285714286
Snakebite Case,2024-05-12 01:00:00+00:00,0.261,21369,0.0038461538461538325,-0.0546363475491064,0.2598571428571429,25222.714285714286
Snakebite Case,2024-05-13 01:00:00+00:00,0.261,26170,0.0,0.22467125274930977,0.25942857142857145,23443.714285714286
Snakebite Case,2024-05-14 01:00:00+00:00,0.248,40588,-0.049808429118774034,0.5509361864730609,0.2578571428571429,25322.714285714286
Snakebite Case,2024-05-15 01:00:00+00:00,0.246,18090,-0.008064516129032251,-0.5543017640681975,0.25600000000000006,24360.0
Snakebite Case,2024-05-16 01:00:00+00:00,0.243,30016,-0.012195121951219523,0.6592592592592592,0.2537142857142857,25587.85714285714
Snakebite Case,2024-05-17 01:00:00+00:00,0.244,23659,0.004115226337448652,-0.2117870469083155,0.2518571428571429,26070.85714285714
Snakebite Case,2024-05-18 01:00:00+00:00,0.242,22158,-0.008196721311475419,-0.0634430871972611,0.2492857142857143,26007.14285714286
Snakebite Case,2024-05-19 01:00:00+00:00,0.236,26683,-0.024793388429752095,0.2042151818756206,0.24571428571428572,26766.285714285714
Snakebite Case,2024-05-20 01:00:00+00:00,0.233,41568,-0.012711864406779516,0.5578458194355957,0.24171428571428574,28966.0
Snakebite Case,2024-05-21 01:00:00+00:00,0.224,44677,-0.03862660944206009,0.07479311008468059,0.23828571428571427,29550.14285714286
Snakebite Case,2024-05-22 01:00:00+00:00,0.214,77123,-0.044642857142857206,0.7262349754907447,0.23371428571428574,37983.42857142857
Snakebite Case,2024-05-23 01:00:00+00:00,0.211,40458,-0.014018691588785104,-0.47540941094096445,0.22914285714285715,39475.142857142855
Snakebite Case,2024-05-24 01:00:00+00:00,0.215,42254,0.018957345971563955,0.04439171486479809,0.225,42131.57142857143
Snakebite Case,2024-05-25 01:00:00+00:00,0.22,39384,0.023255813953488413,-0.06792256354427983,0.22185714285714284,44592.42857142857
Snakebite Case,2024-05-26 01:00:00+00:00,0.219,38429,-0.004545454545454519,-0.024248425756652425,0.21942857142857145,46270.42857142857
Snakebite Case,2024-05-27 01:00:00+00:00,0.219,32695,0.0,-0.14921023185615034,0.2174285714285714,45002.857142857145
Snakebite Case,2024-05-28 01:00:00+00:00,0.213,44773,-0.0273972602739726,0.3694142835295917,0.21585714285714283,45016.57142857143
Snakebite Case,2024-05-29 01:00:00+00:00,0.209,28678,-0.018779342723004744,-0.3594800437763831,0.21514285714285714,38095.857142857145
Snakebite Case,2024-05-30 01:00:00+00:00,0.225,22978,0.07655502392344515,-0.19875863030894758,0.2171428571428571,35598.71428571428
Snakebite Case,2024-05-31 01:00:00+00:00,0.223,27338,-0.008888888888888946,0.1897467142484115,0.21828571428571428,33467.857142857145
Snakebite Case,2024-06-01 01:00:00+00:00,0.21,49691,-0.058295964125560595,0.8176530836198699,0.21685714285714286,34940.28571428572
Snakebite Case,2024-06-02 01:00:00+00:00,0.21,49293,0.0,-0.008009498701978202,0.21557142857142855,36492.28571428572
Snakebite Case,2024-06-03 01:00:00+00:00,0.219,18987,0.04285714285714293,-0.6148134623577384,0.21557142857142858,34534.0
Snakebite Case,2024-06-04 01:00:00+00:00,0.22,18823,0.004566210045662045,-0.008637488808131866,0.21657142857142858,30826.85714285714
Snakebite Case,2024-06-05 01:00:00+00:00,0.224,24960,0.0181818181818183,0.3260372947989163,0.2187142857142857,30295.714285714286
Snakebite Case,2024-06-06 01:00:00+00:00,0.225,22668,0.0044642857142858094,-0.09182692307692308,0.21871428571428572,30251.428571428572
Snakebite Case,2024-06-07 01:00:00+00:00,0.235,31032,0.04444444444444429,0.36897829539438853,0.22042857142857142,30779.14285714286
Snakebite Case,2024-06-08 01:00:00+00:00,0.221,52382,-0.05957446808510636,0.6879994844031967,0.222,31163.571428571428
Snakebite Case,2024-06-09 01:00:00+00:00,0.219,30880,-0.009049773755656076,-0.4104845175823756,0.2232857142857143,28533.14285714286
Snakebite Case,2024-06-10 01:00:00+00:00,0.217,28180,-0.0091324200913242,-0.08743523316062174,0.223,29846.428571428572
Snakebite Case,2024-06-11 01:00:00+00:00,0.214,34954,-0.01382488479262678,0.24038325053229248,0.22214285714285714,32150.85714285714
Snakebite Case,2024-06-12 01:00:00+00:00,0.21,27964,-0.01869158878504673,-0.1999771127767923,0.22014285714285714,32580.0
Snakebite Case,2024-06-13 01:00:00+00:00,0.206,25239,-0.01904761904761909,-0.0974467172078386,0.2174285714285714,32947.28571428572
Snakebite Case,2024-06-14 01:00:00+00:00,0.204,29991,-0.009708737864077666,0.1882800427909188,0.21300000000000002,32798.57142857143
Snakebite Case,2024-06-15 01:00:00+00:00,0.204,23725,0.0,-0.20892934547030773,0.21057142857142858,28704.714285714286
Snakebite Case,2024-06-16 01:00:00+00:00,0.205,23658,0.004901960784313708,-0.0028240252897787643,0.20857142857142855,27673.0
Snakebite Case,2024-06-17 01:00:00+00:00,0.203,24207,-0.009756097560975507,0.023205680953588548,0.20657142857142857,27105.428571428572
Snakebite Case,2024-06-18 01:00:00+00:00,0.2,33036,-0.014778325123152691,0.36472921055892926,0.20457142857142857,26831.428571428572
Snakebite Case,2024-06-19 01:00:00+00:00,0.201,25373,0.004999999999999893,-0.23195907494854096,0.2032857142857143,26461.285714285714
Snakebite Case,2024-06-20 01:00:00+00:00,0.199,24004,-0.00995024875621886,-0.05395499152642569,0.20228571428571432,26284.85714285714
Snakebite Case,2024-06-21 01:00:00+00:00,0.198,24283,-0.005025125628140725,0.01162306282286285,0.20142857142857143,25469.428571428572
Snakebite Case,2024-06-22 01:00:00+00:00,0.195,18452,-0.015151515151515138,-0.24012683770539056,0.20014285714285715,24716.14285714286
Snakebite Case,2024-06-23 01:00:00+00:00,0.198,25647,0.01538461538461533,0.3899306308259267,0.19914285714285715,25000.285714285714
Snakebite Case,2024-06-24 01:00:00+00:00,0.194,27653,-0.02020202020202022,0.07821577572425631,0.19785714285714287,25492.571428571428
Snakebite Case,2024-06-25 01:00:00+00:00,0.195,21981,0.005154639175257714,-0.20511336925469204,0.19714285714285715,23913.285714285714
Snakebite Case,2024-06-26 01:00:00+00:00,0.192,31958,-0.015384615384615441,0.45389199763432053,0.19585714285714287,24854.0
Snakebite Case,2024-06-27 01:00:00+00:00,0.194,34893,0.01041666666666674,0.0918392890669002,0.19514285714285715,26409.571428571428
Snakebite Case,2024-06-28 01:00:00+00:00,0.188,30493,-0.030927835051546393,-0.12609979078898348,0.19371428571428573,27296.714285714286
Snakebite Case,2024-06-29 01:00:00+00:00,0.185,25310,-0.015957446808510634,-0.16997343652641594,0.1922857142857143,28276.428571428572
Snakebite Case,2024-06-30 01:00:00+00:00,0.185,27625,0.0,0.09146582378506518,0.19042857142857142,28559.0
Snakebite Case,2024-07-01 01:00:00+00:00,0.186,19635,0.00540540540540535,-0.2892307692307692,0.1892857142857143,27413.571428571428
Snakebite Case,2024-07-02 01:00:00+00:00,0.185,24806,-0.005376344086021501,0.26335625159154574,0.18785714285714286,27817.14285714286
Snakebite Case,2024-07-03 01:00:00+00:00,0.183,22005,-0.010810810810810811,-0.11291622994436834,0.18657142857142858,26395.285714285714
Snakebite Case,2024-07-04 01:00:00+00:00,0.187,22867,0.021857923497267784,0.03917291524653477,0.18557142857142855,24677.285714285714
Snakebite Case,2024-07-05 01:00:00+00:00,0.186,21582,-0.005347593582887722,-0.05619451611492543,0.18528571428571428,23404.285714285714
Snakebite Case,2024-07-06 01:00:00+00:00,0.186,21787,0.0,0.009498656287647123,0.18542857142857141,22901.0
Snakebite Case,2024-07-07 01:00:00+00:00,0.187,35169,0.005376344086021501,0.6142194886859136,0.18571428571428572,23978.714285714286
Snakebite Case,2024-07-08 01:00:00+00:00,0.184,24920,-0.016042780748663166,-0.2914214222752993,0.18542857142857141,24733.714285714286
Snakebite Case,2024-07-09 01:00:00+00:00,0.186,26872,0.010869565217391353,0.07833065810593909,0.18557142857142858,25028.85714285714
Snakebite Case,2024-07-10 01:00:00+00:00,0.184,37279,-0.010752688172043001,0.3872804406073236,0.18571428571428572,27210.85714285714
Snakebite Case,2024-07-11 01:00:00+00:00,0.183,36855,-0.005434782608695676,-0.011373695646342497,0.18514285714285714,29209.14285714286
Snakebite Case,2024-07-12 01:00:00+00:00,0.186,22421,0.016393442622950838,-0.3916429249762583,0.18514285714285714,29329.0
Snakebite Case,2024-07-13 01:00:00+00:00,0.185,20758,-0.005376344086021501,-0.07417153561393341,0.18500000000000003,29182.0
Snakebite Case,2024-07-14 01:00:00+00:00,0.184,19980,-0.005405405405405461,-0.03747952596589266,0.18457142857142858,27012.14285714286
Snakebite Case,2024-07-15 01:00:00+00:00,0.187,13575,0.016304347826086918,-0.3205705705705706,0.18500000000000003,25391.428571428572
Snakebite Case,2024-07-16 01:00:00+00:00,0.183,13615,-0.021390374331550777,0.0029465930018415243,0.18457142857142855,23497.571428571428
Snakebite Case,2024-07-17 01:00:00+00:00,0.186,15400,0.016393442622950838,0.13110539845758362,0.18485714285714286,20372.0
Snakebite Case,2024-07-18 01:00:00+00:00,0.182,13327,-0.021505376344086002,-0.13461038961038962,0.1847142857142857,17010.85714285714
Snakebite Case,2024-07-19 01:00:00+00:00,0.18,16007,-0.01098901098901095,0.2010955203721767,0.18385714285714286,16094.57142857143
Snakebite Case,2024-07-20 01:00:00+00:00,0.178,23360,-0.011111111111111072,0.4593615293309177,0.18285714285714283,16466.285714285714
Snakebite Case,2024-07-21 01:00:00+00:00,0.178,13626,0.0,-0.41669520547945205,0.182,15558.57142857143
Snakebite Case,2024-07-22 01:00:00+00:00,0.179,18078,0.00561797752808979,0.3267283135182739,0.18085714285714283,16201.857142857143
Snakebite Case,2024-07-23 01:00:00+00:00,0.186,19124,0.03910614525139677,0.05786038278570649,0.1812857142857143,16988.85714285714
Snakebite Case,2024-07-24 01:00:00+00:00,0.186,20647,0.0,0.07963815101443217,0.18128571428571427,17738.428571428572
Snakebite Case,2024-07-25 01:00:00+00:00,0.183,23980,-0.016129032258064502,0.1614278103356419,0.18142857142857144,19260.285714285714
Snakebite Case,2024-07-26 01:00:00+00:00,0.186,17634,0.016393442622950838,-0.2646371976647206,0.1822857142857143,19492.714285714286
Snakebite Case,2024-07-27 01:00:00+00:00,0.188,20786,0.010752688172043001,0.17874560508109338,0.18371428571428572,19125.0
Snakebite Case,2024-07-28 01:00:00+00:00,0.187,19842,-0.005319148936170248,-0.04541518329644956,0.185,20013.0
Snakebite Case,2024-07-29 01:00:00+00:00,0.186,21242,-0.005347593582887722,0.07055740348755157,0.186,20465.0
Snakebite Case,2024-07-30 01:00:00+00:00,0.187,15810,0.005376344086021501,-0.25571980039544295,0.18614285714285714,19991.571428571428
Snakebite Case,2024-07-31 01:00:00+00:00,0.183,16556,-0.021390374331550777,0.047185325743200446,0.18571428571428572,19407.14285714286
Snakebite Case,2024-08-01 01:00:00+00:00,0.189,16124,0.032786885245901676,-0.026093259241362632,0.18657142857142855,18284.85714285714
Snakebite Case,2024-08-02 01:00:00+00:00,0.184,22480,-0.02645502645502651,0.39419498883651705,0.1862857142857143,18977.14285714286
Snakebite Case,2024-08-03 01:00:00+00:00,0.188,16665,0.021739130434782705,-0.2586743772241993,0.1862857142857143,18388.428571428572
Snakebite Case,2024-08-04 01:00:00+00:00,0.188,21381,0.0,0.2829882988298831,0.18642857142857142,18608.285714285714
Snakebite Case,2024-08-05 01:00:00+00:00,0.192,15591,0.02127659574468077,-0.27080117861652875,0.18728571428571428,17801.0
Snakebite Case,2024-08-06 01:00:00+00:00,0.19,16772,-0.01041666666666663,0.07574882945288941,0.18771428571428572,17938.428571428572
Snakebite Case,2024-08-07 01:00:00+00:00,0.191,16595,0.0052631578947368585,-0.010553303124254731,0.18885714285714283,17944.0
Snakebite Case,2024-08-08 01:00:00+00:00,0.189,17048,-0.010471204188481686,0.027297378728532662,0.18885714285714286,18076.0
Snakebite Case,2024-08-09 01:00:00+00:00,0.193,18221,0.021164021164021163,0.06880572501173154,0.19014285714285714,17467.571428571428
Snakebite Case,2024-08-10 01:00:00+00:00,0.197,20582,0.020725388601036343,0.12957576422808836,0.19142857142857145,18027.14285714286
Snakebite Case,2024-08-11 01:00:00+00:00,0.195,29068,-0.010152284263959421,0.41230201146632983,0.19242857142857142,19125.285714285714
Snakebite Case,2024-08-12 01:00:00+00:00,0.199,20609,0.02051282051282044,-0.2910072932434292,0.19342857142857145,19842.14285714286
Snakebite Case,2024-08-13 01:00:00+00:00,0.199,15781,0.0,-0.23426658256101707,0.1947142857142857,19700.571428571428
Snakebite Case,2024-08-14 01:00:00+00:00,0.198,22674,-0.005025125628140725,0.4367910778784614,0.19571428571428573,20569.0
Snakebite Case,2024-08-15 01:00:00+00:00,0.202,26894,0.02020202020202011,0.18611625650524832,0.19757142857142856,21975.571428571428
Snakebite Case,2024-08-16 01:00:00+00:00,0.201,25762,-0.004950495049504955,-0.0420911727522868,0.1987142857142857,23052.85714285714
Snakebite Case,2024-08-17 01:00:00+00:00,0.203,30065,0.00995024875621886,0.16702895737908552,0.19957142857142857,24407.571428571428
Snakebite Case,2024-08-18 01:00:00+00:00,0.203,31653,0.0,0.05281889239980053,0.20071428571428576,24776.85714285714
Snakebite Case,2024-08-19 01:00:00+00:00,0.202,54019,-0.0049261083743842304,0.7065996903926959,0.20114285714285715,29549.714285714286
Snakebite Case,2024-08-20 01:00:00+00:00,0.201,36436,-0.004950495049504955,-0.325496584535071,0.20142857142857146,32500.428571428572
Snakebite Case,2024-08-21 01:00:00+00:00,0.203,42267,0.00995024875621886,0.16003403227577118,0.20214285714285715,35299.42857142857
Snakebite Case,2024-08-22 01:00:00+00:00,0.203,34251,0.0,-0.1896515011711264,0.20228571428571432,36350.42857142857
Snakebite Case,2024-08-23 01:00:00+00:00,0.202,34950,-0.0049261083743842304,0.020408163265306145,0.20242857142857143,37663.0
Snakebite Case,2024-08-24 01:00:00+00:00,0.204,19926,0.009900990099009688,-0.4298712446351931,0.2025714285714286,36214.57142857143
Snakebite Case,2024-08-25 01:00:00+00:00,0.201,29101,-0.014705882352941013,0.4604536786108602,0.20228571428571426,35850.0
Snakebite Case,2024-08-26 01:00:00+00:00,0.202,18152,0.004975124378109541,-0.37624136627607296,0.20228571428571426,30726.14285714286
Snakebite Case,2024-08-27 01:00:00+00:00,0.208,19266,0.029702970297029507,0.061370647862494465,0.2032857142857143,28273.285714285714
Snakebite Case,2024-08-28 01:00:00+00:00,0.21,19882,0.009615384615384581,0.031973424685975305,0.20428571428571432,25075.428571428572
Snakebite Case,2024-08-29 01:00:00+00:00,0.214,39415,0.01904761904761898,0.9824464339603662,0.20585714285714288,25813.14285714286
Snakebite Case,2024-08-30 01:00:00+00:00,0.214,30499,0.0,-0.22620829633388306,0.20757142857142857,25177.285714285714
Snakebite Case,2024-08-31 01:00:00+00:00,0.217,26555,0.014018691588784993,-0.12931571526935315,0.20942857142857146,26124.285714285714
Snakebite Case,2024-09-01 01:00:00+00:00,0.216,26237,-0.004608294930875556,-0.011975145923554864,0.21157142857142858,25715.14285714286
Snakebite Case,2024-09-02 01:00:00+00:00,0.234,47075,0.08333333333333348,0.7942219003697069,0.21614285714285714,29847.0
Snakebite Case,2024-09-03 01:00:00+00:00,0.241,33939,0.029914529914529808,-0.27904407859798197,0.22085714285714284,31943.14285714286
Snakebite Case,2024-09-04 01:00:00+00:00,0.236,32127,-0.020746887966805017,-0.05338990541854505,0.22457142857142856,33692.42857142857
Snakebite Case,2024-09-05 01:00:00+00:00,0.236,20515,0.0,-0.36144053288511224,0.2277142857142857,30992.428571428572
Snakebite Case,2024-09-06 01:00:00+00:00,0.237,37830,0.004237288135593209,0.8440165732390934,0.231,32039.714285714286
Snakebite Case,2024-09-07 01:00:00+00:00,0.244,27996,0.029535864978903037,-0.2599524187153053,0.23485714285714285,32245.571428571428
Snakebite Case,2024-09-08 01:00:00+00:00,0.249,29442,0.020491803278688492,0.05165023574796401,0.23957142857142855,32703.428571428572
Snakebite Case,2024-09-09 01:00:00+00:00,0.25,31256,0.004016064257028162,0.061612662183275546,0.24185714285714285,30443.571428571428
Snakebite Case,2024-09-10 01:00:00+00:00,0.246,20412,-0.016000000000000014,-0.3469413872536473,0.24257142857142858,28511.14285714286
Snakebite Case,2024-09-11 01:00:00+00:00,0.253,45071,0.028455284552845628,1.20806388398981,0.24500000000000002,30360.285714285714
Snakebite Case,2024-09-12 01:00:00+00:00,0.256,45157,0.011857707509881354,0.0019081005524617112,0.24785714285714286,33880.57142857143
Snakebite Case,2024-09-13 01:00:00+00:00,0.256,28822,0.0,-0.36173793653254205,0.25057142857142856,32593.714285714286
Snakebite Case,2024-09-14 01:00:00+00:00,0.259,28393,0.01171875,-0.014884463257234026,0.2527142857142857,32650.428571428572
Snakebite Case,2024-09-15 01:00:00+00:00,0.259,29655,0.0,0.044447575106540294,0.25414285714285717,32680.85714285714
Snakebite Case,2024-09-16 01:00:00+00:00,0.262,42325,0.01158301158301156,0.42724667003877936,0.25585714285714284,34262.142857142855
Snakebite Case,2024-09-17 01:00:00+00:00,0.266,32477,0.01526717557251911,-0.23267572356763144,0.25871428571428573,35985.71428571428
Snakebite Case,2024-09-18 01:00:00+00:00,0.269,47243,0.011278195488721776,0.4546602210795332,0.261,36296.0
Snakebite Case,2024-09-19 01:00:00+00:00,0.271,38159,0.0074349442379182396,-0.1922824545435302,0.2631428571428572,35296.28571428572
Snakebite Case,2024-09-20 01:00:00+00:00,0.264,30852,-0.02583025830258301,-0.19148824654734142,0.2642857142857143,35586.28571428572
Snakebite Case,2024-09-21 01:00:00+00:00,0.262,28601,-0.007575757575757569,-0.0729612342797874,0.26471428571428574,35616.0
Snakebite Case,2024-09-22 01:00:00+00:00,0.257,36472,-0.01908396946564883,0.27520016782629986,0.2644285714285714,36589.857142857145
Snakebite Case,2024-09-23 01:00:00+00:00,0.262,35504,0.01945525291828787,-0.02654090809388021,0.2644285714285714,35615.42857142857
Snakebite Case,2024-09-24 01:00:00+00:00,0.268,35603,0.022900763358778553,0.0027884182063993013,0.26471428571428574,36062.0
Snakebite Case,2024-09-25 01:00:00+00:00,0.278,44967,0.03731343283582089,0.2630115439710137,0.266,35736.857142857145
Snakebite Case,2024-09-26 01:00:00+00:00,0.271,23744,-0.02517985611510798,-0.4719683323325995,0.266,33677.57142857143
Snakebite Case,2024-09-27 01:00:00+00:00,0.271,26557,0.0,0.11847203504043136,0.267,33064.0
Snakebite Case,2024-09-28 01:00:00+00:00,0.266,28244,-0.01845018450184499,0.06352374138645178,0.2675714285714286,33013.0
Snakebite Case,2024-09-29 01:00:00+00:00,0.267,20455,0.003759398496240518,-0.2757753859226738,0.269,30724.85714285714
Snakebite Case,2024-09-30 01:00:00+00:00,0.267,19337,0.0,-0.054656563187484686,0.2697142857142857,28415.285714285714
Snakebite Case,2024-10-01 01:00:00+00:00,0.272,29596,0.01872659176029967,0.5305373118891246,0.27028571428571435,27557.14285714286
Snakebite Case,2024-10-02 01:00:00+00:00,0.269,34647,-0.011029411764705843,0.1706649547236112,0.269,26082.85714285714
Snakebite Case,2024-10-03 01:00:00+00:00,0.23,93179,-0.14498141263940523,1.6893814760296708,0.2631428571428572,36002.142857142855
Snakebite Case,2024-10-04 01:00:00+00:00,0.236,35859,0.02608695652173898,-0.6151600682557228,0.2581428571428572,37331.0
Snakebite Case,2024-10-05 01:00:00+00:00,0.239,24169,0.012711864406779627,-0.32599905184193645,0.2542857142857143,36748.857142857145
Snakebite Case,2024-10-06 01:00:00+00:00,0.236,21977,-0.012552301255230103,-0.09069469154702303,0.24985714285714286,36966.28571428572
Snakebite Case,2024-10-07 01:00:00+00:00,0.24,17347,0.016949152542372836,-0.21067479637803155,0.24600000000000002,36682.0
Snakebite Case,2024-10-08 01:00:00+00:00,0.23,15190,-0.04166666666666663,-0.12434426702023404,0.24000000000000002,34624.0
Snakebite Case,2024-10-09 01:00:00+00:00,0.228,18766,-0.008695652173913104,0.2354180381830151,0.23414285714285715,32355.285714285714
Snakebite Case,2024-10-10 01:00:00+00:00,0.227,23480,-0.004385964912280715,0.25119897687306825,0.23371428571428574,22398.285714285714
Snakebite Case,2024-10-11 01:00:00+00:00,0.222,25103,-0.022026431718061734,0.06912265758091984,0.23171428571428573,20861.714285714286
Snakebite Case,2024-10-12 01:00:00+00:00,0.225,26417,0.013513513513513598,0.05234434131378718,0.2297142857142857,21182.85714285714
Snakebite Case,2024-10-13 01:00:00+00:00,0.235,20300,0.04444444444444429,-0.23155543778627397,0.22957142857142857,20943.285714285714
Snakebite Case,2024-10-14 01:00:00+00:00,0.239,21817,0.017021276595744705,0.07472906403940893,0.2294285714285714,21581.85714285714
Snakebite Case,2024-10-15 01:00:00+00:00,0.235,17117,-0.01673640167364021,-0.2154283357015172,0.23014285714285715,21857.14285714286
Snakebite Case,2024-10-16 01:00:00+00:00,0.237,16503,0.008510638297872353,-0.03587077174738562,0.2314285714285714,21533.85714285714
Snakebite Case,2024-10-17 01:00:00+00:00,0.234,21394,-0.012658227848101111,0.2963703569048053,0.2324285714285714,21235.85714285714
Snakebite Case,2024-10-18 01:00:00+00:00,0.233,18933,-0.004273504273504258,-0.11503225203328038,0.23399999999999999,20354.428571428572
Snakebite Case,2024-10-19 01:00:00+00:00,0.241,24589,0.03433476394849766,0.29873765383193374,0.23628571428571427,20093.285714285714
Snakebite Case,2024-10-20 01:00:00+00:00,0.244,22178,0.012448132780082943,-0.09805197446012448,0.23757142857142854,20361.571428571428
Snakebite Case,2024-10-21 01:00:00+00:00,0.249,26846,0.020491803278688492,0.2104788529173054,0.23900000000000002,21080.0
Snakebite Case,2024-10-22 01:00:00+00:00,0.251,30594,0.008032128514056325,0.13961111524994418,0.2412857142857143,23005.285714285714
Snakebite Case,2024-10-23 01:00:00+00:00,0.255,24420,0.015936254980079667,-0.20180427534810752,0.24385714285714286,24136.285714285714
Snakebite Case,2024-10-24 01:00:00+00:00,0.256,23686,0.0039215686274509665,-0.030057330057330023,0.24700000000000003,24463.714285714286
Snakebite Case,2024-10-25 01:00:00+00:00,0.261,25511,0.01953125,0.07704973402009618,0.251,25403.428571428572
Snakebite Case,2024-10-26 01:00:00+00:00,0.265,32136,0.015325670498084198,0.25969189761279443,0.2544285714285714,26481.571428571428
Snakebite Case,2024-10-27 01:00:00+00:00,0.266,19023,0.0037735849056603765,-0.4080470500373413,0.25757142857142856,26030.85714285714
Snakebite Case,2024-10-28 01:00:00+00:00,0.273,23389,0.026315789473684292,0.22951164379961098,0.261,25537.0
Snakebite Case,2024-10-29 01:00:00+00:00,0.275,36565,0.0073260073260073,0.5633417418444568,0.26442857142857146,26390.0
Snakebite Case,2024-10-30 01:00:00+00:00,0.294,54871,0.06909090909090887,0.5006426910980446,0.27,30740.14285714286
Snakebite Case,2024-10-31 01:00:00+00:00,0.309,37843,0.05102040816326525,-0.31032785988955913,0.2775714285714286,32762.571428571428
Snakebite Case,2024-11-01 01:00:00+00:00,0.319,38605,0.032362459546925626,0.020135824326823926,0.28585714285714287,34633.142857142855
Snakebite Case,2024-11-02 01:00:00+00:00,0.32,32361,0.0031347962382444194,-0.16174070716228472,0.2937142857142857,34665.28571428572
Snakebite Case,2024-11-03 01:00:00+00:00,0.319,31732,-0.0031250000000000444,-0.019436976607644985,0.30128571428571427,36480.857142857145
Snakebite Case,2024-11-04 01:00:00+00:00,0.319,25513,0.0,-0.195985125425438,0.30785714285714283,36784.28571428572
Snakebite Case,2024-11-05 01:00:00+00:00,0.316,17659,-0.009404388714733591,-0.30784306040058007,0.3137142857142857,34083.42857142857
Snakebite Case,2024-11-06 01:00:00+00:00,0.31,21708,-0.01898734177215189,0.22928818166374088,0.31599999999999995,29345.85714285714
Snakebite Case,2024-11-07 01:00:00+00:00,0.296,22563,-0.04516129032258065,0.039386401326699794,0.3141428571428571,27163.0
Snakebite Case,2024-11-08 01:00:00+00:00,0.291,25170,-0.016891891891891886,0.11554314585826342,0.31014285714285716,25243.714285714286
Snakebite Case,2024-11-09 01:00:00+00:00,0.284,24005,-0.02405498281786944,-0.046285260230433,0.305,24050.0
Snakebite Case,2024-11-10 01:00:00+00:00,0.279,23664,-0.017605633802816767,-0.01420537388044163,0.2992857142857143,22897.428571428572
Snakebite Case,2024-11-11 01:00:00+00:00,0.271,21651,-0.028673835125448077,-0.08506592292089254,0.2924285714285714,22345.714285714286
Snakebite Case,2024-11-12 01:00:00+00:00,0.262,14957,-0.03321033210332103,-0.3091774052006836,0.28471428571428575,21959.714285714286
Snakebite Case,2024-11-13 01:00:00+00:00,0.267,21669,0.01908396946564883,0.44875309219763326,0.2785714285714286,21954.14285714286
Snakebite Case,2024-11-14 01:00:00+00:00,0.265,17634,-0.0074906367041198685,-0.186210715769071,0.27414285714285713,21250.0
Snakebite Case,2024-11-15 01:00:00+00:00,0.265,18958,0.0,0.0750822275150278,0.2704285714285714,20362.571428571428
Snakebite Case,2024-11-16 01:00:00+00:00,0.267,21564,0.007547169811320753,0.13746175756936396,0.268,20013.85714285714
Snakebite Case,2024-11-17 01:00:00+00:00,0.267,21148,0.0,-0.019291411611945808,0.2662857142857143,19654.428571428572
Snakebite Case,2024-11-18 01:00:00+00:00,0.267,23538,0.0,0.11301305087951574,0.26571428571428574,19924.0
Snakebite Case,2024-11-19 01:00:00+00:00,0.265,19174,-0.0074906367041198685,-0.18540232815022517,0.2661428571428571,20526.428571428572
Snakebite Case,2024-11-20 01:00:00+00:00,0.264,20114,-0.0037735849056603765,0.049024720976322156,0.26571428571428574,20304.285714285714
Snakebite Case,2024-11-21 01:00:00+00:00,0.259,18341,-0.018939393939393923,-0.08814755891418913,0.26485714285714285,20405.285714285714
Snakebite Case,2024-11-22 01:00:00+00:00,0.261,21319,0.007722007722007707,0.16236846409683214,0.2642857142857143,20742.571428571428
Snakebite Case,2024-11-23 01:00:00+00:00,0.255,19092,-0.02298850574712641,-0.10446080960645432,0.26257142857142857,20389.428571428572
Snakebite Case,2024-11-24 01:00:00+00:00,0.255,19104,0.0,0.0006285355122563896,0.26085714285714284,20097.428571428572
Snakebite Case,2024-11-25 01:00:00+00:00,0.258,17040,0.0117647058823529,-0.1080402010050251,0.25957142857142856,19169.14285714286
Snakebite Case,2024-11-26 01:00:00+00:00,0.262,19117,0.015503875968992276,0.1218896713615023,0.2591428571428572,19161.0
Snakebite Case,2024-11-27 01:00:00+00:00,0.264,27481,0.007633587786259444,0.43751634670711925,0.2591428571428572,20213.428571428572
Snakebite Case,2024-11-28 01:00:00+00:00,0.259,40798,-0.018939393939393923,0.48458935264364467,0.2591428571428572,23421.571428571428
Snakebite Case,2024-11-29 01:00:00+00:00,0.26,28538,0.0038610038610038533,-0.3005049267120937,0.259,24452.85714285714
Snakebite Case,2024-11-30 01:00:00+00:00,0.264,21565,0.01538461538461533,-0.24434087882822908,0.2602857142857143,24806.14285714286
Snakebite Case,2024-12-01 01:00:00+00:00,0.265,25651,0.0037878787878788955,0.18947368421052624,0.26171428571428573,25741.428571428572
Snakebite Case,2024-12-02 01:00:00+00:00,0.267,19944,0.007547169811320753,-0.22248645276987256,0.263,26156.285714285714
Snakebite Case,2024-12-03 01:00:00+00:00,0.268,21703,0.0037453183520599342,0.08819695146409945,0.2638571428571429,26525.714285714286
Snakebite Case,2024-12-04 01:00:00+00:00,0.264,15842,-0.014925373134328401,-0.2700548311293369,0.2638571428571429,24863.0
Snakebite Case,2024-12-05 01:00:00+00:00,0.27,15384,0.022727272727272707,-0.028910491099608637,0.26542857142857146,21232.428571428572
Snakebite Case,2024-12-06 01:00:00+00:00,0.274,19054,0.014814814814814836,0.2385595423816953,0.26742857142857146,19877.571428571428
Snakebite Case,2024-12-07 01:00:00+00:00,0.276,19765,0.007299270072992803,0.0373149994751758,0.2691428571428572,19620.428571428572
Snakebite Case,2024-12-08 01:00:00+00:00,0.275,17267,-0.0036231884057971175,-0.1263850240323805,0.2705714285714286,18422.714285714286
Snakebite Case,2024-12-09 01:00:00+00:00,0.275,13187,0.0,-0.236288874732148,0.27171428571428574,17457.428571428572
Snakebite Case,2024-12-10 01:00:00+00:00,0.274,15342,-0.0036363636363636598,0.1634185182376584,0.2725714285714286,16548.714285714286
Snakebite Case,2024-12-11 01:00:00+00:00,0.273,15428,-0.0036496350364964014,0.00560552731065056,0.27385714285714285,16489.571428571428
Snakebite Case,2024-12-12 01:00:00+00:00,0.274,15514,0.00366300366300365,0.005574280528908515,0.2744285714285714,16508.14285714286
Snakebite Case,2024-12-13 01:00:00+00:00,0.269,13519,-0.018248175182481785,-0.12859352842593785,0.27371428571428574,15717.42857142857
Snakebite Case,2024-12-14 01:00:00+00:00,0.27,16621,0.0037174721189590088,0.22945484133441818,0.27285714285714285,15268.285714285714
Snakebite Case,2024-12-15 01:00:00+00:00,0.27,19788,0.0,0.1905420853137596,0.2721428571428572,15628.42857142857
Snakebite Case,2024-12-16 01:00:00+00:00,0.27,18507,0.0,-0.06473620375985445,0.27142857142857146,16388.428571428572
Snakebite Case,2024-12-17 01:00:00+00:00,0.265,14466,-0.01851851851851849,-0.21834981358404926,0.27014285714285713,16263.285714285714
Snakebite Case,2024-12-18 01:00:00+00:00,0.261,17748,-0.015094339622641506,0.22687681459975106,0.26842857142857146,16594.714285714286
Snakebite Case,2024-12-19 01:00:00+00:00,0.259,19410,-0.007662835249042099,0.09364435429344153,0.2662857142857143,17151.285714285714
Snakebite Case,2024-12-20 01:00:00+00:00,0.254,22682,-0.019305019305019266,0.16857290056671825,0.2641428571428571,18460.285714285714
Snakebite Case,2024-12-21 01:00:00+00:00,0.255,20855,0.003937007874015741,-0.08054845251741471,0.262,19065.14285714286
Snakebite Case,2024-12-22 01:00:00+00:00,0.257,18930,0.007843137254901933,-0.09230400383601056,0.2601428571428571,18942.571428571428
Snakebite Case,2024-12-23 01:00:00+00:00,0.256,24380,-0.0038910505836575737,0.28790279978869515,0.2581428571428571,19781.571428571428
Snakebite Case,2024-12-24 01:00:00+00:00,0.258,19372,0.0078125,-0.20541427399507795,0.2571428571428572,20482.428571428572
Snakebite Case,2024-12-25 01:00:00+00:00,0.261,31303,0.011627906976744207,0.6158889118315094,0.2571428571428572,22418.85714285714
Snakebite Case,2024-12-26 01:00:00+00:00,0.264,26159,0.011494252873563315,-0.16432929751142067,0.2578571428571429,23383.0
Snakebite Case,2024-12-27 01:00:00+00:00,0.268,19637,0.015151515151515138,-0.2493214572422493,0.2598571428571429,22948.0
Snakebite Case,2024-12-28 01:00:00+00:00,0.266,19239,-0.007462686567164201,-0.020267861689667432,0.26142857142857145,22717.14285714286
Snakebite Case,2024-12-29 01:00:00+00:00,0.266,21889,0.0,0.13774104683195598,0.26271428571428573,23139.85714285714
Snakebite Case,2024-12-30 01:00:00+00:00,0.272,20071,0.022556390977443552,-0.08305541596235555,0.265,22524.285714285714
Snakebite Case,2024-12-31 01:00:00+00:00,0.276,27626,0.014705882352941124,0.3764137312540481,0.2675714285714286,23703.428571428572
Snakebite Case,2025-01-01 01:00:00+00:00,0.28,30702,0.01449275362318847,0.11134438572359362,0.2702857142857143,23617.571428571428
Snakebite Case,2025-01-02 01:00:00+00:00,0.284,25762,0.014285714285714013,-0.1609015699302977,0.27314285714285713,23560.85714285714
Snakebite Case,2025-01-03 01:00:00+00:00,0.287,25382,0.010563380281690238,-0.014750407577051483,0.27585714285714286,24381.571428571428
Snakebite Case,2025-01-04 01:00:00+00:00,0.293,30815,0.020905923344947785,0.21404932629422424,0.2797142857142857,26035.285714285714
Snakebite Case,2025-01-05 01:00:00+00:00,0.305,31722,0.04095563139931735,0.02943371734544864,0.28528571428571425,27440.0
Snakebite Case,2025-01-06 01:00:00+00:00,0.301,27650,-0.013114754098360715,-0.1283651724355337,0.2894285714285714,28522.714285714286
Snakebite Case,2025-01-07 01:00:00+00:00,0.31,24697,0.029900332225913706,-0.1067992766726944,0.2942857142857143,28104.285714285714
Snakebite Case,2025-01-08 01:00:00+00:00,0.316,40580,0.019354838709677358,0.6431145483257075,0.29942857142857143,29515.428571428572
Snakebite Case,2025-01-09 01:00:00+00:00,0.34,46643,0.07594936708860756,0.149408575653031,0.30742857142857144,32498.428571428572
Snakebite Case,2025-01-10 01:00:00+00:00,0.351,33639,0.03235294117647047,-0.27879853354201056,0.31657142857142856,33678.0
Snakebite Case,2025-01-11 01:00:00+00:00,0.349,37158,-0.005698005698005715,0.10461071970034785,0.32457142857142857,34584.142857142855
Snakebite Case,2025-01-12 01:00:00+00:00,0.35,42042,0.002865329512893977,0.13143872113676736,0.331,36058.42857142857
Snakebite Case,2025-01-13 01:00:00+00:00,0.342,26180,-0.022857142857142687,-0.3772893772893773,0.3368571428571428,35848.42857142857
Snakebite Case,2025-01-14 01:00:00+00:00,0.324,19004,-0.052631578947368474,-0.2741023682200153,0.33885714285714286,35035.142857142855
Snakebite Case,2025-01-15 01:00:00+00:00,0.322,26365,-0.006172839506172867,0.3873395074721111,0.33971428571428575,33004.42857142857
Snakebite Case,2025-01-16 01:00:00+00:00,0.325,20729,0.009316770186335477,-0.2137682533662052,0.3375714285714286,29302.428571428572
Snakebite Case,2025-01-17 01:00:00+00:00,0.327,19926,0.006153846153846176,-0.038737999903516784,0.3341428571428572,27343.428571428572
Snakebite Case,2025-01-18 01:00:00+00:00,0.324,21448,-0.00917431192660556,0.07638261567800853,0.33057142857142857,25099.14285714286
Snakebite Case,2025-01-19 01:00:00+00:00,0.322,29304,-0.006172839506172867,0.3662812383439016,0.32657142857142857,23279.428571428572
Snakebite Case,2025-01-20 01:00:00+00:00,0.321,32546,-0.0031055900621117516,0.11063336063336071,0.32357142857142857,24188.85714285714
Snakebite Case,2025-01-21 01:00:00+00:00,0.32,23074,-0.0031152647975077885,-0.29103422847661775,0.323,24770.285714285714
Snakebite Case,2025-01-22 01:00:00+00:00,0.326,23238,0.018750000000000044,0.0071075669584814705,0.32357142857142857,24323.571428571428
Snakebite Case,2025-01-23 01:00:00+00:00,0.331,20778,0.015337423312883347,-0.10586108959462948,0.3244285714285714,24330.571428571428
Snakebite Case,2025-01-24 01:00:00+00:00,0.328,19006,-0.009063444108761365,-0.08528251034748291,0.3245714285714286,24199.14285714286
Snakebite Case,2025-01-25 01:00:00+00:00,0.33,33156,0.0060975609756097615,0.744501736293802,0.32542857142857146,25871.714285714286
Snakebite Case,2025-01-26 01:00:00+00:00,0.331,24948,0.003030303030302939,-0.247557003257329,0.3267142857142857,25249.428571428572
Snakebite Case,2025-01-27 01:00:00+00:00,0.336,23552,0.015105740181268867,-0.055956389289722575,0.32885714285714285,23964.571428571428
Snakebite Case,2025-01-28 01:00:00+00:00,0.343,22640,0.02083333333333326,-0.03872282608695654,0.3321428571428572,23902.571428571428
Snakebite Case,2025-01-29 01:00:00+00:00,0.341,23479,-0.005830903790087438,0.03705830388692588,0.33428571428571435,23937.0
Snakebite Case,2025-01-30 01:00:00+00:00,0.337,21014,-0.011730205278592365,-0.10498743558073176,0.33514285714285713,23970.714285714286
Snakebite Case,2025-01-31 01:00:00+00:00,0.344,27498,0.020771513353115667,0.3085562006281526,0.33742857142857147,25183.85714285714
Snakebite Case,2025-02-01 01:00:00+00:00,0.353,28087,0.026162790697674465,0.021419739617426714,0.3407142857142857,24459.714285714286
Snakebite Case,2025-02-02 01:00:00+00:00,0.367,39925,0.03966005665722383,0.42147612774593224,0.3458571428571428,26599.285714285714
Snakebite Case,2025-02-03 01:00:00+00:00,0.389,23888,0.05994550408719346,-0.4016781465247339,0.3534285714285715,26647.285714285714
Snakebite Case,2025-02-04 01:00:00+00:00,0.385,21321,-0.010282776349614386,-0.10745981245813796,0.35942857142857143,26458.85714285714
Snakebite Case,2025-02-05 01:00:00+00:00,0.396,32790,0.028571428571428692,0.5379203602082454,0.36728571428571427,27789.0
Snakebite Case,2025-02-06 01:00:00+00:00,0.396,32215,0.0,-0.01753583409576087,0.3757142857142858,29389.14285714286
Snakebite Case,2025-02-07 01:00:00+00:00,0.395,26670,-0.002525252525252486,-0.17212478659009778,0.383,29270.85714285714
Snakebite Case,2025-02-08 01:00:00+00:00,0.396,26244,0.0025316455696202667,-0.015973003374578187,0.3891428571428572,29007.571428571428
Snakebite Case,2025-02-09 01:00:00+00:00,0.396,25455,0.0,-0.03006401463191588,0.3932857142857143,26940.428571428572
Snakebite Case,2025-02-10 01:00:00+00:00,0.398,22996,0.005050505050504972,-0.0966018463956001,0.3945714285714286,26813.0
Snakebite Case,2025-02-11 01:00:00+00:00,0.397,28336,-0.002512562814070307,0.23221429813880667,0.3962857142857143,27815.14285714286
Snakebite Case,2025-02-12 01:00:00+00:00,0.396,23053,-0.0025188916876573986,-0.18644127611518913,0.39628571428571435,26424.14285714286
Snakebite Case,2025-02-13 01:00:00+00:00,0.394,26291,-0.005050505050505083,0.14045894243699308,0.39599999999999996,25577.85714285714
Snakebite Case,2025-02-14 01:00:00+00:00,0.399,35710,0.012690355329949332,0.35825948043056566,0.3965714285714285,26869.285714285714
Snakebite Case,2025-02-15 01:00:00+00:00,0.403,31561,0.010025062656641603,-0.11618594231307755,0.3975714285714286,27628.85714285714
Snakebite Case,2025-02-16 01:00:00+00:00,0.406,33338,0.007444168734491274,0.05630366591679614,0.399,28755.0
Snakebite Case,2025-02-17 01:00:00+00:00,0.412,25729,0.01477832512315258,-0.2282380466734657,0.40099999999999997,29145.428571428572
Snakebite Case,2025-02-18 01:00:00+00:00,0.408,25724,-0.009708737864077666,-0.00019433324264450658,0.4025714285714286,28772.285714285714
Snakebite Case,2025-02-19 01:00:00+00:00,0.407,27259,-0.002450980392156854,0.05967190172601455,0.4041428571428571,29373.14285714286
Snakebite Case,2025-02-20 01:00:00+00:00,0.407,36452,0.0,0.3372464140283944,0.406,30824.714285714286
Snakebite Case,2025-02-21 01:00:00+00:00,0.412,44586,0.01228501228501222,0.2231427630857017,0.40785714285714286,32092.714285714286
Snakebite Case,2025-02-22 01:00:00+00:00,0.422,36340,0.024271844660194164,-0.18494594715830082,0.4105714285714286,32775.42857142857
Snakebite Case,2025-02-23 01:00:00+00:00,0.464,57907,0.09952606635071093,0.5934782608695652,0.4188571428571429,36285.28571428572
Snakebite Case,2025-02-24 01:00:00+00:00,0.478,38173,0.030172413793103425,-0.3407878149446526,0.4282857142857143,38063.0
Snakebite Case,2025-02-25 01:00:00+00:00,0.478,36527,0.0,-0.04311948235663954,0.4382857142857143,39606.28571428572
Snakebite Case,2025-02-26 01:00:00+00:00,0.471,29638,-0.014644351464435212,-0.18860021354066858,0.44742857142857145,39946.142857142855
Snakebite Case,2025-02-27 01:00:00+00:00,0.467,29031,-0.00849256900212303,-0.02048046426884409,0.456,38886.0
Snakebite Case,2025-02-28 01:00:00+00:00,0.456,27626,-0.02355460385438979,-0.04839654162791496,0.4622857142857143,36463.142857142855
Snakebite Case,2025-03-01 01:00:00+00:00,0.464,37928,0.01754385964912286,0.3729095779338305,0.4682857142857143,36690.0
Snakebite Case,2025-03-02 01:00:00+00:00,0.456,34267,-0.017241379310344862,-0.09652499472685083,0.46714285714285714,33312.857142857145
Snakebite Case,2025-03-03 01:00:00+00:00,0.437,39860,-0.04166666666666674,0.16321825663174483,0.46128571428571424,33553.857142857145
Snakebite Case,2025-03-04 01:00:00+00:00,0.436,27841,-0.0022883295194507935,-0.301530356246864,0.45528571428571435,32313.0
Snakebite Case,2025-03-05 01:00:00+00:00,0.428,29207,-0.01834862385321101,0.0490643295858626,0.4491428571428572,32251.428571428572
Snakebite Case,2025-03-06 01:00:00+00:00,0.428,27693,0.0,-0.051836888417160276,0.44357142857142856,32060.285714285714
Snakebite Case,2025-03-07 01:00:00+00:00,0.423,30136,-0.011682242990654235,0.088217239013469,0.4388571428571429,32418.85714285714
Snakebite Case,2025-03-08 01:00:00+00:00,0.428,36054,0.011820330969267046,0.1963764268648791,0.4337142857142857,32151.14285714286
Snakebite Case,2025-03-09 01:00:00+00:00,0.418,35005,-0.02336448598130847,-0.029095246019859133,0.42828571428571427,32256.571428571428
Snakebite Case,2025-03-10 01:00:00+00:00,0.403,30460,-0.03588516746411474,-0.12983859448650192,0.42342857142857143,30913.714285714286
Snakebite Case,2025-03-11 01:00:00+00:00,0.395,31340,-0.01985111662531014,0.028890347997373667,0.41757142857142854,31413.571428571428
Snakebite Case,2025-03-12 01:00:00+00:00,0.391,37075,-0.010126582278481067,0.1829929802169752,0.41228571428571426,32537.571428571428
Snakebite Case,2025-03-13 01:00:00+00:00,0.381,29883,-0.025575447570332477,-0.19398516520566422,0.4055714285714286,32850.42857142857
Snakebite Case,2025-03-14 01:00:00+00:00,0.366,34142,-0.03937007874015752,0.14252250443395909,0.3974285714285714,33422.71428571428
Snakebite Case,2025-03-15 01:00:00+00:00,0.373,36913,0.0191256830601092,0.0811610333313808,0.38957142857142857,33545.42857142857
Snakebite Case,2025-03-16 01:00:00+00:00,0.386,35612,0.034852546916890104,-0.03524503562430581,0.38500000000000006,33632.142857142855
Snakebite Case,2025-03-17 01:00:00+00:00,0.389,25847,0.007772020725388629,-0.27420532404807363,0.383,32973.142857142855
Snakebite Case,2025-03-18 01:00:00+00:00,0.388,21727,-0.0025706940874036244,-0.159399543467327,0.38200000000000006,31599.85714285714
Snakebite Case,2025-03-19 01:00:00+00:00,0.385,23550,-0.0077319587628865705,0.08390481888893997,0.38114285714285717,29667.714285714286
Snakebite Case,2025-03-20 01:00:00+00:00,0.371,27271,-0.036363636363636376,0.15800424628450105,0.3797142857142857,29294.571428571428
Snakebite Case,2025-03-21 01:00:00+00:00,0.368,29602,-0.008086253369272267,0.08547541344285148,0.37999999999999995,28646.0
Snakebite Case,2025-03-22 01:00:00+00:00,0.366,43549,-0.005434782608695676,0.4711505979325721,0.379,29594.0
Snakebite Case,2025-03-23 01:00:00+00:00,0.37,32591,0.010928961748633892,-0.2516246067647937,0.3767142857142857,29162.428571428572
Snakebite Case,2025-03-24 01:00:00+00:00,0.372,25396,0.00540540540540535,-0.22076646927065757,0.3742857142857143,29098.0
Snakebite Case,2025-03-25 01:00:00+00:00,0.374,25533,0.005376344086021501,0.005394550322885383,0.3722857142857143,29641.714285714286
Snakebite Case,2025-03-26 01:00:00+00:00,0.372,25517,-0.005347593582887722,-0.0006266400344652201,0.37042857142857144,29922.714285714286
Snakebite Case,2025-03-27 01:00:00+00:00,0.367,22822,-0.013440860215053752,-0.10561586393384803,0.36985714285714283,29287.14285714286
Snakebite Case,2025-03-28 01:00:00+00:00,0.369,24032,0.005449591280654031,0.05301901673823495,0.37000000000000005,28491.428571428572
Snakebite Case,2025-03-29 01:00:00+00:00,0.372,30593,0.008130081300812941,0.27301098535286283,0.3708571428571429,26640.571428571428
Snakebite Case,2025-03-30 01:00:00+00:00,0.376,30494,0.010752688172043001,-0.003236034386951303,0.3717142857142857,26341.0
Snakebite Case,2025-03-31 01:00:00+00:00,0.375,24034,-0.0026595744680850686,-0.21184495310552898,0.37214285714285716,26146.428571428572
Snakebite Case,2025-04-01 01:00:00+00:00,0.357,36218,-0.04800000000000004,0.5069484896396772,0.3697142857142857,27672.85714285714
Snakebite Case,2025-04-02 01:00:00+00:00,0.365,27204,0.022408963585434094,-0.2488817714948368,0.3687142857142857,27913.85714285714
Snakebite Case,2025-04-03 01:00:00+00:00,0.369,17369,0.010958904109588996,-0.36152771651227755,0.36900000000000005,27134.85714285714
Snakebite Case,2025-04-04 01:00:00+00:00,0.368,24248,-0.0027100271002710175,0.39605043468248025,0.36885714285714283,27165.714285714286
Snakebite Case,2025-04-05 01:00:00+00:00,0.366,26019,-0.005434782608695676,0.07303695150115463,0.368,26512.285714285714
Snakebite Case,2025-04-06 01:00:00+00:00,0.364,20542,-0.005464480874316946,-0.21050001921672623,0.36628571428571427,25090.571428571428
Snakebite Case,2025-04-07 01:00:00+00:00,0.367,18435,0.008241758241758212,-0.10257034368610651,0.36514285714285716,24290.714285714286
Snakebite Case,2025-04-08 01:00:00+00:00,0.363,20492,-0.010899182561307952,0.11158123135340392,0.366,22044.14285714286
Snakebite Case,2025-04-09 01:00:00+00:00,0.362,20110,-0.0027548209366391463,-0.018641421042357997,0.3655714285714286,21030.714285714286
Snakebite Case,2025-04-10 01:00:00+00:00,0.367,17918,0.013812154696132506,-0.10900049726504224,0.36528571428571427,21109.14285714286
Snakebite Case,2025-04-11 01:00:00+00:00,0.372,26976,0.013623978201634968,0.5055251702198906,0.3658571428571428,21498.85714285714
Snakebite Case,2025-04-12 01:00:00+00:00,0.379,22954,0.018817204301075252,-0.14909549228944252,0.3677142857142857,21061.0
Snakebite Case,2025-04-13 01:00:00+00:00,0.385,23374,0.0158311345646438,0.018297464494205773,0.37071428571428566,21465.571428571428
Snakebite Case,2025-04-14 01:00:00+00:00,0.384,18589,-0.0025974025974025983,-0.20471464019851116,0.37314285714285716,21487.571428571428
Snakebite Case,2025-04-15 01:00:00+00:00,0.388,19585,0.01041666666666674,0.05358007423745215,0.3767142857142857,21358.0
Snakebite Case,2025-04-16 01:00:00+00:00,0.395,21134,0.018041237113401998,0.07909114117947413,0.3814285714285714,21504.285714285714
Snakebite Case,2025-04-17 01:00:00+00:00,0.401,20283,0.0151898734177216,-0.04026686855304251,0.38628571428571423,21842.14285714286
Snakebite Case,2025-04-18 01:00:00+00:00,0.4,17830,-0.0024937655860348684,-0.12093871715229498,0.3902857142857143,20535.571428571428
Snakebite Case,2025-04-19 01:00:00+00:00,0.403,17530,0.007500000000000062,-0.016825574873808202,0.39371428571428574,19760.714285714286
Snakebite Case,2025-04-20 01:00:00+00:00,0.41,25615,0.017369727047146233,0.4612093553907588,0.3972857142857143,20080.85714285714
Snakebite Case,2025-04-21 01:00:00+00:00,0.416,17834,0.014634146341463428,-0.3037673238336912,0.4018571428571428,19973.0
Snakebite Case,2025-04-22 01:00:00+00:00,0.409,18242,-0.016826923076923128,0.022877649433665992,0.40485714285714286,19781.14285714286
Snakebite Case,2025-04-23 01:00:00+00:00,0.388,15342,-0.05134474327628358,-0.15897379673281442,0.40385714285714286,18953.714285714286
Snakebite Case,2025-04-24 01:00:00+00:00,0.381,20905,-0.01804123711340211,0.3625994003389388,0.4010000000000001,19042.571428571428
Snakebite Case,2025-04-25 01:00:00+00:00,0.386,21245,0.013123359580052396,0.016264051662281842,0.39899999999999997,19530.428571428572
Snakebite Case,2025-04-26 01:00:00+00:00,0.385,18615,-0.002590673575129543,-0.12379383384325726,0.3964285714285714,19685.428571428572
Snakebite Case,2025-04-27 01:00:00+00:00,0.398,19896,0.03376623376623389,0.06881547139403699,0.3947142857142857,18868.428571428572
Snakebite Case,2025-04-28 01:00:00+00:00,0.404,16913,0.015075376884422065,-0.14992963409730597,0.39300000000000007,18736.85714285714
Snakebite Case,2025-04-29 01:00:00+00:00,0.398,21865,-0.014851485148514865,0.29279252645893683,0.39142857142857146,19254.428571428572
Snakebite Case,2025-04-30 01:00:00+00:00,0.407,24279,0.022613065326632986,0.11040475646009607,0.39414285714285713,20531.14285714286
Snakebite Case,2025-05-01 01:00:00+00:00,0.413,22039,0.014742014742014753,-0.09226080151571314,0.39871428571428574,20693.14285714286
Snakebite Case,2025-05-02 01:00:00+00:00,0.429,34293,0.03874092009685226,0.5560143382186125,0.40485714285714286,22557.14285714286
Snakebite Case,2025-05-03 01:00:00+00:00,0.453,33071,0.05594405594405605,-0.035634094421602036,0.4145714285714286,24622.285714285714
Snakebite Case,2025-05-04 01:00:00+00:00,0.495,49612,0.0927152317880795,0.5001663088506547,0.42842857142857144,28867.428571428572
Snakebite Case,2025-05-05 01:00:00+00:00,0.497,36779,0.004040404040404066,-0.2586672579214706,0.44171428571428567,31705.428571428572
Snakebite Case,2025-05-06 01:00:00+00:00,0.499,34596,0.004024144869215318,-0.05935452296147259,0.4561428571428571,33524.142857142855
Snakebite Case,2025-05-07 01:00:00+00:00,0.481,25244,-0.03607214428857719,-0.2703202682391028,0.46671428571428575,33662.0
Snakebite Case,2025-05-08 01:00:00+00:00,0.482,25864,0.0020790020790020236,0.024560291554428737,0.47657142857142853,34208.42857142857
Snakebite Case,2025-05-09 01:00:00+00:00,0.474,24849,-0.016597510373444035,-0.03924373646767709,0.48300000000000004,32859.28571428572
Snakebite Case,2025-05-10 01:00:00+00:00,0.477,22649,0.006329113924050667,-0.08853474988933152,0.4864285714285714,31370.428571428572
Snakebite Case,2025-05-11 01:00:00+00:00,0.483,20126,0.012578616352201255,-0.11139564660691426,0.4847142857142857,27158.14285714286
Snakebite Case,2025-05-12 01:00:00+00:00,0.482,23287,-0.0020703933747412417,0.15706051873198845,0.4825714285714286,25230.714285714286
Snakebite Case,2025-05-13 01:00:00+00:00,0.479,19967,-0.006224066390041472,-0.1425688152187916,0.4797142857142857,23140.85714285714
Snakebite Case,2025-05-14 01:00:00+00:00,0.484,19447,0.010438413361169019,-0.02604297090198826,0.4801428571428571,22312.714285714286
Snakebite Case,2025-05-15 01:00:00+00:00,0.485,19055,0.0020661157024792765,-0.020157350748187364,0.48057142857142854,21340.0
Snakebite Case,2025-05-16 01:00:00+00:00,0.485,23154,0.0,0.21511414326948297,0.4821428571428571,21097.85714285714
Snakebite Case,2025-05-17 01:00:00+00:00,0.488,25755,0.006185567010309256,0.11233480176211463,0.48371428571428565,21541.571428571428
Snakebite Case,2025-05-18 01:00:00+00:00,0.497,27755,0.018442622950819665,0.07765482430596005,0.48571428571428565,22631.428571428572
Snakebite Case,2025-05-19 01:00:00+00:00,0.509,17360,0.024144869215291687,-0.3745271122320303,0.4895714285714286,21784.714285714286
Snakebite Case,2025-05-20 01:00:00+00:00,0.507,23020,-0.003929273084479323,0.32603686635944706,0.4935714285714286,22220.85714285714
Snakebite Case,2025-05-21 01:00:00+00:00,0.509,22133,0.0039447731755424265,-0.038531711555169434,0.49714285714285716,22604.571428571428
Snakebite Case,2025-05-22 01:00:00+00:00,0.514,18232,0.00982318271119853,-0.17625265440744586,0.5012857142857142,22487.0
Snakebite Case,2025-05-23 01:00:00+00:00,0.493,31448,-0.040856031128404746,0.7248793330408074,0.5024285714285714,23671.85714285714
Snakebite Case,2025-05-24 01:00:00+00:00,0.492,20807,-0.0020283975659228792,-0.338368099720173,0.503,22965.0
Snakebite Case,2025-05-25 01:00:00+00:00,0.494,22417,0.004065040650406582,0.07737780554621043,0.5025714285714286,22202.428571428572
Snakebite Case,2025-05-26 01:00:00+00:00,0.496,20398,0.004048582995951344,-0.09006557523308201,0.5007142857142857,22636.428571428572
Snakebite Case,2025-05-27 01:00:00+00:00,0.501,16351,0.010080645161290258,-0.198401804098441,0.4998571428571429,21683.714285714286
Snakebite Case,2025-05-28 01:00:00+00:00,0.506,21954,0.009980039920159722,0.3426701730780992,0.49942857142857144,21658.14285714286
Snakebite Case,2025-05-29 01:00:00+00:00,0.516,22961,0.01976284584980248,0.045868634417418175,0.4997142857142857,22333.714285714286
Snakebite Case,2025-05-30 01:00:00+00:00,0.531,35080,0.029069767441860517,0.5278080222986803,0.5051428571428571,22852.571428571428
Snakebite Case,2025-05-31 01:00:00+00:00,0.565,38428,0.06403013182674178,0.09543899657924748,0.5155714285714286,25369.85714285714
Snakebite Case,2025-06-01 01:00:00+00:00,0.604,35941,0.06902654867256652,-0.06471843447486203,0.5312857142857143,27301.85714285714
Snakebite Case,2025-06-02 01:00:00+00:00,0.627,33458,0.038079470198675525,-0.06908544559138585,0.55,29167.571428571428
Snakebite Case,2025-06-03 01:00:00+00:00,0.648,28666,0.03349282296650724,-0.14322434096479164,0.571,30926.85714285714
Snakebite Case,2025-06-04 01:00:00+00:00,0.636,22753,-0.01851851851851849,-0.20627223888927648,0.5895714285714285,31041.0
Snakebite Case,2025-06-05 01:00:00+00:00,0.636,22394,0.0,-0.01577813914648618,0.6067142857142857,30960.0
Snakebite Case,2025-06-06 01:00:00+00:00,0.617,16578,-0.029874213836478036,-0.2597124229704385,0.619,28316.85714285714
Snakebite Case,2025-06-07 01:00:00+00:00,0.625,19038,0.01296596434359798,0.148389431777054,0.6275714285714286,25546.85714285714
Snakebite Case,2025-06-08 01:00:00+00:00,0.643,22412,0.028799999999999937,0.17722449837167775,0.6331428571428572,23614.14285714286
Snakebite Case,2025-06-09 01:00:00+00:00,0.632,17519,-0.017107309486780742,-0.21832054256648226,0.6338571428571429,21337.14285714286
Snakebite Case,2025-06-10 01:00:00+00:00,0.63,19815,-0.0031645569620253333,0.13105770877333178,0.6312857142857143,20072.714285714286
Snakebite Case,2025-06-11 01:00:00+00:00,0.627,23190,-0.004761904761904745,0.17032551097653292,0.63,20135.14285714286
Snakebite Case,2025-06-12 01:00:00+00:00,0.62,20490,-0.011164274322169043,-0.11642949547218628,0.6277142857142858,19863.14285714286
Snakebite Case,2025-06-13 01:00:00+00:00,0.615,22875,-0.008064516129032251,0.11639824304538804,0.6274285714285714,20762.714285714286
Snakebite Case,2025-06-14 01:00:00+00:00,0.61,18451,-0.008130081300813052,-0.19339890710382512,0.6252857142857142,20678.85714285714
Snakebite Case,2025-06-15 01:00:00+00:00,0.614,18386,0.006557377049180246,-0.0035228442902823787,0.6211428571428571,20103.714285714286
Snakebite Case,2025-06-16 01:00:00+00:00,0.612,16486,-0.0032573289902280145,-0.10333949744370718,0.6182857142857143,19956.14285714286
Snakebite Case,2025-06-17 01:00:00+00:00,0.606,20094,-0.009803921568627416,0.21885235957782356,0.6148571428571429,19996.0
Snakebite Case,2025-06-18 01:00:00+00:00,0.614,19725,0.013201320132013139,-0.018363690653926512,0.6130000000000001,19501.0
Snakebite Case,2025-06-19 01:00:00+00:00,0.623,21287,0.014657980456026065,0.0791888466413182,0.6134285714285713,19614.85714285714
Snakebite Case,2025-06-20 01:00:00+00:00,0.631,22741,0.01284109149277679,0.06830459905106401,0.6157142857142858,19595.714285714286
Snakebite Case,2025-06-21 01:00:00+00:00,0.635,21137,0.006339144215530945,-0.07053339782771206,0.6192857142857143,19979.428571428572
Snakebite Case,2025-06-22 01:00:00+00:00,0.631,20121,-0.006299212598425252,-0.04806737001466621,0.6217142857142858,20227.285714285714
Snakebite Case,2025-06-23 01:00:00+00:00,0.629,20283,-0.0031695721077654726,0.008051289697331043,0.6241428571428571,20769.714285714286
Snakebite Case,2025-06-24 01:00:00+00:00,0.64,18195,0.01748807631160565,-0.10294335157521073,0.6289999999999999,20498.428571428572
Snakebite Case,2025-06-25 01:00:00+00:00,0.642,17910,0.0031250000000000444,-0.015663643858202847,0.633,20239.14285714286
Snakebite Case,2025-06-26 01:00:00+00:00,0.645,21313,0.004672897196261738,0.19000558347292018,0.636142857142857,20242.85714285714
Snakebite Case,2025-06-27 01:00:00+00:00,0.651,20517,0.009302325581395321,-0.03734809740533951,0.639,19925.14285714286
Snakebite Case,2025-06-28 01:00:00+00:00,0.658,18644,0.010752688172043001,-0.09129014963201243,0.6422857142857143,19569.0
Snakebite Case,2025-06-29 01:00:00+00:00,0.696,36257,0.05775075987841927,0.9447007080025747,0.6515714285714286,21874.14285714286
Snakebite Case,2025-06-30 01:00:00+00:00,0.747,24715,0.07327586206896552,-0.31833852773257576,0.6684285714285715,22507.285714285714
Snakebite Case,2025-07-01 01:00:00+00:00,0.782,27509,0.04685408299866145,0.1130487558163058,0.6887142857142858,23837.85714285714
Snakebite Case,2025-07-02 01:00:00+00:00,0.816,34240,0.04347826086956519,0.24468355810825537,0.7135714285714286,26170.714285714286
Snakebite Case,2025-07-03 01:00:00+00:00,0.819,36694,0.003676470588235281,0.07167056074766354,0.7384285714285713,28368.0
Snakebite Case,2025-07-04 01:00:00+00:00,0.86,29998,0.050061050061050105,-0.18248214967024579,0.7682857142857143,29722.428571428572
Snakebite Case,2025-07-05 01:00:00+00:00,0.877,34032,0.019767441860465196,0.13447563170878052,0.7995714285714286,31920.714285714286
Snakebite Case,2025-07-06 01:00:00+00:00,0.914,32794,0.04218928164196134,-0.036377527033380375,0.8307142857142856,31426.0
Snakebite Case,2025-07-07 01:00:00+00:00,0.914,23760,0.0,-0.27547722144294684,0.8545714285714284,31289.571428571428
Snakebite Case,2025-07-08 01:00:00+00:00,0.861,25813,-0.057986870897155374,0.08640572390572387,0.8658571428571429,31047.285714285714
Snakebite Case,2025-07-09 01:00:00+00:00,0.848,23714,-0.015098722415795574,-0.0813156161623988,0.8704285714285714,29543.571428571428
Snakebite Case,2025-07-10 01:00:00+00:00,0.848,21097,0.0,-0.11035675128616007,0.8745714285714286,27315.428571428572
Snakebite Case,2025-07-11 01:00:00+00:00,0.884,23870,0.04245283018867929,0.13144048916907614,0.8780000000000001,26440.0
Snakebite Case,2025-07-12 01:00:00+00:00,0.917,30385,0.03733031674208154,0.27293674067867624,0.8837142857142857,25919.0
Snakebite Case,2025-07-13 01:00:00+00:00,0.919,25925,0.0021810250817884125,-0.14678295211453019,0.8844285714285715,24937.714285714286
Snakebite Case,2025-07-14 01:00:00+00:00,0.905,23659,-0.015233949945593017,-0.0874059787849566,0.8831428571428571,24923.285714285714
Snakebite Case,2025-07-15 01:00:00+00:00,0.902,22484,-0.0033149171270718814,-0.04966397565408509,0.889,24447.714285714286
Snakebite Case,2025-07-16 01:00:00+00:00,0.903,27343,0.0011086474501109667,0.21610923323252096,0.8968571428571429,24966.14285714286
Snakebite Case,2025-07-17 01:00:00+00:00,0.87,23852,-0.03654485049833889,-0.1276743590681344,0.9,25359.714285714286
Snakebite Case,2025-07-18 01:00:00+00:00,0.894,29247,0.02758620689655178,0.22618648331376834,0.9014285714285714,26127.85714285714
Snakebite Case,2025-07-19 01:00:00+00:00,0.93,38596,0.04026845637583887,0.31965671692823205,0.9032857142857144,27300.85714285714
Snakebite Case,2025-07-20 01:00:00+00:00,0.97,31794,0.043010752688172005,-0.17623587936573737,0.9105714285714287,28139.285714285714
Snakebite Case,2025-07-21 01:00:00+00:00,0.941,34026,-0.02989690721649485,0.07020192489148891,0.9157142857142857,29620.285714285714
Snakebite Case,2025-07-22 01:00:00+00:00,0.924,24702,-0.018065887353878707,-0.2740257450185153,0.9188571428571429,29937.14285714286
Snakebite Case,2025-07-23 01:00:00+00:00,0.907,21212,-0.018398268398268414,-0.14128410655007695,0.9194285714285714,29061.285714285714
Snakebite Case,2025-07-24 01:00:00+00:00,0.92,24781,0.014332965821389099,0.16825381859324917,0.9265714285714287,29194.0
Snakebite Case,2025-07-25 01:00:00+00:00,0.923,20860,0.003260869565217428,-0.15822606028812392,0.9307142857142858,27995.85714285714
Snakebite Case,2025-07-26 01:00:00+00:00,0.931,20675,0.008667388949079147,-0.00886864813039312,0.9308571428571428,25435.714285714286
Snakebite Case,2025-07-27 01:00:00+00:00,0.916,21450,-0.01611170784103111,0.037484885126964906,0.9231428571428572,23958.0
Snakebite Case,2025-07-28 01:00:00+00:00,0.905,26196,-0.012008733624454204,0.22125874125874123,0.918,22839.428571428572
Snakebite Case,2025-07-29 01:00:00+00:00,0.896,21235,-0.009944751381215533,-0.18938005802412583,0.9139999999999999,22344.14285714286
Snakebite Case,2025-07-30 01:00:00+00:00,0.878,23506,-0.0200892857142857,0.10694607958558988,0.9098571428571428,22671.85714285714
Snakebite Case,2025-07-31 01:00:00+00:00,0.878,24947,0.0,0.061303496979494554,0.9038571428571428,22695.571428571428
Snakebite Case,2025-08-01 01:00:00+00:00,0.886,26707,0.009111617312072884,0.07054956507796528,0.8985714285714286,23530.85714285714
Snakebite Case,2025-08-02 01:00:00+00:00,0.893,29433,0.007900677200902928,0.10207061818998775,0.8931428571428571,24782.0
Snakebite Case,2025-08-03 01:00:00+00:00,0.911,28232,0.02015677491601342,-0.04080453912275339,0.8924285714285716,25750.85714285714
Snakebite Case,2025-08-04 01:00:00+00:00,0.911,20973,0.0,-0.25711958061773876,0.8932857142857143,25004.714285714286
Snakebite Case,2025-08-05 01:00:00+00:00,0.905,18213,-0.00658616904500553,-0.1315977685595766,0.8945714285714287,24573.0
Snakebite Case,2025-08-06 01:00:00+00:00,0.902,21732,-0.0033149171270718814,0.19321363860978424,0.898,24319.571428571428
Snakebite Case,2025-08-07 01:00:00+00:00,0.904,19808,0.0022172949002217113,-0.08853303883673846,0.9017142857142858,23585.428571428572
Snakebite Case,2025-08-08 01:00:00+00:00,0.909,18645,0.005530973451327359,-0.05871365105008075,0.905,22433.714285714286
Snakebite Case,2025-08-09 01:00:00+00:00,0.906,18740,-0.0033003300330033403,0.005095199785465354,0.9068571428571429,20906.14285714286
Snakebite Case,2025-08-10 01:00:00+00:00,0.904,16107,-0.002207505518763808,-0.1405016008537887,0.9058571428571429,19174.0
Snakebite Case,2025-08-11 01:00:00+00:00,0.912,15084,0.008849557522123908,-0.06351275842801263,0.906,18332.714285714286
Snakebite Case,2025-08-12 01:00:00+00:00,0.914,13070,0.002192982456140413,-0.1335189604879342,0.9072857142857143,17598.0
Snakebite Case,2025-08-13 01:00:00+00:00,0.911,19476,-0.003282275711159688,0.4901300688599848,0.9085714285714286,17275.714285714286
Snakebite Case,2025-08-14 01:00:00+00:00,0.925,17234,0.015367727771679496,-0.11511604025467237,0.9115714285714286,16908.0
Snakebite Case,2025-08-15 01:00:00+00:00,0.921,20778,-0.00432432432432428,0.2056400139259602,0.9132857142857144,17212.714285714286
Snakebite Case,2025-08-16 01:00:00+00:00,0.922,15294,0.0010857763300760048,-0.2639330060641063,0.9155714285714286,16720.428571428572
Snakebite Case,2025-08-17 01:00:00+00:00,0.932,19012,0.010845986984815648,0.24310187001438477,0.9195714285714286,17135.428571428572
Snakebite Case,2025-08-18 01:00:00+00:00,0.93,17876,-0.0021459227467811592,-0.05975173574584469,0.9221428571428572,17534.285714285714
Snakebite Case,2025-08-19 01:00:00+00:00,0.935,17270,0.005376344086021501,-0.03390020138733496,0.9251428571428573,18134.285714285714
Snakebite Case,2025-08-20 01:00:00+00:00,0.934,19788,-0.0010695187165775666,0.14580196873190499,0.9284285714285714,18178.85714285714
Snakebite Case,2025-08-21 01:00:00+00:00,0.926,17218,-0.008565310492505307,-0.1298766929452193,0.9285714285714286,18176.571428571428
Snakebite Case,2025-08-22 01:00:00+00:00,0.929,19796,0.003239740820734305,0.14972702985248,0.9297142857142857,18036.285714285714
Snakebite Case,2025-08-23 01:00:00+00:00,0.932,19948,0.0032292787944026013,0.007678318852293309,0.9311428571428573,18701.14285714286
Snakebite Case,2025-08-24 01:00:00+00:00,0.923,17958,-0.00965665236051505,-0.09975937437337079,0.9298571428571429,18550.571428571428
Snakebite Case,2025-08-25 01:00:00+00:00,0.91,15407,-0.014084507042253502,-0.14205368081078074,0.9270000000000002,18197.85714285714
Snakebite Case,2025-08-26 01:00:00+00:00,0.913,17255,0.003296703296703285,0.11994547932757826,0.9238571428571428,18195.714285714286
Snakebite Case,2025-08-27 01:00:00+00:00,0.913,20633,0.0,0.19576934221964648,0.9208571428571429,18316.428571428572
Snakebite Case,2025-08-28 01:00:00+00:00,0.911,18773,-0.0021905805038334725,-0.09014685213008289,0.9187142857142858,18538.571428571428
Snakebite Case,2025-08-29 01:00:00+00:00,0.917,23002,0.00658616904500553,0.22527033505566507,0.917,18996.571428571428
Snakebite Case,2025-08-30 01:00:00+00:00,0.921,18936,0.004362050163576825,-0.17676723763151025,0.9154285714285714,18852.0
Snakebite Case,2025-08-31 01:00:00+00:00,0.912,17424,-0.009771986970684043,-0.07984790874524716,0.9138571428571429,18775.714285714286
Snakebite Case,2025-09-01 01:00:00+00:00,0.908,19373,-0.004385964912280715,0.11185720844811753,0.9135714285714285,19342.285714285714
Snakebite Case,2025-09-02 01:00:00+00:00,0.907,15366,-0.0011013215859030367,-0.20683425385846277,0.9127142857142857,19072.428571428572
Snakebite Case,2025-09-03 01:00:00+00:00,0.909,21399,0.0022050716648291946,0.39262007028504486,0.9121428571428571,19181.85714285714
Snakebite Case,2025-09-04 01:00:00+00:00,0.899,21413,-0.011001100110010986,0.0006542361792607476,0.9104285714285716,19559.0
Snakebite Case,2025-09-05 01:00:00+00:00,0.91,21068,0.012235817575083408,-0.01611170784103111,0.9094285714285714,19282.714285714286
Snakebite Case,2025-09-06 01:00:00+00:00,0.918,24642,0.00879120879120876,0.16964116195177525,0.909,20097.85714285714
Snakebite Case,2025-09-07 01:00:00+00:00,0.927,22278,0.009803921568627416,-0.09593377160944727,0.9111428571428571,20791.285714285714
Snakebite Case,2025-09-08 01:00:00+00:00,0.931,20933,0.004314994606256839,-0.06037346260885179,0.9144285714285715,21014.14285714286
Snakebite Case,2025-09-09 01:00:00+00:00,0.934,22807,0.0032223415682062218,0.08952371853054975,0.9182857142857144,22077.14285714286
Snakebite Case,2025-09-10 01:00:00+00:00,0.93,21898,-0.004282655246252709,-0.039856184504757364,0.9212857142857143,22148.428571428572
Snakebite Case,2025-09-11 01:00:00+00:00,0.907,29965,-0.02473118279569897,0.3683898072883369,0.9224285714285715,23370.14285714286
Snakebite Case,2025-09-12 01:00:00+00:00,0.891,28970,-0.01764057331863289,-0.033205406307358576,0.9197142857142858,24499.0
Snakebite Case,2025-09-13 01:00:00+00:00,0.892,35881,0.001122334455667895,0.23855712806351392,0.9160000000000001,26104.571428571428
Snakebite Case,2025-09-14 01:00:00+00:00,0.888,25979,-0.004484304932735439,-0.2759677823917951,0.9104285714285715,26633.285714285714
Snakebite Case,2025-09-15 01:00:00+00:00,0.889,23993,0.0011261261261261701,-0.07644636052196008,0.9044285714285714,27070.428571428572
Snakebite Case,2025-09-16 01:00:00+00:00,0.89,16360,0.0011248593925758943,-0.31813445588296585,0.8981428571428571,26149.428571428572
Snakebite Case,2025-09-17 01:00:00+00:00,0.873,23363,-0.019101123595505642,0.42805623471882637,0.89,26358.714285714286
Snakebite Case,2025-09-18 01:00:00+00:00,0.875,24838,0.002290950744558984,0.06313401532337459,0.8854285714285715,25626.285714285714
Snakebite Case,2025-09-19 01:00:00+00:00,0.841,29601,-0.03885714285714292,0.1917626217891939,0.8782857142857142,25716.428571428572
Snakebite Case,2025-09-20 01:00:00+00:00,0.858,29317,0.02021403091557672,-0.009594270463835652,0.8734285714285714,24778.714285714286
Snakebite Case,2025-09-21 01:00:00+00:00,0.831,23422,-0.03146853146853146,-0.2010778729065048,0.8652857142857142,24413.428571428572
Snakebite Case,2025-09-22 01:00:00+00:00,0.818,22608,-0.01564380264741272,-0.03475365041414058,0.8551428571428571,24215.571428571428
Snakebite Case,2025-09-23 01:00:00+00:00,0.788,25896,-0.03667481662591676,0.1454352441613589,0.8405714285714285,25577.85714285714
Snakebite Case,2025-09-24 01:00:00+00:00,0.765,28141,-0.02918781725888331,0.08669292554834729,0.8251428571428571,26260.428571428572
Snakebite Case,2025-09-25 01:00:00+00:00,0.767,25112,0.002614379084967311,-0.10763654454354854,0.8097142857142856,26299.571428571428
Snakebite Case,2025-09-26 01:00:00+00:00,0.78,26748,0.016949152542372836,0.06514813634915573,0.801,25892.0
Snakebite Case,2025-09-27 01:00:00+00:00,0.77,25497,-0.012820512820512886,-0.046769851951547814,0.7884285714285715,25346.285714285714
Snakebite Case,2025-09-28 01:00:00+00:00,0.778,21344,0.010389610389610393,-0.16288190767541277,0.7808571428571429,25049.428571428572
Snakebite Case,2025-09-29 01:00:00+00:00,0.782,25426,0.005141388174807249,0.19124812593703155,0.7757142857142857,25452.0
Snakebite Case,2025-09-30 01:00:00+00:00,0.75,29972,-0.04092071611253201,0.1787933611264061,0.7702857142857144,26034.285714285714
Snakebite Case,2025-10-01 01:00:00+00:00,0.731,22827,-0.02533333333333332,-0.23838916321900439,0.7654285714285713,25275.14285714286
Snakebite Case,2025-10-02 01:00:00+00:00,0.74,22579,0.012311901504787892,-0.010864327331668644,0.7615714285714287,24913.285714285714
Snakebite Case,2025-10-03 01:00:00+00:00,0.778,26927,0.05135135135135149,0.19256831569157185,0.7612857142857143,24938.85714285714
Snakebite Case,2025-10-04 01:00:00+00:00,0.82,24126,0.05398457583547556,-0.10402198536784635,0.7684285714285713,24743.0
Snakebite Case,2025-10-05 01:00:00+00:00,0.82,23074,0.0,-0.04360441017988892,0.7744285714285715,24990.14285714286
Snakebite Case,2025-10-06 01:00:00+00:00,0.827,19304,0.008536585365853666,-0.16338736239923723,0.7808571428571429,24115.571428571428
Snakebite Case,2025-10-07 01:00:00+00:00,0.821,17500,-0.00725513905683195,-0.09345213427268961,0.791,22333.85714285714
Snakebite Case,2025-10-08 01:00:00+00:00,0.823,21001,0.0024360535931791105,0.20005714285714293,0.804142857142857,22073.0
Snakebite Case,2025-10-09 01:00:00+00:00,0.825,16905,0.002430133657351119,-0.1950383315080234,0.8162857142857142,21262.428571428572
Snakebite Case,2025-10-10 01:00:00+00:00,0.828,22992,0.0036363636363636598,0.3600709849157053,0.8234285714285715,20700.285714285714
Snakebite Case,2025-10-11 01:00:00+00:00,0.83,21120,0.0024154589371980784,-0.08141962421711901,0.8248571428571428,20270.85714285714
Snakebite Case,2025-10-12 01:00:00+00:00,0.83,21835,0.0,0.03385416666666674,0.8262857142857143,20093.85714285714
Snakebite Case,2025-10-13 01:00:00+00:00,0.822,17509,-0.009638554216867434,-0.19812228074192806,0.8255714285714285,19837.428571428572
Snakebite Case,2025-10-14 01:00:00+00:00,0.815,16174,-0.008515815085158196,-0.07624650179907477,0.8247142857142856,19648.0
Snakebite Case,2025-10-15 01:00:00+00:00,0.815,23207,0.0,0.43483368368987274,0.8235714285714284,19963.14285714286
Snakebite Case,2025-10-16 01:00:00+00:00,0.828,20895,0.01595092024539868,-0.09962511311242295,0.824,20533.14285714286
Snakebite Case,2025-10-17 01:00:00+00:00,0.825,25255,-0.0036231884057971175,0.20866235941612832,0.8235714285714285,20856.428571428572
Snakebite Case,2025-10-18 01:00:00+00:00,0.828,28171,0.0036363636363636598,0.11546228469609976,0.8232857142857143,21863.714285714286
Snakebite Case,2025-10-19 01:00:00+00:00,0.83,23580,0.0024154589371980784,-0.16296901068474667,0.8232857142857142,22113.0
Snakebite Case,2025-10-20 01:00:00+00:00,0.846,22353,0.01927710843373487,-0.05203562340966916,0.8267142857142856,22805.0
Snakebite Case,2025-10-21 01:00:00+00:00,0.856,21875,0.011820330969267046,-0.021384154252225618,0.8325714285714285,23619.428571428572
Snakebite Case,2025-10-22 01:00:00+00:00,0.866,27617,0.011682242990654235,0.2624914285714286,0.839857142857143,24249.428571428572
Snakebite Case,2025-10-23 01:00:00+00:00,0.715,120924,-0.17436489607390304,3.3786073795126192,0.8237142857142857,38539.28571428572
Snakebite Case,2025-10-24 01:00:00+00:00,0.628,103777,-0.1216783216783216,-0.1417998081439582,0.7955714285714286,49756.71428571428
Snakebite Case,2025-10-25 01:00:00+00:00,0.697,62030,0.10987261146496818,-0.40227603418869307,0.7768571428571428,54593.71428571428
Snakebite Case,2025-10-26 01:00:00+00:00,0.706,39709,0.012912482065997155,-0.35984201192971144,0.7591428571428571,56897.857142857145
Snakebite Case,2025-10-27 01:00:00+00:00,0.679,32826,-0.03824362606232279,-0.17333601954216926,0.7352857142857143,58394.0
Snakebite Case,2025-10-28 01:00:00+00:00,0.637,30468,-0.061855670103092786,-0.07183330286967649,0.704,59621.57142857143
Snakebite Case,2025-10-29 01:00:00+00:00,0.599,29701,-0.05965463108320257,-0.025173952999868687,0.6658571428571428,59919.28571428572
Snakebite Case,2025-10-30 01:00:00+00:00,0.655,43578,0.09348914858096835,0.46722332581394577,0.6572857142857143,48869.857142857145
Snakebite Case,2025-10-31 01:00:00+00:00,0.695,38537,0.061068702290076216,-0.11567763550415344,0.6668571428571427,39549.857142857145
Snakebite Case,2025-11-01 01:00:00+00:00,0.707,35343,0.01726618705035965,-0.08288138671925682,0.6682857142857143,35737.42857142857
Snakebite Case,2025-11-02 01:00:00+00:00,0.77,34508,0.08910891089108919,-0.02362561186090595,0.6774285714285714,34994.42857142857
Snakebite Case,2025-11-03 01:00:00+00:00,0.811,21612,0.05324675324675332,-0.37371044395502495,0.6962857142857143,33392.42857142857
Snakebite Case,2025-11-04 01:00:00+00:00,0.791,24003,-0.024660912453760786,0.1106329816768461,0.7182857142857143,32468.85714285714
Snakebite Case,2025-11-05 01:00:00+00:00,0.763,24299,-0.03539823008849563,0.012331791859350849,0.7417142857142858,31697.14285714286
Snakebite Case,2025-11-06 01:00:00+00:00,0.776,20196,0.017038007863696025,-0.16885468537799908,0.759,28356.85714285714
Snakebite Case,2025-11-07 01:00:00+00:00,0.77,22280,-0.0077319587628865705,0.10318875024757368,0.7697142857142858,26034.428571428572
Snakebite Case,2025-11-08 01:00:00+00:00,0.762,21126,-0.010389610389610393,-0.05179533213644527,0.7775714285714285,24003.428571428572
Snakebite Case,2025-11-09 01:00:00+00:00,0.748,22373,-0.018372703412073532,0.05902679163116531,0.7744285714285715,22269.85714285714
Snakebite Case,2025-11-10 01:00:00+00:00,0.746,17423,-0.002673796791443861,-0.2212488267107674,0.7651428571428571,21671.428571428572
Snakebite Case,2025-11-11 01:00:00+00:00,0.723,17229,-0.030831099195710476,-0.011134706996498878,0.7554285714285714,20703.714285714286
Snakebite Case,2025-11-12 01:00:00+00:00,0.72,18019,-0.004149377593360981,0.04585292239828198,0.7492857142857143,19806.571428571428
Snakebite Case,2025-11-13 01:00:00+00:00,0.659,27440,-0.08472222222222214,0.5228370053832065,0.7325714285714285,20841.428571428572
Snakebite Case,2025-11-14 01:00:00+00:00,0.681,18520,0.03338391502276172,-0.3250728862973761,0.7198571428571429,20304.285714285714
Snakebite Case,2025-11-15 01:00:00+00:00,0.667,17368,-0.02055800293685761,-0.062203023758099385,0.7062857142857143,19767.428571428572
Snakebite Case,2025-11-16 01:00:00+00:00,0.677,16131,0.014992503748125996,-0.07122293873790875,0.6961428571428572,18875.714285714286
Snakebite Case,2025-11-17 01:00:00+00:00,0.669,14374,-0.011816838995568735,-0.10892071167317585,0.6851428571428572,18440.14285714286
Snakebite Case,2025-11-18 01:00:00+00:00,0.669,14017,0.0,-0.02483651036593848,0.6774285714285714,17981.285714285714
Snakebite Case,2025-11-19 01:00:00+00:00,0.652,12096,-0.025411061285500747,-0.13704787044303346,0.6677142857142858,17135.14285714286
Snakebite Case,2025-11-20 01:00:00+00:00,0.649,12083,-0.004601226993865004,-0.0010747354497354644,0.6662857142857144,14941.285714285714
Snakebite Case,2025-11-21 01:00:00+00:00,0.636,15673,-0.02003081664098616,0.2971116444591575,0.6598571428571429,14534.57142857143
Snakebite Case,2025-11-22 01:00:00+00:00,0.634,15782,-0.0031446540880503138,0.006954635360173489,0.6551428571428571,14308.0
Snakebite Case,2025-11-23 01:00:00+00:00,0.63,16093,-0.006309148264984188,0.01970599417057417,0.6484285714285714,14302.57142857143
Snakebite Case,2025-11-24 01:00:00+00:00,0.629,12421,-0.0015873015873015817,-0.22817374013546265,0.6427142857142857,14023.57142857143
Snakebite Case,2025-11-25 01:00:00+00:00,0.637,12070,0.012718600953895098,-0.02825859431607758,0.6381428571428571,13745.42857142857
Snakebite Case,2025-11-26 01:00:00+00:00,0.641,14945,0.006279434850863463,0.23819386909693452,0.6365714285714285,14152.42857142857
Snakebite Case,2025-11-27 01:00:00+00:00,0.661,17287,0.03120124804992197,0.1567079290732687,0.6382857142857142,14895.857142857143
Snakebite Case,2025-11-28 01:00:00+00:00,0.695,18287,0.05143721633888032,0.05784693700468568,0.6467142857142857,15269.285714285714
Snakebite Case,2025-11-29 01:00:00+00:00,0.725,19086,0.043165467625899234,0.0436922403893476,0.6597142857142856,15741.285714285714
Snakebite Case,2025-11-30 01:00:00+00:00,0.718,15479,-0.0096551724137931,-0.18898669181599081,0.6722857142857143,15653.57142857143
Snakebite Case,2025-12-01 01:00:00+00:00,0.745,13768,0.03760445682451263,-0.11053685638607147,0.6888571428571428,15846.0
Snakebite Case,2025-12-02 01:00:00+00:00,0.765,15340,0.02684563758389258,0.1141778036025567,0.7071428571428572,16313.142857142857
Snakebite Case,2025-12-03 01:00:00+00:00,0.789,17486,0.031372549019607954,0.13989569752281628,0.7282857142857143,16676.14285714286
Snakebite Case,2025-12-04 01:00:00+00:00,0.808,15071,0.02408111533586821,-0.1381104883907126,0.7492857142857143,16359.57142857143
Snakebite Case,2025-12-05 01:00:00+00:00,0.816,17439,0.009900990099009688,0.15712295136354593,0.7665714285714286,16238.42857142857
Snakebite Case,2025-12-06 01:00:00+00:00,0.814,16824,-0.002450980392156854,-0.035265783588508515,0.7792857142857142,15915.285714285714
Snakebite Case,2025-12-07 01:00:00+00:00,0.817,14452,0.0036855036855036882,-0.1409890632429862,0.7934285714285715,15768.57142857143
Snakebite Case,2025-12-08 01:00:00+00:00,0.807,15190,-0.012239902080783183,0.05106559645723774,0.8022857142857144,15971.714285714286
Snakebite Case,2025-12-09 01:00:00+00:00,0.804,14201,-0.0037174721189591198,-0.06510862409479923,0.8078571428571427,15809.0
Snakebite Case,2025-12-10 01:00:00+00:00,0.808,15131,0.004975124378109541,0.06548834589113439,0.8105714285714286,15472.57142857143
Snakebite Case,2025-12-11 01:00:00+00:00,0.796,14827,-0.014851485148514865,-0.020091203489524867,0.8088571428571428,15437.714285714286
Snakebite Case,2025-12-12 01:00:00+00:00,0.789,16640,-0.008793969849246186,0.12227692722735539,0.805,15323.57142857143
Snakebite Case,2025-12-13 01:00:00+00:00,0.787,15489,-0.0025348542458808465,-0.06917067307692304,0.8011428571428573,15132.857142857143
Snakebite Case,2025-12-14 01:00:00+00:00,0.804,15411,0.021601016518424387,-0.0050358318806895674,0.7992857142857144,15269.857142857143
Snakebite Case,2025-12-15 01:00:00+00:00,0.788,13312,-0.01990049751243783,-0.13620141457400559,0.7965714285714285,15001.57142857143
Snakebite Case,2025-12-16 01:00:00+00:00,0.772,14073,-0.020304568527918843,0.057166466346153744,0.792,14983.285714285714
Snakebite Case,2025-12-17 01:00:00+00:00,0.775,15259,0.0038860103626943143,0.08427485255453715,0.7872857142857143,15001.57142857143
Snakebite Case,2025-12-18 01:00:00+00:00,0.786,74937,0.014193548387096744,3.9110033422897965,0.7858571428571429,23588.714285714286
Snakebite Case,2025-12-19 01:00:00+00:00,0.963,98453,0.22519083969465647,0.3138102672911913,0.8107142857142857,35276.28571428572
Snakebite Case,2025-12-20 01:00:00+00:00,0.948,31333,-0.015576323987538943,-0.6817466202147218,0.8337142857142857,37539.71428571428
Snakebite Case,2025-12-21 01:00:00+00:00,0.929,28253,-0.020042194092826926,-0.09829891807359648,0.8515714285714285,39374.28571428572
Snakebite Case,2025-12-22 01:00:00+00:00,0.874,22073,-0.05920344456404736,-0.2187378331504619,0.863857142857143,40625.857142857145
Snakebite Case,2025-12-23 01:00:00+00:00,0.904,19852,0.034324942791762014,-0.10062066778417067,0.8827142857142858,41451.42857142857
Snakebite Case,2025-12-24 01:00:00+00:00,0.924,17488,0.022123893805309658,-0.1190812008865606,0.9039999999999999,41769.857142857145
Snakebite Case,2025-12-25 01:00:00+00:00,0.942,18225,0.01948051948051943,0.04214318389752969,0.9262857142857143,33668.142857142855
Snakebite Case,2025-12-26 01:00:00+00:00,0.934,22476,-0.00849256900212303,0.23325102880658433,0.9221428571428572,22814.285714285714
Snakebite Case,2025-12-27 01:00:00+00:00,0.929,21122,-0.005353319057815886,-0.06024203594945721,0.9194285714285714,21355.571428571428
Snakebite Case,2025-12-28 01:00:00+00:00,0.916,24655,-0.013993541442411161,0.1672663573525235,0.9175714285714286,20841.571428571428
Snakebite Case,2025-12-29 01:00:00+00:00,0.9,16418,-0.017467248908296984,-0.33409044818495237,0.9212857142857143,20033.714285714286
Snakebite Case,2025-12-30 01:00:00+00:00,0.891,17980,-0.010000000000000009,0.09513948105737602,0.9194285714285714,19766.285714285714
Snakebite Case,2025-12-31 01:00:00+00:00,0.896,19744,0.0056116722783390305,0.09810901001112349,0.9154285714285715,20088.571428571428
Snakebite Case,2026-01-01 01:00:00+00:00,0.889,19761,-0.0078125,0.0008610210696919918,0.9078571428571429,20308.0
Snakebite Case,2026-01-02 01:00:00+00:00,0.882,17936,-0.007874015748031482,-0.09235362582865236,0.9004285714285715,19659.428571428572
Snakebite Case,2026-01-03 01:00:00+00:00,0.872,18856,-0.0113378684807256,0.05129348795718114,0.8922857142857143,19335.714285714286
Snakebite Case,2026-01-04 01:00:00+00:00,0.869,21257,-0.0034403669724770714,0.12733347475604573,0.8855714285714286,18850.285714285714
Snakebite Case,2026-01-05 01:00:00+00:00,0.86,13520,-0.010356731875719172,-0.36397422025685655,0.8798571428571428,18436.285714285714
Snakebite Case,2026-01-06 01:00:00+00:00,0.869,17577,0.010465116279069875,0.3000739644970414,0.8767142857142858,18378.714285714286
Snakebite Case,2026-01-07 01:00:00+00:00,0.869,15455,0.0,-0.12072594868293796,0.8728571428571429,17766.0
Snakebite Case,2026-01-08 01:00:00+00:00,0.865,16227,-0.004602991944764101,0.049951472015528964,0.8694285714285714,17261.14285714286
Snakebite Case,2026-01-09 01:00:00+00:00,0.859,15391,-0.006936416184971095,-0.05151907314968884,0.8661428571428572,16897.571428571428
Snakebite Case,2026-01-10 01:00:00+00:00,0.869,21160,0.011641443538998875,0.3748294457800012,0.8657142857142858,17226.714285714286
Snakebite Case,2026-01-11 01:00:00+00:00,0.87,17160,0.0011507479861909697,-0.18903591682419663,0.8658571428571429,16641.428571428572
Snakebite Case,2026-01-12 01:00:00+00:00,0.857,13712,-0.014942528735632177,-0.20093240093240095,0.8654285714285714,16668.85714285714
Snakebite Case,2026-01-13 01:00:00+00:00,0.855,12085,-0.002333722287047868,-0.11865519253208867,0.8634285714285713,15884.285714285714
Snakebite Case,2026-01-14 01:00:00+00:00,0.857,12117,0.002339181286549641,0.0026479106330161706,0.8617142857142858,15407.42857142857
Snakebite Case,2026-01-15 01:00:00+00:00,0.858,13128,0.001166861143523823,0.08343649418172805,0.8607142857142857,14964.714285714286
Snakebite Case,2026-01-16 01:00:00+00:00,0.865,13490,0.00815850815850827,0.027574649603899992,0.8615714285714285,14693.142857142857
Snakebite Case,2026-01-17 01:00:00+00:00,0.864,16083,-0.0011560693641619046,0.19221645663454412,0.8608571428571429,13967.857142857143
Snakebite Case,2026-01-18 01:00:00+00:00,0.867,15857,0.003472222222222321,-0.014052104706833268,0.8604285714285714,13781.714285714286
Snakebite Case,2026-01-19 01:00:00+00:00,0.865,14474,-0.0023068050749711633,-0.08721700195497262,0.8615714285714287,13890.57142857143
Snakebite Case,2026-01-20 01:00:00+00:00,0.869,15714,0.0046242774566473965,0.0856708580903689,0.8635714285714285,14409.0
Snakebite Case,2026-01-21 01:00:00+00:00,0.873,13808,0.004602991944764101,-0.12129311442026214,0.8658571428571429,14650.57142857143
Snakebite Case,2026-01-22 01:00:00+00:00,0.851,13855,-0.025200458190148933,0.0034038238702200907,0.8648571428571429,14754.42857142857
Snakebite Case,2026-01-23 01:00:00+00:00,0.857,15326,0.007050528789659172,0.1061710573800072,0.8637142857142857,15016.714285714286
Snakebite Case,2026-01-24 01:00:00+00:00,0.863,15715,0.007001166861143604,0.025381704293357732,0.8635714285714285,14964.142857142857
Snakebite Case,2026-01-25 01:00:00+00:00,0.858,15950,-0.005793742757821518,0.014953865733375649,0.8622857142857142,14977.42857142857
Snakebite Case,2026-01-26 01:00:00+00:00,0.866,15261,0.00932400932400923,-0.04319749216300939,0.8624285714285714,15089.857142857143
Snakebite Case,2026-01-27 01:00:00+00:00,0.855,13074,-0.012702078521939941,-0.14330646746609,0.8604285714285714,14712.714285714286
Snakebite Case,2026-01-28 01:00:00+00:00,0.846,13099,-0.010526315789473717,0.001912192137065949,0.8565714285714285,14611.42857142857
Snakebite Case,2026-01-29 01:00:00+00:00,0.846,13963,0.0,0.06595923352927713,0.8558571428571428,14626.857142857143
Snakebite Case,2026-01-30 01:00:00+00:00,0.849,18167,0.0035460992907800915,0.3010814294922295,0.8547142857142858,15032.714285714286
Snakebite Case,2026-01-31 01:00:00+00:00,0.853,19727,0.004711425206124886,0.08586998403699009,0.8532857142857143,15605.857142857143
Snakebite Case,2026-02-01 01:00:00+00:00,0.847,16178,-0.007033997655334079,-0.17990571298220714,0.8517142857142856,15638.42857142857
Snakebite Case,2026-02-02 01:00:00+00:00,0.831,12809,-0.018890200708382543,-0.20824576585486465,0.8467142857142856,15288.142857142857
Snakebite Case,2026-02-03 01:00:00+00:00,0.824,13834,-0.008423586040914532,0.08002185962994779,0.8422857142857143,15396.714285714286
Snakebite Case,2026-02-04 01:00:00+00:00,0.825,12665,0.0012135922330096527,-0.08450195171317043,0.8392857142857143,15334.714285714286
Snakebite Case,2026-02-05 01:00:00+00:00,0.821,13019,-0.00484848484848488,0.027951046190288098,0.8357142857142856,15199.857142857143
Snakebite Case,2026-02-06 01:00:00+00:00,0.824,15599,0.0036540803897686658,0.19817190260388662,0.8321428571428571,14833.0
Snakebite Case,2026-02-07 01:00:00+00:00,0.833,15480,0.010922330097087318,-0.007628694147060688,0.8292857142857143,14226.285714285714
Snakebite Case,2026-02-08 01:00:00+00:00,0.84,15563,0.008403361344537785,0.005361757105943221,0.8282857142857143,14138.42857142857
Snakebite Case,2026-02-09 01:00:00+00:00,0.841,14357,0.0011904761904761862,-0.07749148621731028,0.8297142857142857,14359.57142857143
Snakebite Case,2026-02-10 01:00:00+00:00,0.836,11343,-0.005945303210463715,-0.20993243713867804,0.8314285714285715,14003.714285714286
Snakebite Case,2026-02-11 01:00:00+00:00,0.834,12731,-0.0023923444976076125,0.12236621705016315,0.8327142857142856,14013.142857142857
Snakebite Case,2026-02-12 01:00:00+00:00,0.815,14044,-0.0227817745803357,0.10313408216165265,0.8318571428571427,14159.57142857143
Snakebite Case,2026-02-13 01:00:00+00:00,0.817,15250,0.0024539877300613355,0.08587297066362853,0.8308571428571428,14109.714285714286
Snakebite Case,2026-02-14 01:00:00+00:00,0.827,15743,0.012239902080783294,0.032327868852459085,0.83,14147.285714285714
Snakebite Case,2026-02-15 01:00:00+00:00,0.843,14703,0.0193470374848852,-0.06606110652353425,0.8304285714285714,14024.42857142857
Snakebite Case,2026-02-16 01:00:00+00:00,0.841,14268,-0.0023724792408066353,-0.029585798816568087,0.8304285714285714,14011.714285714286
Snakebite Case,2026-02-17 01:00:00+00:00,0.826,13844,-0.017835909631391256,-0.029716848892626824,0.829,14369.0
Snakebite Case,2026-02-18 01:00:00+00:00,0.82,14559,-0.007263922518159771,0.05164692285466632,0.827,14630.142857142857
Snakebite Case,2026-02-19 01:00:00+00:00,0.82,15819,0.0,0.0865444055223572,0.8277142857142857,14883.714285714286
Snakebite Case,2026-02-20 01:00:00+00:00,0.818,17303,-0.0024390243902439046,0.093811239648524,0.8278571428571428,15177.0
Snakebite Case,2026-02-21 01:00:00+00:00,0.834,18937,0.019559902200489088,0.09443449112870606,0.8288571428571428,15633.285714285714
Snakebite Case,2026-02-22 01:00:00+00:00,0.846,16502,0.014388489208633004,-0.12858425304958543,0.8292857142857143,15890.285714285714
Snakebite Case,2026-02-23 01:00:00+00:00,0.847,15341,0.0011820330969267712,-0.07035510847170034,0.8301428571428572,16043.57142857143
Snakebite Case,2026-02-24 01:00:00+00:00,0.832,13448,-0.017709563164108655,-0.12339482432696691,0.8310000000000001,15987.0
Snakebite Case,2026-02-25 01:00:00+00:00,0.839,15859,0.008413461538461453,0.17928316478286743,0.8337142857142856,16172.714285714286
Snakebite Case,2026-02-26 01:00:00+00:00,0.85,16014,0.013110846245530494,0.009773630115391896,0.8380000000000001,16200.57142857143
Snakebite Case,2026-02-27 01:00:00+00:00,0.861,18671,0.012941176470588234,0.16591732234294998,0.8441428571428571,16396.0
Snakebite Case,2026-02-28 01:00:00+00:00,0.875,20986,0.016260162601626105,0.1239890739649725,0.85,16688.714285714286
Snakebite Case,2026-03-01 01:00:00+00:00,0.892,16230,0.01942857142857135,-0.22662727532640803,0.8565714285714287,16649.85714285714
Snakebite Case,2026-03-02 01:00:00+00:00,0.898,13381,0.006726457399103047,-0.17553912507701785,0.8638571428571428,16369.857142857143
Snakebite Case,2026-03-03 01:00:00+00:00,0.911,13193,0.014476614699331813,-0.014049772064868127,0.8751428571428571,16333.42857142857
Snakebite Case,2026-03-04 01:00:00+00:00,0.906,12896,-0.005488474204171201,-0.022511938149018418,0.8847142857142858,15910.142857142857
Snakebite Case,2026-03-05 01:00:00+00:00,0.898,12128,-0.008830022075055233,-0.05955334987593053,0.8915714285714286,15355.0
Snakebite Case,2026-03-06 01:00:00+00:00,0.898,15889,0.0,0.31010883905013187,0.8968571428571429,14957.57142857143
Snakebite Case,2026-03-07 01:00:00+00:00,0.904,17538,0.006681514476614803,0.10378249103153125,0.901,14465.0
Snakebite Case,2026-03-08 01:00:00+00:00,0.905,17840,0.0011061946902655162,0.01721975139696652,0.9028571428571429,14695.0
Snakebite Case,2026-03-09 01:00:00+00:00,0.889,13038,-0.0176795580110497,-0.26917040358744393,0.9015714285714286,14646.0
Snakebite Case,2026-03-10 01:00:00+00:00,0.891,12569,0.0022497187851517886,-0.0359717748120878,0.8987142857142858,14556.857142857143
Snakebite Case,2026-03-11 01:00:00+00:00,0.864,14257,-0.030303030303030276,0.13429867133423512,0.8927142857142857,14751.285714285714
Snakebite Case,2026-03-12 01:00:00+00:00,0.872,22403,0.0092592592592593,0.5713684505856773,0.889,16219.142857142857
Snakebite Case,2026-03-13 01:00:00+00:00,0.867,19721,-0.005733944954128489,-0.1197161094496273,0.8845714285714285,16766.571428571428
Snakebite Case,2026-03-14 01:00:00+00:00,0.872,24418,0.005767012687427853,0.2381725064651894,0.88,17749.428571428572
Snakebite Case,2026-03-15 01:00:00+00:00,0.859,25321,-0.014908256880733939,0.036980915717913065,0.8734285714285716,18818.14285714286
Snakebite Case,2026-03-16 01:00:00+00:00,0.855,21567,-0.00465657741559955,-0.14825638797835794,0.8685714285714285,20036.571428571428
Snakebite Case,2026-03-17 01:00:00+00:00,0.868,23452,0.01520467836257322,0.08740204942736596,0.8652857142857143,21591.285714285714
Snakebite Case,2026-03-18 01:00:00+00:00,0.868,22821,0.0,-0.02690602080845983,0.8658571428571429,22814.714285714286
Snakebite Case,2026-03-19 01:00:00+00:00,0.872,22876,0.004608294930875667,0.0024100609088120173,0.8658571428571429,22882.285714285714
Snakebite Case,2026-03-20 01:00:00+00:00,0.868,23710,-0.004587155963302725,0.036457422626333225,0.866,23452.14285714286
Snakebite Case,2026-03-21 01:00:00+00:00,0.869,24499,0.0011520737327188613,0.03327709827077174,0.8655714285714284,23463.714285714286
Snakebite Case,2026-03-22 01:00:00+00:00,0.864,24962,-0.005753739930955071,0.01889873056043112,0.8662857142857142,23412.428571428572
Snakebite Case,2026-03-23 01:00:00+00:00,0.867,16992,0.003472222222222321,-0.3192853136767887,0.868,22758.85714285714
Snakebite Case,2026-03-24 01:00:00+00:00,0.863,17317,-0.0046136101499423265,0.019126647834274868,0.8672857142857142,21882.428571428572
Snakebite Case,2026-03-25 01:00:00+00:00,0.864,19684,0.0011587485515642815,0.13668649304151992,0.8667142857142858,21434.285714285714
Snakebite Case,2026-03-26 01:00:00+00:00,0.866,19503,0.0023148148148148806,-0.009195285511074958,0.8658571428571429,20952.428571428572
Snakebite Case,2026-03-27 01:00:00+00:00,0.867,22740,0.0011547344110853786,0.16597446546685135,0.8657142857142857,20813.85714285714
Snakebite Case,2026-03-28 01:00:00+00:00,0.884,23962,0.019607843137254832,0.05373790677220747,0.8678571428571429,20737.14285714286
Snakebite Case,2026-03-29 01:00:00+00:00,0.892,23388,0.009049773755656076,-0.023954594775060567,0.871857142857143,20512.285714285714
Snakebite Case,2026-03-30 01:00:00+00:00,0.895,19126,0.0033632286995515237,-0.18223020352317432,0.8758571428571429,20817.14285714286
Snakebite Case,2026-03-31 01:00:00+00:00,0.902,19842,0.007821229050279266,0.03743595106138242,0.8814285714285715,21177.85714285714
Snakebite Case,2026-04-01 01:00:00+00:00,0.902,21295,0.0,0.07322850519100887,0.8868571428571429,21408.0
Snakebite Case,2026-04-02 01:00:00+00:00,0.91,21545,0.008869179600886845,0.01173984503404557,0.8931428571428572,21699.714285714286
Snakebite Case,2026-04-03 01:00:00+00:00,0.935,23952,0.027472527472527597,0.11171965653283822,0.9028571428571429,21872.85714285714
Snakebite Case,2026-04-04 01:00:00+00:00,0.952,26027,0.018181818181818077,0.08663159652638619,0.9125714285714286,22167.85714285714
Snakebite Case,2026-04-05 01:00:00+00:00,0.979,23152,0.028361344537815247,-0.11046221231797748,0.9249999999999999,22134.14285714286
Snakebite Case,2026-04-06 01:00:00+00:00,0.965,19807,-0.01430030643513791,-0.1444799585348998,0.9349999999999999,22231.428571428572
Snakebite Case,2026-04-07 01:00:00+00:00,0.97,18085,0.005181347150259086,-0.08693896097339326,0.9447142857142856,21980.428571428572
Snakebite Case,2026-04-08 01:00:00+00:00,0.98,21234,0.010309278350515427,0.17412220071882767,0.9558571428571428,21971.714285714286
Snakebite Case,2026-04-09 01:00:00+00:00,0.986,21557,0.00612244897959191,0.01521145332956575,0.9667142857142856,21973.428571428572
Snakebite Case,2026-04-10 01:00:00+00:00,0.997,26236,0.011156186612576002,0.21705246555643187,0.9755714285714285,22299.714285714286
Snakebite Case,2026-04-11 01:00:00+00:00,1.023,25368,0.02607823470411219,-0.033084311632870844,0.9857142857142858,22205.571428571428
Snakebite Case,2026-04-12 01:00:00+00:00,1.027,13659,0.003910068426197455,-0.461565752128666,0.9925714285714285,20849.428571428572
Snakebite Case,2026-04-12 18:00:00+00:00,1.022,1202,-0.004868549172346581,-0.9119994143055861,1.0007142857142857,18191.571428571428
Snakebite Case,2026-04-12 19:00:00+00:00,1.024,1589,0.001956947162426559,0.321963394342762,1.0084285714285715,15835.0
Snakebite Case,2026-04-12 20:00:00+00:00,1.01,1262,-0.013671875,-0.20578980490874765,1.0127142857142857,12981.857142857143
Snakebite Case,2026-04-12 21:00:00+00:00,1.012,1367,0.001980198019801982,0.08320126782884318,1.0164285714285715,10097.57142857143
Snakebite Case,2026-04-12 22:00:00+00:00,1.03,998,0.017786561264822254,-0.2699341623994148,1.0211428571428571,6492.142857142857
Snakebite Case,2026-04-12 23:00:00+00:00,1.023,1035,-0.006796116504854455,0.03707414829659328,1.0211428571428571,3016.0
Snakebite Case,2026-04-13 00:00:00+00:00,1.03,974,0.006842619745845768,-0.05893719806763287,1.0215714285714286,1203.857142857143
Snakebite Case,2026-04-13 01:00:00+00:00,1.04,853,0.009708737864077666,-0.12422997946611913,1.0241428571428572,1154.0
Snakebite Case,2026-04-13 02:00:00+00:00,1.04,741,0.0,-0.13130128956623677,1.0264285714285715,1032.857142857143
Snakebite Case,2026-04-13 03:00:00+00:00,1.04,616,0.0,-0.1686909581646424,1.0307142857142857,940.5714285714286
Snakebite Case,2026-04-13 04:00:00+00:00,1.04,808,0.0,0.3116883116883118,1.0347142857142857,860.7142857142857
Snakebite Case,2026-04-13 05:00:00+00:00,1.04,579,0.0,-0.28341584158415845,1.0361428571428573,800.8571428571429
Snakebite Case,2026-04-13 06:00:00+00:00,1.04,452,0.0,-0.21934369602763382,1.0385714285714285,717.5714285714286
Snakebite Case,2026-04-13 07:00:00+00:00,1.027,447,-0.012500000000000067,-0.011061946902654829,1.0381428571428573,642.2857142857143
Snakebite Case,2026-04-13 08:00:00+00:00,1.008,320,-0.01850048685491712,-0.28411633109619683,1.0335714285714286,566.1428571428571
Snakebite Case,2026-04-13 09:00:00+00:00,1.0,435,-0.007936507936507908,0.359375,1.0278571428571428,522.4285714285714
Snakebite Case,2026-04-13 10:00:00+00:00,0.998,456,-0.0020000000000000018,0.048275862068965614,1.0218571428571428,499.57142857142856
Snakebite Case,2026-04-13 11:00:00+00:00,0.997,643,-0.0010020040080159776,0.4100877192982457,1.0157142857142856,476.0
Snakebite Case,2026-04-13 12:00:00+00:00,0.99,404,-0.007021063189568744,-0.3716951788491446,1.0085714285714287,451.0
Snakebite Case,2026-04-13 13:00:00+00:00,1.0,436,0.010101010101010166,0.07920792079207928,1.002857142857143,448.7142857142857
Snakebite Case,2026-04-13 14:00:00+00:00,1.0,808,0.0,0.8532110091743119,0.999,500.2857142857143
Snakebite Case,2026-04-13 15:00:00+00:00,1.005,1029,0.004999999999999893,0.2735148514851484,0.9985714285714286,601.5714285714286
Snakebite Case,2026-04-13 16:00:00+00:00,1.01,1050,0.004975124378109541,0.020408163265306145,1.0,689.4285714285714
Snakebite Case,2026-04-13 17:00:00+00:00,1.01,1132,0.0,0.078095238095238,1.0017142857142858,786.0
Snakebite Case,2026-04-13 18:00:00+00:00,1.01,1021,0.0,-0.09805653710247353,1.0035714285714286,840.0
Snakebite Case,2026-04-13 19:00:00+00:00,1.01,1208,0.0,0.1831537708129285,1.0064285714285715,954.8571428571429
Snakebite Case,2026-04-13 20:00:00+00:00,1.017,1188,0.006930693069306937,-0.01655629139072845,1.0088571428571427,1062.2857142857142
Snakebite Case,2026-04-13 21:00:00+00:00,1.02,1345,0.002949852507374784,0.13215488215488214,1.0117142857142858,1139.0
Snakebite Case,2026-04-13 22:00:00+00:00,1.01,1172,-0.009803921568627416,-0.12862453531598517,1.0124285714285715,1159.4285714285713
Snakebite Case,2026-04-13 23:00:00+00:00,1.028,932,0.017821782178217838,-0.20477815699658708,1.0150000000000001,1142.5714285714287
Snakebite Case,2026-04-14 00:00:00+00:00,1.017,711,-0.010700389105058439,-0.23712446351931327,1.016,1082.4285714285713
Snakebite Case,2026-04-14 01:00:00+00:00,1.03,783,0.012782694198623545,0.10126582278481022,1.018857142857143,1048.4285714285713
Snakebite Case,2026-04-14 02:00:00+00:00,1.03,723,0.0,-0.07662835249042144,1.0217142857142858,979.1428571428571
Snakebite Case,2026-04-14 03:00:00+00:00,1.04,703,0.009708737864077666,-0.02766251728907332,1.025,909.8571428571429
Snakebite Case,2026-04-14 04:00:00+00:00,1.03,465,-0.009615384615384581,-0.3385490753911806,1.0264285714285715,784.1428571428571
Snakebite Case,2026-04-14 05:00:00+00:00,1.03,711,0.0,0.5290322580645161,1.0292857142857144,718.2857142857143
Snakebite Case,2026-04-14 06:00:00+00:00,1.017,544,-0.012621359223301098,-0.23488045007032354,1.0277142857142858,662.8571428571429
Snakebite Case,2026-04-14 07:00:00+00:00,1.01,696,-0.006882989183874089,0.27941176470588225,1.0267142857142857,660.7142857142857
Snakebite Case,2026-04-14 08:00:00+00:00,1.028,449,0.017821782178217838,-0.3548850574712644,1.0264285714285715,613.0
Snakebite Case,2026-04-14 09:00:00+00:00,1.0,671,-0.027237354085603127,0.49443207126948785,1.022142857142857,605.5714285714286
Snakebite Case,2026-04-14 10:00:00+00:00,0.97,550,-0.030000000000000027,-0.180327868852459,1.0121428571428572,583.7142857142857
Snakebite Case,2026-04-14 11:00:00+00:00,0.994,523,0.024742268041237025,-0.049090909090909074,1.007,592.0
Snakebite Case,2026-04-14 12:00:00+00:00,0.99,842,-0.004024144869215318,0.6099426386233269,1.0012857142857143,610.7142857142857
Snakebite Case,2026-04-14 13:00:00+00:00,0.994,491,0.004040404040404066,-0.41686460807600945,0.998,603.1428571428571
Snakebite Case,2026-04-14 14:00:00+00:00,1.004,816,0.010060362173038184,0.6619144602851323,0.9971428571428572,620.2857142857143
Snakebite Case,2026-04-14 15:00:00+00:00,1.006,844,0.0019920318725099584,0.03431372549019618,0.9939999999999999,676.7142857142857
Snakebite Case,2026-04-14 16:00:00+00:00,1.006,1050,0.0,0.24407582938388628,0.9948571428571429,730.8571428571429
Snakebite Case,2026-04-14 17:00:00+00:00,1.006,1184,0.0,0.12761904761904752,1.0,821.4285714285714
Snakebite Case,2026-04-14 18:00:00+00:00,1.01,1375,0.003976143141153132,0.16131756756756754,1.0022857142857142,943.1428571428571
Snakebite Case,2026-04-14 19:00:00+00:00,1.017,1190,0.006930693069306937,-0.13454545454545452,1.006142857142857,992.8571428571429
Snakebite Case,2026-04-14 20:00:00+00:00,1.017,884,0.0,-0.2571428571428571,1.0094285714285713,1049.0
Snakebite Case,2026-04-14 21:00:00+00:00,1.03,1107,0.012782694198623545,0.252262443438914,1.0131428571428571,1090.5714285714287
Snakebite Case,2026-04-14 22:00:00+00:00,1.038,1338,0.007766990291262044,0.20867208672086712,1.0177142857142858,1161.142857142857
Snakebite Case,2026-04-14 23:00:00+00:00,1.04,666,0.0019267822736031004,-0.5022421524663677,1.0225714285714285,1106.2857142857142
Snakebite Case,2026-04-15 00:00:00+00:00,1.04,578,0.0,-0.13213213213213215,1.0274285714285714,1019.7142857142857
Snakebite Case,2026-04-15 01:00:00+00:00,1.04,556,0.0,-0.03806228373702425,1.0317142857142856,902.7142857142857
Snakebite Case,2026-04-15 02:00:00+00:00,1.04,549,0.0,-0.01258992805755399,1.0350000000000001,811.1428571428571
Snakebite Case,2026-04-15 03:00:00+00:00,1.04,607,0.0,0.10564663023679421,1.0382857142857145,771.5714285714286
Snakebite Case,2026-04-15 04:00:00+00:00,1.04,531,0.0,-0.12520593080724873,1.0397142857142858,689.2857142857143
Snakebite Case,2026-04-15 05:00:00+00:00,1.032,664,-0.007692307692307665,0.25047080979284364,1.038857142857143,593.0
Snakebite Case,2026-04-15 06:00:00+00:00,1.04,501,0.007751937984496138,-0.24548192771084343,1.038857142857143,569.4285714285714
Snakebite Case,2026-04-15 07:00:00+00:00,1.04,453,0.0,-0.09580838323353291,1.038857142857143,551.5714285714286
Snakebite Case,2026-04-15 08:00:00+00:00,1.03,444,-0.009615384615384581,-0.019867549668874163,1.0374285714285716,535.5714285714286
Snakebite Case,2026-04-15 09:00:00+00:00,1.027,404,-0.002912621359223433,-0.09009009009009006,1.0355714285714286,514.8571428571429
Snakebite Case,2026-04-15 10:00:00+00:00,1.027,461,0.0,0.141089108910891,1.0337142857142856,494.0
Snakebite Case,2026-04-15 11:00:00+00:00,1.011,676,-0.015579357351509282,0.4663774403470715,1.0295714285714284,514.7142857142857
Snakebite Case,2026-04-15 12:00:00+00:00,1.02,454,0.008902077151335508,-0.32840236686390534,1.0278571428571428,484.7142857142857
Snakebite Case,2026-04-15 13:00:00+00:00,1.01,614,-0.009803921568627416,0.35242290748898686,1.0235714285714284,500.85714285714283
Snakebite Case,2026-04-15 14:00:00+00:00,1.01,841,0.0,0.3697068403908794,1.0192857142857144,556.2857142857143
Snakebite Case,2026-04-15 15:00:00+00:00,1.015,962,0.004950495049504955,0.1438763376932224,1.0171428571428571,630.2857142857143
Snakebite Case,2026-04-15 16:00:00+00:00,1.014,1049,-0.0009852216748766907,0.09043659043659047,1.0152857142857141,722.4285714285714
Snakebite Case,2026-04-15 17:00:00+00:00,1.025,1538,0.010848126232741562,0.4661582459485225,1.015,876.2857142857143
Snakebite Case,2026-04-15 18:00:00+00:00,1.01,1149,-0.014634146341463317,-0.252925877763329,1.0148571428571427,943.8571428571429
Snakebite Case,2026-04-15 19:00:00+00:00,1.01,1085,0.0,-0.05570060922541342,1.0134285714285713,1034.0
Snakebite Case,2026-04-15 20:00:00+00:00,1.01,1019,0.0,-0.060829493087557585,1.0134285714285716,1091.857142857143
Snakebite Case,2026-04-15 21:00:00+00:00,1.01,836,0.0,-0.17958783120706578,1.0134285714285713,1091.142857142857
Snakebite Case,2026-04-15 22:00:00+00:00,1.014,935,0.003960396039603964,0.11842105263157898,1.0132857142857143,1087.2857142857142
Snakebite Case,2026-04-15 23:00:00+00:00,1.03,725,0.015779092702169706,-0.22459893048128343,1.0155714285714286,1041.0
Snakebite Case,2026-04-16 00:00:00+00:00,1.03,846,0.0,0.16689655172413786,1.0162857142857142,942.1428571428571
Snakebite Case,2026-04-16 01:00:00+00:00,1.038,951,0.007766990291262044,0.12411347517730498,1.0202857142857142,913.8571428571429
Snakebite Case,2026-04-16 02:00:00+00:00,1.03,824,-0.0077071290944122905,-0.13354363827549942,1.0231428571428571,876.5714285714286
Snakebite Case,2026-04-16 03:00:00+00:00,1.03,909,0.0,0.10315533980582514,1.026,860.8571428571429
Snakebite Case,2026-04-16 04:00:00+00:00,1.03,772,0.0,-0.1507150715071507,1.028857142857143,851.7142857142857
Snakebite Case,2026-04-16 05:00:00+00:00,1.038,655,0.007766990291262044,-0.1515544041450777,1.0322857142857143,811.7142857142857
Snakebite Case,2026-04-16 06:00:00+00:00,1.04,565,0.0019267822736031004,-0.13740458015267176,1.0337142857142856,788.8571428571429
Snakebite Case,2026-04-16 07:00:00+00:00,1.038,446,-0.0019230769230769162,-0.2106194690265487,1.034857142857143,731.7142857142857
Snakebite Case,2026-04-16 08:00:00+00:00,1.014,452,-0.023121387283236983,0.013452914798206317,1.0314285714285716,660.4285714285714
Snakebite Case,2026-04-16 09:00:00+00:00,1.001,533,-0.012820512820512886,0.17920353982300874,1.0272857142857144,618.8571428571429
Snakebite Case,2026-04-16 10:00:00+00:00,1.002,697,0.0009990009990010762,0.3076923076923077,1.0232857142857141,588.5714285714286
Snakebite Case,2026-04-16 11:00:00+00:00,1.014,585,0.011976047904191711,-0.16068866571018647,1.0210000000000001,561.8571428571429
Snakebite Case,2026-04-16 12:00:00+00:00,1.005,445,-0.00887573964497057,-0.23931623931623935,1.0162857142857142,531.8571428571429
Snakebite Case,2026-04-16 13:00:00+00:00,1.002,497,-0.0029850746268655914,0.11685393258426968,1.010857142857143,522.1428571428571
Snakebite Case,2026-04-16 14:00:00+00:00,1.004,837,0.001996007984031989,0.6841046277665996,1.006,578.0
Snakebite Case,2026-04-16 15:00:00+00:00,1.012,874,0.007968127490039834,0.044205495818399054,1.0057142857142858,638.2857142857143
Snakebite Case,2026-04-16 16:00:00+00:00,1.01,885,-0.0019762845849802257,0.012585812356979309,1.007,688.5714285714286
Snakebite Case,2026-04-16 17:00:00+00:00,1.002,1159,-0.007920792079207928,0.3096045197740114,1.0070000000000001,754.5714285714286
Snakebite Case,2026-04-16 18:00:00+00:00,1.01,1216,0.007984031936127733,0.049180327868852514,1.0064285714285715,844.7142857142857
Snakebite Case,2026-04-16 19:00:00+00:00,1.014,1274,0.003960396039603964,0.047697368421052655,1.0077142857142858,963.1428571428571
Snakebite Case,2026-04-16 20:00:00+00:00,1.014,1064,0.0,-0.1648351648351648,1.0094285714285716,1044.142857142857
Snakebite Case,2026-04-16 21:00:00+00:00,1.025,1064,0.010848126232741562,0.0,1.0124285714285715,1076.5714285714287
Snakebite Case,2026-04-16 22:00:00+00:00,1.03,962,0.004878048780487809,-0.09586466165413532,1.0150000000000001,1089.142857142857
Snakebite Case,2026-04-16 23:00:00+00:00,1.03,910,0.0,-0.05405405405405406,1.0178571428571428,1092.7142857142858
Snakebite Case,2026-04-17 00:00:00+00:00,1.04,1045,0.009708737864077666,0.14835164835164827,1.0232857142857144,1076.4285714285713
Snakebite Case,2026-04-17 01:00:00+00:00,1.04,684,0.0,-0.34545454545454546,1.0275714285714286,1000.4285714285714
Snakebite Case,2026-04-17 02:00:00+00:00,1.03,633,-0.009615384615384581,-0.07456140350877194,1.0298571428571428,908.8571428571429
Snakebite Case,2026-04-17 03:00:00+00:00,1.03,864,0.0,0.36492890995260674,1.0321428571428573,880.2857142857143
Snakebite Case,2026-04-17 04:00:00+00:00,1.03,699,0.0,-0.1909722222222222,1.032857142857143,828.1428571428571
Snakebite Case,2026-04-17 05:00:00+00:00,1.04,389,0.009708737864077666,-0.4434907010014306,1.0342857142857143,746.2857142857143
Snakebite Case,2026-04-17 06:00:00+00:00,1.03,505,-0.009615384615384581,0.29820051413881754,1.0342857142857143,688.4285714285714
Snakebite Case,2026-04-17 07:00:00+00:00,1.03,599,0.0,0.18613861386138608,1.0328571428571427,624.7142857142857
Snakebite Case,2026-04-17 08:00:00+00:00,1.011,445,-0.018446601941747742,-0.25709515859766274,1.0287142857142857,590.5714285714286
Snakebite Case,2026-04-17 09:00:00+00:00,1.016,560,0.004945598417408714,0.2584269662921348,1.0267142857142857,580.1428571428571
Snakebite Case,2026-04-17 10:00:00+00:00,1.016,467,0.0,-0.16607142857142854,1.0247142857142857,523.4285714285714
Snakebite Case,2026-04-17 11:00:00+00:00,1.01,524,-0.0059055118110236116,0.12205567451820132,1.0218571428571428,498.42857142857144
Snakebite Case,2026-04-17 12:00:00+00:00,1.001,487,-0.00891089108910903,-0.07061068702290074,1.0162857142857142,512.4285714285714
Snakebite Case,2026-04-17 13:00:00+00:00,1.003,815,0.0019980019980019303,0.6735112936344969,1.0124285714285715,556.7142857142857
Snakebite Case,2026-04-17 14:00:00+00:00,1.001,796,-0.001994017946161497,-0.0233128834355828,1.0082857142857142,584.8571428571429
Snakebite Case,2026-04-17 15:00:00+00:00,1.012,1015,0.010989010989011172,0.2751256281407035,1.0084285714285712,666.2857142857143
Snakebite Case,2026-04-17 16:00:00+00:00,1.01,997,-0.0019762845849802257,-0.017733990147783207,1.0075714285714286,728.7142857142857
Snakebite Case,2026-04-17 17:00:00+00:00,1.013,1105,0.002970297029702973,0.10832497492477433,1.0071428571428571,819.8571428571429
Snakebite Case,2026-04-17 18:00:00+00:00,1.01,1122,-0.0029615004935833467,0.01538461538461533,1.0071428571428571,905.2857142857143
Snakebite Case,2026-04-17 19:00:00+00:00,1.015,1658,0.004950495049504955,0.4777183600713013,1.0091428571428571,1072.5714285714287
Snakebite Case,2026-04-17 20:00:00+00:00,1.013,1530,-0.0019704433497537144,-0.07720144752714109,1.0105714285714285,1174.7142857142858
Snakebite Case,2026-04-17 21:00:00+00:00,1.02,1339,0.006910167818361401,-0.12483660130718954,1.0132857142857143,1252.2857142857142
Snakebite Case,2026-04-17 22:00:00+00:00,1.021,1414,0.0009803921568627416,0.056011949215832635,1.0145714285714285,1309.2857142857142
Snakebite Case,2026-04-17 23:00:00+00:00,1.03,1320,0.008814887365328206,-0.06647807637906644,1.0174285714285713,1355.4285714285713
Snakebite Case,2026-04-18 00:00:00+00:00,1.039,1334,0.008737864077669855,0.010606060606060508,1.0211428571428571,1388.142857142857
Snakebite Case,2026-04-18 01:00:00+00:00,1.039,988,0.0,-0.25937031484257866,1.0252857142857141,1369.0
Snakebite Case,2026-04-18 02:00:00+00:00,1.04,1030,0.0009624639076035724,0.04251012145748989,1.028857142857143,1279.2857142857142
Snakebite Case,2026-04-18 03:00:00+00:00,1.04,1103,0.0,0.07087378640776709,1.0327142857142857,1218.2857142857142
Snakebite Case,2026-04-18 04:00:00+00:00,1.04,989,0.0,-0.10335448776065281,1.0355714285714286,1168.2857142857142
Snakebite Case,2026-04-18 05:00:00+00:00,1.039,1230,-0.0009615384615385691,0.243680485338726,1.038142857142857,1142.0
Snakebite Case,2026-04-18 06:00:00+00:00,1.04,725,0.0009624639076035724,-0.41056910569105687,1.0395714285714286,1057.0
Snakebite Case,2026-04-18 07:00:00+00:00,1.04,681,0.0,-0.06068965517241376,1.0397142857142856,963.7142857142857
Snakebite Case,2026-04-18 08:00:00+00:00,1.033,764,-0.006730769230769318,0.12187958883994132,1.038857142857143,931.7142857142857
Snakebite Case,2026-04-18 09:00:00+00:00,1.035,621,0.0019361084220717029,-0.18717277486911,1.038142857142857,873.2857142857143
Snakebite Case,2026-04-18 10:00:00+00:00,1.03,558,-0.004830917874396046,-0.10144927536231885,1.0367142857142857,795.4285714285714
Snakebite Case,2026-04-18 11:00:00+00:00,1.03,630,0.0,0.12903225806451624,1.0352857142857144,744.1428571428571
Snakebite Case,2026-04-18 12:00:00+00:00,1.024,524,-0.005825242718446644,-0.1682539682539682,1.0331428571428571,643.2857142857143
Snakebite Case,2026-04-18 13:00:00+00:00,1.018,838,-0.005859375,0.5992366412213741,1.03,659.4285714285714
Snakebite Case,2026-04-18 14:00:00+00:00,1.018,764,0.0,-0.08830548926014314,1.026857142857143,671.2857142857143
Snakebite Case,2026-04-18 15:00:00+00:00,1.0,838,-0.017681728880157177,0.09685863874345557,1.022142857142857,681.8571428571429
Snakebite Case,2026-04-18 16:00:00+00:00,1.03,1158,0.030000000000000027,0.38186157517899755,1.0214285714285714,758.5714285714286
Snakebite Case,2026-04-18 17:00:00+00:00,1.035,1449,0.004854368932038833,0.25129533678756477,1.0221428571428572,885.8571428571429
Snakebite Case,2026-04-18 18:00:00+00:00,1.04,1425,0.004830917874396157,-0.0165631469979296,1.0235714285714286,999.4285714285714
Snakebite Case,2026-04-18 19:00:00+00:00,1.045,1927,0.004807692307692291,0.35228070175438586,1.0265714285714285,1199.857142857143
Snakebite Case,2026-04-18 20:00:00+00:00,1.05,1615,0.004784688995215447,-0.161909704203425,1.0311428571428571,1310.857142857143
Snakebite Case,2026-04-18 21:00:00+00:00,1.05,1587,0.0,-0.017337461300309553,1.0357142857142858,1428.4285714285713
Snakebite Case,2026-04-18 22:00:00+00:00,1.06,1372,0.00952380952380949,-0.13547574039067423,1.0442857142857143,1504.7142857142858
Snakebite Case,2026-04-18 23:00:00+00:00,1.06,1044,0.0,-0.23906705539358597,1.0485714285714285,1488.4285714285713
Snakebite Case,2026-04-19 00:00:00+00:00,1.06,1095,0.0,0.04885057471264376,1.0521428571428573,1437.857142857143
Snakebite Case,2026-04-19 01:00:00+00:00,1.06,831,0.0,-0.2410958904109589,1.055,1353.0
Snakebite Case,2026-04-19 02:00:00+00:00,1.06,640,0.0,-0.22984356197352585,1.0571428571428572,1169.142857142857
Snakebite Case,2026-04-19 03:00:00+00:00,1.06,857,0.0,0.33906250000000004,1.0585714285714285,1060.857142857143
Snakebite Case,2026-04-19 04:00:00+00:00,1.06,813,0.0,-0.05134189031505254,1.06,950.2857142857143
Snakebite Case,2026-04-19 05:00:00+00:00,1.07,998,0.009433962264151052,0.22755227552275525,1.0614285714285716,896.8571428571429
Snakebite Case,2026-04-19 06:00:00+00:00,1.07,774,0.0,-0.22444889779559118,1.062857142857143,858.2857142857143
Snakebite Case,2026-04-19 07:00:00+00:00,1.07,688,0.0,-0.11111111111111116,1.0642857142857143,800.1428571428571
Snakebite Case,2026-04-19 08:00:00+00:00,1.053,453,-0.0158878504672898,-0.3415697674418605,1.0632857142857144,746.1428571428571
Snakebite Case,2026-04-19 09:00:00+00:00,1.047,458,-0.005698005698005715,0.011037527593819041,1.0614285714285714,720.1428571428571
Snakebite Case,2026-04-19 10:00:00+00:00,1.053,667,0.005730659025787954,0.45633187772925754,1.0604285714285715,693.0
Snakebite Case,2026-04-19 11:00:00+00:00,1.05,531,-0.002849002849002691,-0.20389805097451275,1.059,652.7142857142857
Snakebite Case,2026-04-19 12:00:00+00:00,1.045,902,-0.004761904761904856,0.6986817325800376,1.0554285714285714,639.0
Snakebite Case,2026-04-19 13:00:00+00:00,1.03,762,-0.014354066985645786,-0.155210643015521,1.0497142857142856,637.2857142857143
Snakebite Case,2026-04-19 14:00:00+00:00,1.005,662,-0.024271844660194275,-0.13123359580052496,1.0404285714285713,633.5714285714286
Snakebite Case,2026-04-19 15:00:00+00:00,1.01,1090,0.004975124378109541,0.6465256797583081,1.0342857142857143,724.5714285714286
Snakebite Case,2026-04-19 16:00:00+00:00,1.03,1178,0.01980198019801982,0.08073394495412844,1.0318571428571428,827.4285714285714
Snakebite Case,2026-04-19 17:00:00+00:00,1.047,1233,0.0165048543689319,0.04668930390492365,1.0310000000000001,908.2857142857143
Snakebite Case,2026-04-19 18:00:00+00:00,1.05,1120,0.002865329512894199,-0.09164639091646387,1.031,992.4285714285714
Snakebite Case,2026-04-19 19:00:00+00:00,1.045,1487,-0.004761904761904856,0.3276785714285715,1.031,1076.0
Snakebite Case,2026-04-19 20:00:00+00:00,1.055,1176,0.009569377990430672,-0.2091459314055144,1.0345714285714285,1135.142857142857
Snakebite Case,2026-04-19 21:00:00+00:00,1.059,1437,0.0037914691943128354,0.22193877551020402,1.0422857142857143,1245.857142857143
Snakebite Case,2026-04-19 22:00:00+00:00,1.053,2103,-0.005665722379603388,0.4634655532359082,1.0484285714285713,1390.5714285714287
Snakebite Case,2026-04-19 23:00:00+00:00,1.06,967,0.00664767331434013,-0.5401806942463148,1.0527142857142857,1360.4285714285713
Snakebite Case,2026-04-20 00:00:00+00:00,1.06,674,0.0,-0.30299896587383657,1.0545714285714285,1280.5714285714287
Snakebite Case,2026-04-20 01:00:00+00:00,1.04,669,-0.018867924528301883,-0.007418397626112738,1.0531428571428572,1216.142857142857
Snakebite Case,2026-04-20 02:00:00+00:00,1.03,585,-0.009615384615384581,-0.12556053811659196,1.051,1087.2857142857142
Snakebite Case,2026-04-20 03:00:00+00:00,1.04,494,0.009708737864077666,-0.15555555555555556,1.048857142857143,989.8571428571429
Snakebite Case,2026-04-20 04:00:00+00:00,1.06,548,0.019230769230769162,0.10931174089068829,1.049,862.8571428571429
Snakebite Case,2026-04-20 05:00:00+00:00,1.06,649,0.0,0.18430656934306566,1.05,655.1428571428571
Snakebite Case,2026-04-20 06:00:00+00:00,1.06,460,0.0,-0.2912172573189522,1.05,582.7142857142857
Snakebite Case,2026-04-20 07:00:00+00:00,1.06,367,0.0,-0.20217391304347831,1.05,538.8571428571429
Snakebite Case,2026-04-20 08:00:00+00:00,1.052,436,-0.007547169811320753,0.1880108991825613,1.0517142857142858,505.57142857142856
Snakebite Case,2026-04-20 09:00:00+00:00,1.045,342,-0.0066539923954374025,-0.2155963302752294,1.0538571428571428,470.85714285714283
Snakebite Case,2026-04-20 10:00:00+00:00,1.045,328,0.0,-0.040935672514619936,1.0545714285714285,447.14285714285717
Snakebite Case,2026-04-20 11:00:00+00:00,1.04,488,-0.004784688995215225,0.4878048780487805,1.0517142857142858,438.57142857142856
Snakebite Case,2026-04-20 12:00:00+00:00,1.045,609,0.004807692307692291,0.24795081967213117,1.0495714285714286,432.85714285714283
Snakebite Case,2026-04-20 13:00:00+00:00,1.031,468,-0.013397129186602852,-0.23152709359605916,1.0454285714285714,434.0
Snakebite Case,2026-04-20 14:00:00+00:00,1.042,678,0.010669253152279401,0.4487179487179487,1.042857142857143,478.42857142857144
Snakebite Case,2026-04-20 15:00:00+00:00,1.035,554,-0.006717850287907945,-0.18289085545722716,1.0404285714285713,495.2857142857143
Snakebite Case,2026-04-20 16:00:00+00:00,1.038,698,0.0028985507246377384,0.25992779783393494,1.0394285714285714,546.1428571428571
Snakebite Case,2026-04-20 17:00:00+00:00,1.045,850,0.00674373795761074,0.2177650429799427,1.0394285714285714,620.7142857142857
Snakebite Case,2026-04-20 18:00:00+00:00,1.045,1045,0.0,0.22941176470588243,1.040142857142857,700.2857142857143
Snakebite Case,2026-04-20 19:00:00+00:00,1.045,926,0.0,-0.11387559808612435,1.040142857142857,745.5714285714286
Snakebite Case,2026-04-20 20:00:00+00:00,1.055,1148,0.009569377990430672,0.23974082073434122,1.0435714285714286,842.7142857142857
Snakebite Case,2026-04-20 21:00:00+00:00,1.054,987,-0.0009478672985780978,-0.1402439024390244,1.0452857142857142,886.8571428571429
Snakebite Case,2026-04-20 22:00:00+00:00,1.06,1336,0.005692599620493288,0.3535967578520769,1.048857142857143,998.5714285714286
Snakebite Case,2026-04-20 23:00:00+00:00,1.047,782,-0.01226415094339639,-0.41467065868263475,1.050142857142857,1010.5714285714286
Snakebite Case,2026-04-21 00:00:00+00:00,1.036,813,-0.010506208213944546,0.03964194373401542,1.048857142857143,1005.2857142857143
Snakebite Case,2026-04-21 01:00:00+00:00,1.04,670,0.0038610038610038533,-0.17589175891758912,1.048142857142857,951.7142857142857
Snakebite Case,2026-04-21 02:00:00+00:00,1.05,603,0.009615384615384581,-0.09999999999999998,1.048857142857143,905.5714285714286
Snakebite Case,2026-04-21 03:00:00+00:00,1.05,603,0.0,0.0,1.0481428571428573,827.7142857142857
Snakebite Case,2026-04-21 04:00:00+00:00,1.05,519,0.0,-0.1393034825870647,1.0475714285714286,760.8571428571429
Snakebite Case,2026-04-21 05:00:00+00:00,1.05,604,0.0,0.16377649325626198,1.0461428571428573,656.2857142857143
Snakebite Case,2026-04-21 06:00:00+00:00,1.05,649,0.0,0.07450331125827825,1.0465714285714287,637.2857142857143
Snakebite Case,2026-04-21 07:00:00+00:00,1.05,352,0.0,-0.4576271186440678,1.0485714285714287,571.4285714285714
Snakebite Case,2026-04-21 08:00:00+00:00,1.04,322,-0.00952380952380949,-0.08522727272727271,1.0485714285714287,521.7142857142857
Snakebite Case,2026-04-21 09:00:00+00:00,1.038,528,-0.0019230769230769162,0.639751552795031,1.046857142857143,511.0
Snakebite Case,2026-04-21 10:00:00+00:00,1.027,448,-0.010597302504817052,-0.1515151515151515,1.0435714285714286,488.85714285714283
Snakebite Case,2026-04-21 11:00:00+00:00,1.026,385,-0.0009737098344692052,-0.140625,1.0401428571428573,469.7142857142857
Snakebite Case,2026-04-21 12:00:00+00:00,1.031,691,0.004873294346978474,0.7948051948051948,1.0374285714285714,482.14285714285717
Snakebite Case,2026-04-21 13:00:00+00:00,1.03,543,-0.0009699321047526022,-0.2141823444283647,1.0345714285714285,467.0
Snakebite Case,2026-04-21 14:00:00+00:00,1.031,636,0.0009708737864075889,0.1712707182320441,1.0318571428571428,507.57142857142856
Snakebite Case,2026-04-21 15:00:00+00:00,1.03,690,-0.0009699321047526022,0.08490566037735858,1.0304285714285715,560.1428571428571
Snakebite Case,2026-04-21 16:00:00+00:00,1.03,708,0.0,0.026086956521739202,1.0292857142857144,585.8571428571429
Snakebite Case,2026-04-21 17:00:00+00:00,1.04,915,0.009708737864077666,0.2923728813559323,1.0311428571428571,652.5714285714286
Snakebite Case,2026-04-21 18:00:00+00:00,1.027,917,-0.012500000000000067,0.002185792349726823,1.0312857142857141,728.5714285714286
Snakebite Case,2026-04-21 19:00:00+00:00,1.03,1031,0.002921129503408171,0.12431842966194107,1.0311428571428571,777.1428571428571
Snakebite Case,2026-04-21 20:00:00+00:00,1.036,808,0.005825242718446644,-0.21629485935984483,1.032,815.0
Snakebite Case,2026-04-21 21:00:00+00:00,1.036,887,0.0,0.09777227722772275,1.0327142857142857,850.8571428571429
Snakebite Case,2026-04-21 22:00:00+00:00,1.04,917,0.0038610038610038533,0.03382187147688831,1.034142857142857,883.2857142857143
Snakebite Case,2026-04-21 23:00:00+00:00,1.039,706,-0.0009615384615385691,-0.23009814612868051,1.0354285714285714,883.0
Snakebite Case,2026-04-22 00:00:00+00:00,1.012,1233,-0.025986525505293456,0.7464589235127479,1.0314285714285716,928.4285714285714
Snakebite Case,2026-04-22 01:00:00+00:00,1.03,1195,0.017786561264822254,-0.03081914030819144,1.031857142857143,968.1428571428571
Snakebite Case,2026-04-22 02:00:00+00:00,1.03,763,0.0,-0.3615062761506276,1.0318571428571428,929.8571428571429
Snakebite Case,2026-04-22 03:00:00+00:00,1.03,569,0.0,-0.25425950196592395,1.031,895.7142857142857
Snakebite Case,2026-04-22 04:00:00+00:00,1.012,587,-0.01747572815533982,0.03163444639718804,1.0275714285714286,852.8571428571429
Snakebite Case,2026-04-22 05:00:00+00:00,1.01,384,-0.0019762845849802257,-0.3458262350936968,1.0232857142857144,776.7142857142857
Snakebite Case,2026-04-22 06:00:00+00:00,1.017,473,0.006930693069306937,0.23177083333333326,1.0201428571428572,743.4285714285714
Snakebite Case,2026-04-22 07:00:00+00:00,1.012,613,-0.00491642084562427,0.2959830866807611,1.0201428571428572,654.8571428571429
Snakebite Case,2026-04-22 08:00:00+00:00,1.0,398,-0.011857707509881465,-0.3507340946166395,1.015857142857143,541.0
Snakebite Case,2026-04-22 09:00:00+00:00,0.988,535,-0.01200000000000001,0.3442211055276383,1.0098571428571428,508.42857142857144
Snakebite Case,2026-04-22 10:00:00+00:00,0.977,647,-0.011133603238866363,0.20934579439252343,1.0022857142857142,519.5714285714286
Snakebite Case,2026-04-22 11:00:00+00:00,0.98,502,0.003070624360286489,-0.22411128284389492,0.9977142857142856,507.42857142857144
Snakebite Case,2026-04-22 12:00:00+00:00,0.977,508,-0.003061224489795955,0.01195219123505975,0.993,525.1428571428571
Snakebite Case,2026-04-22 13:00:00+00:00,0.977,669,0.0,0.3169291338582678,0.9872857142857143,553.1428571428571
Snakebite Case,2026-04-22 14:00:00+00:00,0.948,880,-0.029682702149437135,0.3153961136023917,0.9781428571428571,591.2857142857143
Snakebite Case,2026-04-22 15:00:00+00:00,0.95,1262,0.0021097046413502962,0.4340909090909091,0.971,714.7142857142857
Snakebite Case,2026-04-22 16:00:00+00:00,0.977,978,0.028421052631578902,-0.2250396196513471,0.9694285714285714,778.0
Snakebite Case,2026-04-22 17:00:00+00:00,0.989,1103,0.0122824974411464,0.1278118609406953,0.9711428571428572,843.1428571428571
Snakebite Case,2026-04-22 18:00:00+00:00,1.0,1024,0.011122345803842304,-0.07162284678150499,0.9740000000000001,917.7142857142857
Snakebite Case,2026-04-22 19:00:00+00:00,1.01,1217,0.010000000000000009,0.1884765625,0.9787142857142858,1019.0
Snakebite Case,2026-04-22 20:00:00+00:00,1.015,1154,0.004950495049504955,-0.05176663927691039,0.9841428571428571,1088.2857142857142
Snakebite Case,2026-04-22 21:00:00+00:00,1.01,1053,-0.004926108374384119,-0.08752166377816295,0.9930000000000001,1113.0
Snakebite Case,2026-04-22 22:00:00+00:00,0.997,783,-0.012871287128712883,-0.2564102564102564,0.9997142857142858,1044.5714285714287
Snakebite Case,2026-04-22 23:00:00+00:00,1.009,795,0.012036108324974926,0.015325670498084198,1.0042857142857142,1018.4285714285714
Snakebite Case,2026-04-23 00:00:00+00:00,1.011,908,0.001982160555004997,0.14213836477987418,1.0074285714285713,990.5714285714286
Snakebite Case,2026-04-23 01:00:00+00:00,0.99,830,-0.020771513353115667,-0.08590308370044053,1.006,962.8571428571429
Snakebite Case,2026-04-23 02:00:00+00:00,1.03,568,0.04040404040404044,-0.3156626506024096,1.0088571428571427,870.1428571428571
Snakebite Case,2026-04-23 03:00:00+00:00,1.03,655,0.0,0.153169014084507,1.011,798.8571428571429
Snakebite Case,2026-04-23 04:00:00+00:00,1.03,518,0.0,-0.2091603053435115,1.013857142857143,722.4285714285714
Snakebite Case,2026-04-23 05:00:00+00:00,1.038,669,0.007766990291262044,0.2915057915057915,1.0197142857142858,706.1428571428571
Snakebite Case,2026-04-23 06:00:00+00:00,1.03,464,-0.0077071290944122905,-0.30642750373692074,1.0227142857142857,658.8571428571429
Snakebite Case,2026-04-23 07:00:00+00:00,1.03,480,0.0,0.034482758620689724,1.0254285714285714,597.7142857142857
Snakebite Case,2026-04-23 08:00:00+00:00,1.023,474,-0.006796116504854455,-0.012499999999999956,1.0301428571428572,546.8571428571429
Snakebite Case,2026-04-23 09:00:00+00:00,1.021,415,-0.0019550342130987275,-0.12447257383966248,1.028857142857143,525.0
Snakebite Case,2026-04-23 10:00:00+00:00,1.013,547,-0.007835455435847183,0.31807228915662655,1.0264285714285715,509.57142857142856
Snakebite Case,2026-04-23 11:00:00+00:00,1.013,477,0.0,-0.12797074954296161,1.0239999999999998,503.7142857142857
Snakebite Case,2026-04-23 12:00:00+00:00,1.01,469,-0.0029615004935833467,-0.016771488469601636,1.0199999999999998,475.14285714285717
Snakebite Case,2026-04-23 13:00:00+00:00,0.997,490,-0.012871287128712883,0.04477611940298498,1.0152857142857143,478.85714285714283
Snakebite Case,2026-04-23 14:00:00+00:00,1.0,722,0.0030090270812437314,0.47346938775510194,1.011,513.4285714285714
Snakebite Case,2026-04-23 15:00:00+00:00,1.0,724,0.0,0.0027700831024930483,1.0077142857142858,549.1428571428571
Snakebite Case,2026-04-23 16:00:00+00:00,0.99,648,-0.010000000000000009,-0.10497237569060769,1.0032857142857143,582.4285714285714
Snakebite Case,2026-04-23 17:00:00+00:00,0.997,895,0.007070707070707005,0.38117283950617287,1.001,632.1428571428571
Snakebite Case,2026-04-23 18:00:00+00:00,1.009,1032,0.012036108324974926,0.15307262569832392,1.0004285714285714,711.4285714285714
Snakebite Case,2026-04-23 19:00:00+00:00,1.001,747,-0.007928642220019877,-0.27616279069767447,0.9991428571428571,751.1428571428571
Snakebite Case,2026-04-23 20:00:00+00:00,1.009,1079,0.007992007992007943,0.4444444444444444,1.0008571428571427,835.2857142857143
Snakebite Case,2026-04-23 21:00:00+00:00,1.0,891,-0.008919722497522153,-0.17423540315106578,1.0008571428571427,859.4285714285714
Snakebite Case,2026-04-23 22:00:00+00:00,1.01,902,0.010000000000000009,0.012345679012345734,1.0022857142857142,884.8571428571429
Snakebite Case,2026-04-23 23:00:00+00:00,1.025,909,0.014851485148514865,0.0077605321507761005,1.0072857142857143,922.1428571428571
Snakebite Case,2026-04-24 00:00:00+00:00,1.025,861,0.0,-0.05280528052805278,1.0112857142857143,917.2857142857143
Snakebite Case,2026-04-24 01:00:00+00:00,1.01,622,-0.014634146341463317,-0.27758420441347276,1.0114285714285713,858.7142857142857
Snakebite Case,2026-04-24 02:00:00+00:00,1.017,628,0.006930693069306937,0.009646302250803762,1.0137142857142858,841.7142857142857
Snakebite Case,2026-04-24 03:00:00+00:00,1.03,554,0.012782694198623545,-0.11783439490445857,1.0167142857142857,766.7142857142857
Snakebite Case,2026-04-24 04:00:00+00:00,1.03,486,0.0,-0.12274368231046928,1.0210000000000001,708.8571428571429
Snakebite Case,2026-04-24 05:00:00+00:00,1.01,494,-0.01941747572815533,0.016460905349794164,1.0210000000000001,650.5714285714286
Snakebite Case,2026-04-24 06:00:00+00:00,1.01,367,0.0,-0.257085020242915,1.018857142857143,573.1428571428571
Snakebite Case,2026-04-24 07:00:00+00:00,0.97,434,-0.03960396039603964,0.18256130790190728,1.011,512.1428571428571
Snakebite Case,2026-04-24 08:00:00+00:00,0.984,383,0.014432989690721598,-0.11751152073732718,1.0072857142857143,478.0
Snakebite Case,2026-04-24 09:00:00+00:00,0.993,343,0.009146341463414753,-0.1044386422976501,1.0038571428571428,437.2857142857143
Snakebite Case,2026-04-24 10:00:00+00:00,0.985,386,-0.00805639476334341,0.12536443148688048,0.9974285714285713,413.2857142857143
Snakebite Case,2026-04-24 11:00:00+00:00,0.99,503,0.0050761421319796,0.3031088082901554,0.9917142857142858,415.7142857142857
Snakebite Case,2026-04-24 12:00:00+00:00,0.981,534,-0.00909090909090915,0.06163021868787277,0.9875714285714284,421.42857142857144
Snakebite Case,2026-04-24 13:00:00+00:00,0.946,801,-0.03567787971457703,0.5,0.9784285714285714,483.42857142857144
Snakebite Case,2026-04-24 14:00:00+00:00,0.988,795,0.044397463002114224,-0.0074906367041198685,0.981,535.0
Snakebite Case,2026-04-24 15:00:00+00:00,0.998,730,0.010121457489878471,-0.08176100628930816,0.983,584.5714285714286
Snakebite Case,2026-04-24 16:00:00+00:00,1.0,810,0.002004008016031955,0.1095890410958904,0.984,651.2857142857143
Snakebite Case,2026-04-24 17:00:00+00:00,1.01,988,0.010000000000000009,0.219753086419753,0.9875714285714287,737.2857142857143
Snakebite Case,2026-04-24 18:00:00+00:00,1.01,955,0.0,-0.0334008097165992,0.9904285714285714,801.8571428571429
Snakebite Case,2026-04-24 19:00:00+00:00,1.005,1238,-0.004950495049505066,0.2963350785340315,0.9938571428571429,902.4285714285714
Snakebite Case,2026-04-24 20:00:00+00:00,1.011,1633,0.005970149253731405,0.3190630048465266,1.0031428571428571,1021.2857142857143
Snakebite Case,2026-04-24 21:00:00+00:00,1.013,1504,0.001978239366963397,-0.07899571341090017,1.0067142857142857,1122.5714285714287
Snakebite Case,2026-04-24 22:00:00+00:00,1.01,1071,-0.0029615004935833467,-0.2878989361702128,1.0084285714285712,1171.2857142857142
Snakebite Case,2026-04-24 23:00:00+00:00,1.018,775,0.007920792079207928,-0.27637721755368816,1.011,1166.2857142857142
Snakebite Case,2026-04-25 00:00:00+00:00,1.03,1143,0.011787819253438192,0.47483870967741937,1.0138571428571428,1188.4285714285713
Snakebite Case,2026-04-25 01:00:00+00:00,1.03,875,0.0,-0.23447069116360453,1.0167142857142857,1177.0
Snakebite Case,2026-04-25 02:00:00+00:00,1.03,993,0.0,0.1348571428571428,1.0202857142857142,1142.0
Snakebite Case,2026-04-25 03:00:00+00:00,1.04,930,0.009708737864077666,-0.06344410876132933,1.0244285714285715,1041.5714285714287
Snakebite Case,2026-04-25 04:00:00+00:00,1.034,797,-0.005769230769230749,-0.1430107526881721,1.0274285714285714,940.5714285714286
Snakebite Case,2026-04-25 05:00:00+00:00,1.03,605,-0.003868471953578312,-0.24090338770388964,1.0302857142857145,874.0
Snakebite Case,2026-04-25 06:00:00+00:00,1.01,737,-0.01941747572815533,0.21818181818181825,1.0291428571428571,868.5714285714286
Snakebite Case,2026-04-25 07:00:00+00:00,1.01,716,0.0,-0.028493894165535938,1.0262857142857142,807.5714285714286
Snakebite Case,2026-04-25 08:00:00+00:00,1.012,741,0.001980198019801982,0.034916201117318524,1.0237142857142858,788.4285714285714
Snakebite Case,2026-04-25 09:00:00+00:00,1.0,452,-0.011857707509881465,-0.3900134952766532,1.0194285714285714,711.1428571428571
Snakebite Case,2026-04-25 10:00:00+00:00,0.998,314,-0.0020000000000000018,-0.30530973451327437,1.0134285714285713,623.1428571428571
Snakebite Case,2026-04-25 11:00:00+00:00,1.018,651,0.02004008016032066,1.073248407643312,1.0111428571428571,602.2857142857143
Snakebite Case,2026-04-25 12:00:00+00:00,1.017,755,-0.0009823182711199419,0.15975422427035335,1.0092857142857141,623.7142857142857
Snakebite Case,2026-04-25 13:00:00+00:00,1.018,580,0.000983284169125076,-0.23178807947019864,1.0104285714285715,601.2857142857143
Snakebite Case,2026-04-25 14:00:00+00:00,1.018,662,0.0,0.14137931034482754,1.0115714285714286,593.5714285714286
Snakebite Case,2026-04-25 15:00:00+00:00,0.997,773,-0.02062868369351667,0.1676737160120847,1.0094285714285713,598.1428571428571
Snakebite Case,2026-04-25 16:00:00+00:00,1.0,758,0.0030090270812437314,-0.019404915912031084,1.0094285714285713,641.8571428571429
Snakebite Case,2026-04-25 17:00:00+00:00,1.006,671,0.006000000000000005,-0.11477572559366755,1.0105714285714285,692.8571428571429
Snakebite Case,2026-04-25 18:00:00+00:00,1.01,1165,0.003976143141153132,0.7362146050670642,1.0094285714285713,766.2857142857143
Snakebite Case,2026-04-25 19:00:00+00:00,1.021,1068,0.0108910891089109,-0.08326180257510729,1.01,811.0
Snakebite Case,2026-04-25 20:00:00+00:00,1.022,1170,0.0009794319294809117,0.09550561797752799,1.0105714285714285,895.2857142857143
Snakebite Case,2026-04-25 21:00:00+00:00,1.025,1287,0.0029354207436398383,0.10000000000000009,1.0115714285714286,984.5714285714286
Snakebite Case,2026-04-25 22:00:00+00:00,1.028,1133,0.0029268292682926855,-0.11965811965811968,1.016,1036.0
Snakebite Case,2026-04-25 23:00:00+00:00,1.0,1230,-0.027237354085603127,0.08561341571050307,1.016,1103.4285714285713
Snakebite Case,2026-04-26 00:00:00+00:00,1.025,855,0.02499999999999991,-0.30487804878048785,1.0187142857142857,1129.7142857142858
Snakebite Case,2026-04-26 01:00:00+00:00,1.03,930,0.004878048780487809,0.08771929824561409,1.0215714285714286,1096.142857142857
Snakebite Case,2026-04-26 02:00:00+00:00,1.04,968,0.009708737864077666,0.04086021505376336,1.0242857142857142,1081.857142857143
Snakebite Case,2026-04-26 03:00:00+00:00,1.037,727,-0.0028846153846154854,-0.24896694214876036,1.0264285714285715,1018.5714285714286
Snakebite Case,2026-04-26 04:00:00+00:00,1.033,686,-0.0038572806171649487,-0.0563961485557084,1.0275714285714286,932.7142857142857
Snakebite Case,2026-04-26 05:00:00+00:00,1.033,642,0.0,-0.06413994169096215,1.0282857142857142,862.5714285714286
Snakebite Case,2026-04-26 06:00:00+00:00,1.036,468,0.0029041626331076653,-0.2710280373831776,1.0334285714285714,753.7142857142857
Snakebite Case,2026-04-26 07:00:00+00:00,1.034,700,-0.0019305019305019266,0.49572649572649574,1.0347142857142857,731.5714285714286
Snakebite Case,2026-04-26 08:00:00+00:00,0.996,496,-0.03675048355899424,-0.2914285714285715,1.0298571428571428,669.5714285714286
Snakebite Case,2026-04-26 09:00:00+00:00,0.99,454,-0.0060240963855421326,-0.08467741935483875,1.0227142857142857,596.1428571428571
Snakebite Case,2026-04-26 10:00:00+00:00,0.983,579,-0.007070707070707116,0.27533039647577096,1.015,575.0
Snakebite Case,2026-04-26 11:00:00+00:00,0.983,518,0.0,-0.10535405872193437,1.0078571428571428,551.0
Snakebite Case,2026-04-26 12:00:00+00:00,0.993,683,0.010172939979654183,0.31853281853281845,1.002142857142857,556.8571428571429
Snakebite Case,2026-04-26 13:00:00+00:00,0.998,505,0.0050352467270895485,-0.260614934114202,0.9967142857142858,562.1428571428571
Snakebite Case,2026-04-26 14:00:00+00:00,1.006,606,0.008016032064128265,0.19999999999999996,0.9927142857142857,548.7142857142857
Snakebite Case,2026-04-26 15:00:00+00:00,1.0,891,-0.005964214711729587,0.47029702970297027,0.9932857142857142,605.1428571428571
Snakebite Case,2026-04-26 16:00:00+00:00,1.0,757,0.0,-0.1503928170594837,0.9947142857142856,648.4285714285714
Snakebite Case,2026-04-26 17:00:00+00:00,1.0,921,0.0,0.21664464993394983,0.9971428571428572,697.2857142857143
Snakebite Case,2026-04-26 18:00:00+00:00,1.006,1159,0.006000000000000005,0.2584147665580889,1.0004285714285712,788.8571428571429
Snakebite Case,2026-04-26 19:00:00+00:00,1.0,1062,-0.005964214711729587,-0.08369283865401211,1.0014285714285713,843.0
Snakebite Case,2026-04-26 20:00:00+00:00,1.009,1349,0.008999999999999897,0.27024482109227876,1.003,963.5714285714286
Snakebite Case,2026-04-26 21:00:00+00:00,1.018,1081,0.008919722497522375,-0.19866567828020754,1.0047142857142857,1031.4285714285713
Snakebite Case,2026-04-26 22:00:00+00:00,1.03,970,0.011787819253438192,-0.10268270120259015,1.009,1042.7142857142858
Snakebite Case,2026-04-26 23:00:00+00:00,1.025,1200,-0.004854368932038944,0.23711340206185572,1.0125714285714287,1106.0
Snakebite Case,2026-04-27 00:00:00+00:00,1.03,939,0.004878048780487809,-0.21750000000000003,1.0168571428571427,1108.5714285714287
Snakebite Case,2026-04-27 01:00:00+00:00,1.03,747,0.0,-0.20447284345047922,1.0202857142857142,1049.7142857142858
Snakebite Case,2026-04-27 02:00:00+00:00,1.04,585,0.009708737864077666,-0.2168674698795181,1.026,981.5714285714286
Snakebite Case,2026-04-27 03:00:00+00:00,1.026,945,-0.013461538461538525,0.6153846153846154,1.0284285714285715,923.8571428571429
Snakebite Case,2026-04-27 04:00:00+00:00,1.03,623,0.003898635477582957,-0.3407407407407408,1.0301428571428572,858.4285714285714
Snakebite Case,2026-04-27 05:00:00+00:00,1.03,581,0.0,-0.0674157303370787,1.0301428571428572,802.8571428571429
Snakebite Case,2026-04-27 06:00:00+00:00,1.04,471,0.009708737864077666,-0.18932874354561102,1.0322857142857145,698.7142857142857
Snakebite Case,2026-04-27 07:00:00+00:00,1.03,625,-0.009615384615384581,0.3269639065817409,1.0322857142857143,653.8571428571429
Snakebite Case,2026-04-27 08:00:00+00:00,0.981,324,-0.04757281553398063,-0.48160000000000003,1.0252857142857141,593.4285714285714
Snakebite Case,2026-04-27 09:00:00+00:00,0.98,868,-0.0010193679918450993,1.6790123456790123,1.0167142857142857,633.8571428571429
Snakebite Case,2026-04-27 10:00:00+00:00,0.998,447,0.01836734693877551,-0.48502304147465436,1.0127142857142857,562.7142857142857
Snakebite Case,2026-04-27 11:00:00+00:00,1.01,516,0.012024048096192397,0.15436241610738266,1.0098571428571428,547.4285714285714
Snakebite Case,2026-04-27 12:00:00+00:00,1.018,347,0.007920792079207928,-0.32751937984496127,1.008142857142857,514.0
Snakebite Case,2026-04-27 13:00:00+00:00,1.018,540,0.0,0.5561959654178674,1.0050000000000001,523.8571428571429
Snakebite Case,2026-04-27 14:00:00+00:00,1.018,499,0.0,-0.07592592592592595,1.0032857142857143,505.85714285714283
Snakebite Case,2026-04-27 15:00:00+00:00,1.001,577,-0.016699410609037457,0.15631262525050094,1.0061428571428572,542.0
Snakebite Case,2026-04-27 16:00:00+00:00,1.01,616,0.00899100899100902,0.06759098786828432,1.0104285714285715,506.0
Snakebite Case,2026-04-27 17:00:00+00:00,1.022,671,0.011881188118811892,0.08928571428571419,1.0138571428571428,538.0
Snakebite Case,2026-04-27 18:00:00+00:00,1.01,894,-0.011741682974559686,0.33233979135618474,1.0138571428571428,592.0
Snakebite Case,2026-04-27 19:00:00+00:00,1.012,953,0.001980198019801982,0.06599552572706946,1.0130000000000001,678.5714285714286
Snakebite Case,2026-04-27 20:00:00+00:00,1.018,710,0.005928853754940677,-0.25498426023084997,1.0130000000000001,702.8571428571429
Snakebite Case,2026-04-27 21:00:00+00:00,1.026,851,0.007858546168958647,0.1985915492957746,1.0141428571428572,753.1428571428571
Snakebite Case,2026-04-27 22:00:00+00:00,1.03,958,0.003898635477582957,0.12573443008225627,1.0182857142857142,807.5714285714286
Snakebite Case,2026-04-27 23:00:00+00:00,1.03,833,0.0,-0.13048016701461373,1.0211428571428571,838.5714285714286
Snakebite Case,2026-04-28 00:00:00+00:00,1.03,675,0.0,-0.18967587034813926,1.0222857142857145,839.1428571428571
Snakebite Case,2026-04-28 01:00:00+00:00,1.04,679,0.009708737864077666,0.00592592592592589,1.0265714285714287,808.4285714285714
Snakebite Case,2026-04-28 02:00:00+00:00,1.04,709,0.0,0.044182621502209196,1.0305714285714287,773.5714285714286
Snakebite Case,2026-04-28 03:00:00+00:00,1.04,762,0.0,0.07475317348378008,1.0337142857142858,781.0
Snakebite Case,2026-04-28 04:00:00+00:00,1.04,623,0.0,-0.1824146981627297,1.0357142857142858,748.4285714285714
Snakebite Case,2026-04-28 05:00:00+00:00,1.04,700,0.0,0.12359550561797761,1.0371428571428571,711.5714285714286
Snakebite Case,2026-04-28 06:00:00+00:00,1.03,421,-0.009615384615384581,-0.3985714285714286,1.0371428571428571,652.7142857142857
Snakebite Case,2026-04-28 07:00:00+00:00,1.03,598,0.0,0.4204275534441806,1.0371428571428571,641.7142857142857
Snakebite Case,2026-04-28 08:00:00+00:00,1.02,343,-0.009708737864077666,-0.4264214046822743,1.0342857142857143,593.7142857142857
Snakebite Case,2026-04-28 09:00:00+00:00,1.0,411,-0.019607843137254943,0.1982507288629738,1.0285714285714287,551.1428571428571
Snakebite Case,2026-04-28 10:00:00+00:00,1.016,515,0.016000000000000014,0.25304136253041354,1.0251428571428571,515.8571428571429
Snakebite Case,2026-04-28 11:00:00+00:00,1.022,329,0.0059055118110236116,-0.36116504854368936,1.0225714285714285,473.85714285714283
Snakebite Case,2026-04-28 12:00:00+00:00,1.016,436,-0.005870841487279899,0.32522796352583594,1.0191428571428571,436.14285714285717
Snakebite Case,2026-04-28 13:00:00+00:00,1.01,377,-0.0059055118110236116,-0.13532110091743121,1.0162857142857145,429.85714285714283
Snakebite Case,2026-04-28 14:00:00+00:00,1.01,530,0.0,0.40583554376657816,1.0134285714285716,420.14285714285717
Snakebite Case,2026-04-28 15:00:00+00:00,0.99,685,-0.01980198019801982,0.2924528301886793,1.0091428571428571,469.0
Snakebite Case,2026-04-28 16:00:00+00:00,0.995,665,0.005050505050504972,-0.029197080291970767,1.0084285714285715,505.2857142857143
Snakebite Case,2026-04-28 17:00:00+00:00,0.999,1007,0.004020100502512669,0.5142857142857142,1.006,575.5714285714286
Snakebite Case,2026-04-28 18:00:00+00:00,1.01,784,0.011011011011011096,-0.2214498510427011,1.0042857142857142,640.5714285714286
Snakebite Case,2026-04-28 19:00:00+00:00,1.003,747,-0.006930693069307048,-0.04719387755102045,1.0024285714285714,685.0
Snakebite Case,2026-04-28 20:00:00+00:00,1.01,683,0.006979062811565351,-0.08567603748326635,1.0024285714285714,728.7142857142857
Snakebite Case,2026-04-28 21:00:00+00:00,1.018,750,0.007920792079207928,0.0980966325036603,1.0035714285714286,760.1428571428571
Snakebite Case,2026-04-28 22:00:00+00:00,1.023,647,0.004911591355599043,-0.1373333333333333,1.0082857142857142,754.7142857142857
Snakebite Case,2026-04-28 23:00:00+00:00,1.025,725,0.0019550342130987275,0.1205564142194746,1.0125714285714285,763.2857142857143
Snakebite Case,2026-04-29 00:00:00+00:00,1.03,600,0.004878048780487809,-0.1724137931034483,1.017,705.1428571428571
Snakebite Case,2026-04-29 01:00:00+00:00,1.014,730,-0.01553398058252431,0.21666666666666656,1.0175714285714286,697.4285714285714
Snakebite Case,2026-04-29 02:00:00+00:00,1.03,729,0.015779092702169706,-0.00136986301369868,1.0214285714285716,694.8571428571429
Snakebite Case,2026-04-29 03:00:00+00:00,1.03,625,0.0,-0.1426611796982168,1.0242857142857142,686.5714285714286
Snakebite Case,2026-04-29 04:00:00+00:00,1.03,389,0.0,-0.37760000000000005,1.026,635.0
Snakebite Case,2026-04-29 05:00:00+00:00,1.03,926,0.0,1.3804627249357329,1.027,674.8571428571429
Snakebite Case,2026-04-29 06:00:00+00:00,1.03,480,0.0,-0.48164146868250535,1.0277142857142858,639.8571428571429
Snakebite Case,2026-04-29 07:00:00+00:00,1.03,489,0.0,0.018750000000000044,1.0277142857142858,624.0
Snakebite Case,2026-04-29 08:00:00+00:00,1.03,464,0.0,-0.05112474437627812,1.03,586.0
Snakebite Case,2026-04-29 09:00:00+00:00,1.011,411,-0.018446601941747742,-0.11422413793103448,1.0272857142857144,540.5714285714286
Snakebite Case,2026-04-29 10:00:00+00:00,1.015,381,0.003956478733926794,-0.07299270072992703,1.0251428571428571,505.7142857142857
Snakebite Case,2026-04-29 11:00:00+00:00,1.005,382,-0.009852216748768461,0.002624671916010568,1.0215714285714286,504.7142857142857
Snakebite Case,2026-04-29 12:00:00+00:00,1.002,474,-0.0029850746268655914,0.24083769633507845,1.0175714285714286,440.14285714285717
Snakebite Case,2026-04-29 13:00:00+00:00,1.01,743,0.007984031936127733,0.5675105485232068,1.0147142857142857,477.7142857142857
Snakebite Case,2026-04-29 14:00:00+00:00,1.011,613,0.000990099009900991,-0.17496635262449534,1.012,495.42857142857144
Snakebite Case,2026-04-29 15:00:00+00:00,1.01,667,-0.0009891196834815874,0.0880913539967374,1.0091428571428571,524.4285714285714
Snakebite Case,2026-04-29 16:00:00+00:00,1.01,816,0.0,0.22338830584707647,1.009,582.2857142857143
Snakebite Case,2026-04-29 17:00:00+00:00,1.004,806,-0.005940594059405946,-0.01225490196078427,1.0074285714285713,643.0
Snakebite Case,2026-04-29 18:00:00+00:00,1.005,1159,0.0009960159362549792,0.4379652605459057,1.0074285714285713,754.0
Snakebite Case,2026-04-29 19:00:00+00:00,1.005,1259,0.0,0.08628127696289911,1.0078571428571428,866.1428571428571
Snakebite Case,2026-04-29 20:00:00+00:00,1.01,1103,0.004975124378109541,-0.1239078633836378,1.0078571428571428,917.5714285714286
Snakebite Case,2026-04-29 21:00:00+00:00,1.01,880,0.0,-0.2021758839528558,1.0077142857142858,955.7142857142857
Snakebite Case,2026-04-29 22:00:00+00:00,1.01,1010,0.0,0.1477272727272727,1.0077142857142858,1004.7142857142857
Snakebite Case,2026-04-29 23:00:00+00:00,1.03,1317,0.01980198019801982,0.303960396039604,1.0105714285714285,1076.2857142857142
Snakebite Case,2026-04-30 00:00:00+00:00,1.03,989,0.0,-0.24905087319665908,1.0142857142857142,1102.4285714285713
Snakebite Case,2026-04-30 01:00:00+00:00,1.03,815,0.0,-0.1759352881698686,1.0178571428571428,1053.2857142857142
Snakebite Case,2026-04-30 02:00:00+00:00,1.03,662,0.0,-0.18773006134969328,1.0214285714285716,968.0
Snakebite Case,2026-04-30 03:00:00+00:00,1.01,615,-0.01941747572815533,-0.07099697885196377,1.0214285714285716,898.2857142857143
Snakebite Case,2026-04-30 04:00:00+00:00,1.022,522,0.011881188118811892,-0.15121951219512197,1.0231428571428571,847.1428571428571
Snakebite Case,2026-04-30 05:00:00+00:00,1.03,492,0.007827788649706457,-0.05747126436781613,1.026,773.1428571428571
Snakebite Case,2026-04-30 06:00:00+00:00,1.01,391,-0.01941747572815533,-0.2052845528455285,1.0231428571428571,640.8571428571429
Snakebite Case,2026-04-30 07:00:00+00:00,1.022,560,0.011881188118811892,0.4322250639386189,1.022,579.5714285714286
Snakebite Case,2026-04-30 08:00:00+00:00,1.01,409,-0.011741682974559686,-0.2696428571428572,1.0191428571428571,521.5714285714286
Snakebite Case,2026-04-30 09:00:00+00:00,1.01,446,0.0,0.09046454767726164,1.0162857142857142,490.7142857142857
Snakebite Case,2026-04-30 10:00:00+00:00,1.005,355,-0.004950495049505066,-0.20403587443946192,1.0155714285714286,453.57142857142856
Snakebite Case,2026-04-30 11:00:00+00:00,1.005,445,0.0,0.2535211267605635,1.0131428571428571,442.57142857142856
Snakebite Case,2026-04-30 12:00:00+00:00,1.01,335,0.004975124378109541,-0.2471910112359551,1.0102857142857142,420.14285714285717
Snakebite Case,2026-04-30 13:00:00+00:00,0.998,490,-0.011881188118811892,0.4626865671641791,1.0085714285714285,434.2857142857143
Snakebite Case,2026-04-30 14:00:00+00:00,1.008,548,0.01002004008016022,0.1183673469387756,1.0065714285714285,432.57142857142856
Snakebite Case,2026-04-30 15:00:00+00:00,1.007,537,-0.0009920634920635996,-0.02007299270072993,1.006142857142857,450.85714285714283
Snakebite Case,2026-04-30 16:00:00+00:00,1.005,764,-0.0019860973187686426,0.4227188081936686,1.0054285714285716,496.2857142857143
Snakebite Case,2026-04-30 17:00:00+00:00,1.005,815,0.0,0.06675392670157065,1.0054285714285716,562.0
Snakebite Case,2026-04-30 18:00:00+00:00,1.005,1037,0.0,0.2723926380368098,1.0054285714285716,646.5714285714286
Snakebite Case,2026-04-30 19:00:00+00:00,1.01,1074,0.004975124378109541,0.03567984570877525,1.0054285714285716,752.1428571428571
Snakebite Case,2026-04-30 20:00:00+00:00,1.012,1071,0.001980198019801982,-0.0027932960893854997,1.0074285714285713,835.1428571428571
Snakebite Case,2026-04-30 21:00:00+00:00,1.023,1075,0.01086956521739113,0.0037348272642390157,1.0095714285714286,910.4285714285714
Snakebite Case,2026-04-30 22:00:00+00:00,1.023,1068,0.0,-0.006511627906976791,1.0118571428571428,986.2857142857143
Snakebite Case,2026-04-30 23:00:00+00:00,1.03,1188,0.006842619745845768,0.1123595505617978,1.0154285714285713,1046.857142857143
Snakebite Case,2026-05-01 00:00:00+00:00,1.03,1008,0.0,-0.1515151515151515,1.019,1074.4285714285713
Snakebite Case,2026-05-01 01:00:00+00:00,1.03,908,0.0,-0.09920634920634919,1.0225714285714287,1056.0
Snakebite Case,2026-05-01 02:00:00+00:00,1.03,750,0.0,-0.17400881057268724,1.0254285714285714,1009.7142857142857
Snakebite Case,2026-05-01 03:00:00+00:00,1.03,694,0.0,-0.07466666666666666,1.028,955.8571428571429
Snakebite Case,2026-05-01 04:00:00+00:00,1.01,600,-0.01941747572815533,-0.13544668587896258,1.0261428571428572,888.0
Snakebite Case,2026-05-01 05:00:00+00:00,1.01,478,0.0,-0.20333333333333337,1.0242857142857142,803.7142857142857
Snakebite Case,2026-05-01 06:00:00+00:00,1.03,728,0.01980198019801982,0.5230125523012552,1.0242857142857145,738.0
Snakebite Case,2026-05-01 07:00:00+00:00,1.03,709,0.0,-0.026098901098901117,1.0242857142857142,695.2857142857143
Snakebite Case,2026-05-01 08:00:00+00:00,1.016,566,-0.013592233009708798,-0.20169252468265164,1.0222857142857145,646.4285714285714
Snakebite Case,2026-05-01 09:00:00+00:00,1.01,621,-0.0059055118110236116,0.09717314487632511,1.0194285714285714,628.0
Snakebite Case,2026-05-01 10:00:00+00:00,1.0,450,-0.00990099009900991,-0.2753623188405797,1.0151428571428571,593.1428571428571
Snakebite Case,2026-05-01 11:00:00+00:00,1.004,583,0.0040000000000000036,0.29555555555555557,1.0142857142857142,590.7142857142857
Snakebite Case,2026-05-01 12:00:00+00:00,1.0,582,-0.003984063745019917,-0.0017152658662092923,1.012857142857143,605.5714285714286
Snakebite Case,2026-05-01 13:00:00+00:00,1.004,866,0.0040000000000000036,0.48797250859106533,1.0091428571428571,625.2857142857143
Snakebite Case,2026-05-01 14:00:00+00:00,1.01,567,0.005976095617529875,-0.3452655889145496,1.0062857142857144,605.0
Snakebite Case,2026-05-01 15:00:00+00:00,1.01,640,0.0,0.12874779541446202,1.0054285714285716,615.5714285714286
Snakebite Case,2026-05-01 16:00:00+00:00,1.01,776,0.0,0.2124999999999999,1.0054285714285716,637.7142857142857
Snakebite Case,2026-05-01 17:00:00+00:00,1.016,773,0.005940594059405946,-0.0038659793814432852,1.0077142857142858,683.8571428571429
Snakebite Case,2026-05-01 18:00:00+00:00,1.016,864,0.0,0.11772315653298837,1.0094285714285716,724.0
Snakebite Case,2026-05-01 19:00:00+00:00,1.016,772,0.0,-0.10648148148148151,1.0117142857142858,751.1428571428571
Snakebite Case,2026-05-01 20:00:00+00:00,1.025,838,0.008858267716535417,0.0854922279792747,1.0147142857142857,747.1428571428571
Snakebite Case,2026-05-01 21:00:00+00:00,1.022,998,-0.0029268292682925745,0.19093078758949877,1.0164285714285715,808.7142857142857
Snakebite Case,2026-05-01 22:00:00+00:00,1.03,1329,0.007827788649706457,0.33166332665330667,1.0192857142857144,907.1428571428571
Snakebite Case,2026-05-01 23:00:00+00:00,1.03,1073,0.0,-0.19262603461249062,1.0221428571428572,949.5714285714286
Snakebite Case,2026-05-02 00:00:00+00:00,1.03,897,0.0,-0.16402609506057786,1.024142857142857,967.2857142857143
Snakebite Case,2026-05-02 01:00:00+00:00,1.011,882,-0.018446601941747742,-0.01672240802675584,1.0234285714285716,969.8571428571429
Snakebite Case,2026-05-02 02:00:00+00:00,1.03,804,0.018793273986152492,-0.08843537414965985,1.0254285714285714,974.4285714285714
Snakebite Case,2026-05-02 03:00:00+00:00,1.03,886,0.0,0.10199004975124382,1.026142857142857,981.2857142857143
Snakebite Case,2026-05-02 04:00:00+00:00,1.03,869,0.0,-0.019187358916478603,1.0272857142857144,962.8571428571429
Snakebite Case,2026-05-02 05:00:00+00:00,1.03,949,0.0,0.09205983889528202,1.0272857142857144,908.5714285714286
Snakebite Case,2026-05-02 06:00:00+00:00,1.037,634,0.006796116504854233,-0.3319283456269758,1.0282857142857142,845.8571428571429
Snakebite Case,2026-05-02 07:00:00+00:00,1.03,523,-0.0067502410800385215,-0.17507886435331232,1.0282857142857142,792.4285714285714
Snakebite Case,2026-05-02 08:00:00+00:00,1.025,535,-0.004854368932038944,0.02294455066921608,1.0302857142857142,742.8571428571429
Snakebite Case,2026-05-02 09:00:00+00:00,1.01,411,-0.014634146341463317,-0.23177570093457944,1.0274285714285714,686.7142857142857
Snakebite Case,2026-05-02 10:00:00+00:00,1.016,583,0.005940594059405946,0.4184914841849148,1.0254285714285714,643.4285714285714
Snakebite Case,2026-05-02 11:00:00+00:00,1.015,659,-0.0009842519685040463,0.130360205831904,1.0232857142857144,613.4285714285714
Snakebite Case,2026-05-02 12:00:00+00:00,1.011,469,-0.003940886699507429,-0.2883156297420334,1.0205714285714285,544.8571428571429
Snakebite Case,2026-05-02 13:00:00+00:00,1.015,517,0.003956478733926794,0.10234541577825151,1.0174285714285713,528.1428571428571
Snakebite Case,2026-05-02 14:00:00+00:00,1.022,601,0.006896551724137945,0.1624758220502902,1.0162857142857142,539.2857142857143
Snakebite Case,2026-05-02 15:00:00+00:00,1.03,792,0.007827788649706457,0.31780366056572373,1.017,576.0
Snakebite Case,2026-05-02 16:00:00+00:00,1.03,654,0.0,-0.1742424242424242,1.0198571428571428,610.7142857142857
Snakebite Case,2026-05-02 17:00:00+00:00,1.011,670,-0.018446601941747742,0.024464831804281273,1.0191428571428571,623.1428571428571
Snakebite Case,2026-05-02 18:00:00+00:00,1.011,817,0.0,0.21940298507462686,1.0185714285714285,645.7142857142857
Snakebite Case,2026-05-02 19:00:00+00:00,1.01,771,-0.0009891196834815874,-0.05630354957160344,1.0184285714285715,688.8571428571429
Snakebite Case,2026-05-02 20:00:00+00:00,1.01,894,0.0,0.1595330739299612,1.0177142857142856,742.7142857142857
Snakebite Case,2026-05-02 21:00:00+00:00,1.021,1026,0.0108910891089109,0.1476510067114094,1.0175714285714286,803.4285714285714
Snakebite Case,2026-05-02 22:00:00+00:00,1.03,826,0.008814887365328206,-0.1949317738791423,1.0175714285714286,808.2857142857143
Snakebite Case,2026-05-02 23:00:00+00:00,1.028,843,-0.001941747572815511,0.02058111380145289,1.0172857142857141,835.2857142857143
Snakebite Case,2026-05-03 00:00:00+00:00,1.03,884,0.0019455252918287869,0.048635824436536135,1.02,865.8571428571429
Snakebite Case,2026-05-03 01:00:00+00:00,1.03,835,0.0,-0.05542986425339369,1.022714285714286,868.4285714285714
Snakebite Case,2026-05-03 02:00:00+00:00,1.022,775,-0.007766990291262155,-0.07185628742514971,1.0244285714285715,869.0
Snakebite Case,2026-05-03 03:00:00+00:00,1.03,903,0.007827788649706457,0.16516129032258076,1.0272857142857144,870.2857142857143
Snakebite Case,2026-05-03 04:00:00+00:00,1.04,776,0.009708737864077666,-0.1406423034330011,1.03,834.5714285714286
Snakebite Case,2026-05-03 05:00:00+00:00,1.03,526,-0.009615384615384581,-0.3221649484536082,1.03,791.7142857142857
Snakebite Case,2026-05-03 06:00:00+00:00,1.04,653,0.009708737864077666,0.2414448669201521,1.0317142857142858,764.5714285714286
Snakebite Case,2026-05-03 07:00:00+00:00,1.034,677,-0.005769230769230749,0.03675344563552829,1.0322857142857143,735.0
Snakebite Case,2026-05-03 08:00:00+00:00,1.01,402,-0.023210831721470093,-0.40620384047267355,1.0294285714285714,673.1428571428571
Snakebite Case,2026-05-03 09:00:00+00:00,1.0,503,-0.00990099009900991,0.2512437810945274,1.0262857142857142,634.2857142857143
Snakebite Case,2026-05-03 10:00:00+00:00,0.99,587,-0.010000000000000009,0.16699801192842934,1.0205714285714287,589.1428571428571
Snakebite Case,2026-05-03 11:00:00+00:00,1.01,567,0.02020202020202011,-0.03407155025553665,1.0162857142857142,559.2857142857143
Snakebite Case,2026-05-03 12:00:00+00:00,1.01,544,0.0,-0.040564373897707284,1.0134285714285713,561.8571428571429
Snakebite Case,2026-05-03 13:00:00+00:00,1.01,986,0.0,0.8125,1.0091428571428571,609.4285714285714
Snakebite Case,2026-05-03 14:00:00+00:00,1.01,764,0.0,-0.22515212981744426,1.0057142857142858,621.8571428571429
Snakebite Case,2026-05-03 15:00:00+00:00,1.011,675,0.000990099009900991,-0.11649214659685869,1.005857142857143,660.8571428571429
Snakebite Case,2026-05-03 16:00:00+00:00,1.001,974,-0.009891196834816984,0.442962962962963,1.006,728.1428571428571
Snakebite Case,2026-05-03 17:00:00+00:00,1.011,1149,0.009990009990010096,0.17967145790554406,1.009,808.4285714285714
Snakebite Case,2026-05-03 18:00:00+00:00,1.027,928,0.015825914935707175,-0.19234116623150566,1.0114285714285713,860.0
Snakebite Case,2026-05-03 19:00:00+00:00,1.027,1095,0.0,0.1799568965517242,1.0138571428571428,938.7142857142857
Snakebite Case,2026-05-03 20:00:00+00:00,1.03,788,0.002921129503408171,-0.28036529680365296,1.0167142857142857,910.4285714285714
Snakebite Case,2026-05-03 21:00:00+00:00,1.03,1200,0.0,0.5228426395939085,1.0195714285714286,972.7142857142857
Snakebite Case,2026-05-03 22:00:00+00:00,1.03,1152,0.0,-0.040000000000000036,1.0222857142857142,1040.857142857143
Snakebite Case,2026-05-03 23:00:00+00:00,1.035,1036,0.004854368932038833,-0.10069444444444442,1.0271428571428571,1049.7142857142858
Snakebite Case,2026-05-04 00:00:00+00:00,1.038,640,0.0028985507246377384,-0.38223938223938225,1.031,977.0
Snakebite Case,2026-05-04 01:00:00+00:00,1.039,622,0.0009633911368014392,-0.028124999999999956,1.0327142857142857,933.2857142857143
Snakebite Case,2026-05-04 02:00:00+00:00,1.03,557,-0.008662175168431041,-0.10450160771704176,1.0331428571428571,856.4285714285714
Snakebite Case,2026-05-04 03:00:00+00:00,1.04,566,0.009708737864077666,0.016157989228007263,1.0345714285714285,824.7142857142857
Snakebite Case,2026-05-04 04:00:00+00:00,1.03,442,-0.009615384615384581,-0.21908127208480566,1.0345714285714285,716.4285714285714
Snakebite Case,2026-05-04 05:00:00+00:00,1.03,280,0.0,-0.36651583710407243,1.0345714285714285,591.8571428571429
Snakebite Case,2026-05-04 06:00:00+00:00,1.03,291,0.0,0.03928571428571437,1.0338571428571428,485.42857142857144
Snakebite Case,2026-05-04 07:00:00+00:00,1.037,318,0.006796116504854233,0.09278350515463907,1.0337142857142858,439.42857142857144
Snakebite Case,2026-05-04 08:00:00+00:00,1.03,369,-0.0067502410800385215,0.1603773584905661,1.0324285714285715,403.2857142857143
Snakebite Case,2026-05-04 09:00:00+00:00,1.011,468,-0.018446601941747742,0.2682926829268293,1.0297142857142858,390.57142857142856
Snakebite Case,2026-05-04 10:00:00+00:00,1.022,419,0.010880316518298905,-0.10470085470085466,1.0271428571428571,369.57142857142856
Snakebite Case,2026-05-04 11:00:00+00:00,1.011,425,-0.010763209393346518,0.014319809069212486,1.0244285714285712,367.14285714285717
Snakebite Case,2026-05-04 12:00:00+00:00,1.022,494,0.010880316518298905,0.1623529411764706,1.0232857142857141,397.7142857142857
Snakebite Case,2026-05-04 13:00:00+00:00,1.015,504,-0.006849315068493289,0.020242914979757165,1.0211428571428571,428.14285714285717
Snakebite Case,2026-05-04 14:00:00+00:00,1.011,520,-0.003940886699507429,0.031746031746031855,1.0174285714285713,457.0
Snakebite Case,2026-05-04 15:00:00+00:00,1.011,605,0.0,0.16346153846153855,1.0147142857142857,490.7142857142857
Snakebite Case,2026-05-04 16:00:00+00:00,1.022,834,0.010880316518298905,0.37851239669421477,1.0162857142857142,543.0
Snakebite Case,2026-05-04 17:00:00+00:00,1.011,594,-0.010763209393346518,-0.28776978417266186,1.0147142857142857,568.0
Snakebite Case,2026-05-04 18:00:00+00:00,0.999,417,-0.01186943620178027,-0.297979797979798,1.0130000000000001,566.8571428571429
Snakebite Case,2026-05-04 19:00:00+00:00,1.025,1020,0.026026026026025884,1.4460431654676258,1.0134285714285713,642.0
Snakebite Case,2026-05-04 20:00:00+00:00,1.025,968,0.0,-0.050980392156862786,1.0148571428571427,708.2857142857143
Snakebite Case,2026-05-04 21:00:00+00:00,0.991,878,-0.03317073170731699,-0.09297520661157022,1.012,759.4285714285714
Snakebite Case,2026-05-04 22:00:00+00:00,0.99,644,-0.0010090817356205317,-0.2665148063781321,1.009,765.0
Snakebite Case,2026-05-04 23:00:00+00:00,1.023,805,0.033333333333333215,0.25,1.0091428571428571,760.8571428571429
Snakebite Case,2026-05-05 00:00:00+00:00,1.03,794,0.006842619745845768,-0.013664596273291973,1.0118571428571428,789.4285714285714
Snakebite Case,2026-05-05 01:00:00+00:00,1.03,485,0.0,-0.389168765743073,1.0162857142857142,799.1428571428571
Snakebite Case,2026-05-05 02:00:00+00:00,1.03,678,0.0,0.3979381443298968,1.0170000000000001,750.2857142857143
Snakebite Case,2026-05-05 03:00:00+00:00,1.03,587,0.0,-0.13421828908554567,1.0177142857142858,695.8571428571429
Snakebite Case,2026-05-05 04:00:00+00:00,1.03,641,0.0,0.09199318568994896,1.0232857142857144,662.0
Snakebite Case,2026-05-05 05:00:00+00:00,1.03,292,0.0,-0.5444617784711389,1.0290000000000001,611.7142857142857
Snakebite Case,2026-05-05 06:00:00+00:00,1.01,405,-0.01941747572815533,0.3869863013698631,1.0271428571428571,554.5714285714286
Snakebite Case,2026-05-05 07:00:00+00:00,1.022,341,0.011881188118811892,-0.15802469135802466,1.026,489.85714285714283
Snakebite Case,2026-05-05 08:00:00+00:00,1.006,349,-0.015655577299412915,0.02346041055718473,1.0225714285714287,470.42857142857144
Snakebite Case,2026-05-05 09:00:00+00:00,1.0,333,-0.005964214711729587,-0.045845272206303744,1.0182857142857142,421.14285714285717
Snakebite Case,2026-05-05 10:00:00+00:00,0.998,172,-0.0020000000000000018,-0.48348348348348347,1.0137142857142858,361.85714285714283
Snakebite Case,2026-05-05 11:00:00+00:00,0.98,432,-0.018036072144288595,1.5116279069767442,1.0065714285714287,332.0
Snakebite Case,2026-05-05 12:00:00+00:00,0.971,430,-0.009183673469387754,-0.00462962962962965,0.9981428571428571,351.7142857142857
Snakebite Case,2026-05-05 13:00:00+00:00,0.979,489,0.008238928939237944,0.13720930232558137,0.9937142857142858,363.7142857142857
Snakebite Case,2026-05-05 14:00:00+00:00,0.979,878,0.0,0.7955010224948875,0.9875714285714287,440.42857142857144
Snakebite Case,2026-05-05 15:00:00+00:00,0.976,706,-0.003064351378958108,-0.19589977220956722,0.9832857142857143,491.42857142857144
Snakebite Case,2026-05-05 16:00:00+00:00,0.983,616,0.0071721311475410054,-0.12747875354107652,0.9808571428571428,531.8571428571429
Snakebite Case,2026-05-05 17:00:00+00:00,0.989,639,0.006103763987792554,0.03733766233766245,0.9795714285714286,598.5714285714286
Snakebite Case,2026-05-05 18:00:00+00:00,1.006,776,0.01718907987866536,0.21439749608763692,0.9832857142857143,647.7142857142857
Snakebite Case,2026-05-05 19:00:00+00:00,1.006,848,0.0,0.09278350515463907,0.9882857142857143,707.4285714285714
Snakebite Case,2026-05-05 20:00:00+00:00,0.993,776,-0.012922465208747513,-0.08490566037735847,0.9902857142857142,748.4285714285714
Snakebite Case,2026-05-05 21:00:00+00:00,1.01,837,0.017119838872104776,0.07860824742268036,0.9947142857142856,742.5714285714286
Snakebite Case,2026-05-05 22:00:00+00:00,1.006,538,-0.003960396039603964,-0.35722819593787336,0.9989999999999999,718.5714285714286
Snakebite Case,2026-05-05 23:00:00+00:00,1.01,564,0.003976143141153132,0.048327137546468446,1.002857142857143,711.1428571428571
Snakebite Case,2026-05-06 00:00:00+00:00,1.01,636,0.0,0.12765957446808507,1.005857142857143,710.7142857142857
Snakebite Case,2026-05-06 01:00:00+00:00,1.01,493,0.0,-0.2248427672955975,1.0064285714285715,670.2857142857143
Snakebite Case,2026-05-06 02:00:00+00:00,1.01,591,0.0,0.19878296146044616,1.007,633.5714285714286
Snakebite Case,2026-05-06 03:00:00+00:00,1.03,764,0.01980198019801982,0.2927241962774958,1.0122857142857142,631.8571428571429
Snakebite Case,2026-05-06 04:00:00+00:00,1.028,528,-0.001941747572815511,-0.3089005235602095,1.014857142857143,587.7142857142857
Snakebite Case,2026-05-06 05:00:00+00:00,1.028,524,0.0,-0.007575757575757569,1.018,585.7142857142857
Snakebite Case,2026-05-06 06:00:00+00:00,1.03,389,0.0019455252918287869,-0.25763358778625955,1.020857142857143,560.7142857142857
Snakebite Case,2026-05-06 07:00:00+00:00,1.01,270,-0.01941747572815533,-0.3059125964010283,1.020857142857143,508.42857142857144
Snakebite Case,2026-05-06 08:00:00+00:00,1.006,274,-0.003960396039603964,0.014814814814814836,1.0202857142857142,477.14285714285717
Snakebite Case,2026-05-06 09:00:00+00:00,0.98,278,-0.025844930417495027,0.014598540145985384,1.016,432.42857142857144
Snakebite Case,2026-05-06 10:00:00+00:00,0.981,307,0.0010204081632652073,0.10431654676258995,1.009,367.14285714285717
Snakebite Case,2026-05-06 11:00:00+00:00,0.983,370,0.0020387359836901986,0.2052117263843649,1.0025714285714287,344.57142857142856
Snakebite Case,2026-05-06 12:00:00+00:00,0.99,537,0.007121057985757906,0.4513513513513514,0.9971428571428572,346.42857142857144
Snakebite Case,2026-05-06 13:00:00+00:00,0.99,391,0.0,-0.27188081936685293,0.9914285714285713,346.7142857142857
Snakebite Case,2026-05-06 14:00:00+00:00,0.985,535,-0.005050505050505083,0.3682864450127876,0.9878571428571429,384.57142857142856
Snakebite Case,2026-05-06 15:00:00+00:00,0.971,615,-0.014213197969543123,0.14953271028037385,0.9828571428571429,433.2857142857143
Snakebite Case,2026-05-06 16:00:00+00:00,0.959,656,-0.012358393408856805,0.06666666666666665,0.9798571428571429,487.2857142857143
Snakebite Case,2026-05-06 17:00:00+00:00,0.962,706,0.0031282586027112647,0.07621951219512191,0.9771428571428571,544.2857142857143
Snakebite Case,2026-05-06 18:00:00+00:00,0.989,941,0.028066528066527985,0.33286118980169976,0.978,625.8571428571429
Snakebite Case,2026-05-06 19:00:00+00:00,0.98,772,-0.009100101112234582,-0.17959617428267804,0.9765714285714285,659.4285714285714
Snakebite Case,2026-05-06 20:00:00+00:00,0.97,747,-0.010204081632653073,-0.032383419689119175,0.9737142857142856,710.2857142857143
Snakebite Case,2026-05-06 21:00:00+00:00,0.993,730,0.023711340206185483,-0.022757697456492587,0.9748571428571429,738.1428571428571
Snakebite Case,2026-05-06 22:00:00+00:00,1.01,753,0.017119838872104776,0.03150684931506853,0.9804285714285713,757.8571428571429
Snakebite Case,2026-05-06 23:00:00+00:00,1.01,749,0.0,-0.005312084993359889,0.9877142857142857,771.1428571428571
Snakebite Case,2026-05-07 00:00:00+00:00,1.01,861,0.0,0.14953271028037385,0.9945714285714286,793.2857142857143
Snakebite Case,2026-05-07 01:00:00+00:00,1.01,959,0.0,0.11382113821138207,0.9975714285714286,795.8571428571429
Snakebite Case,2026-05-07 02:00:00+00:00,1.01,876,0.0,-0.08654848800834203,1.0018571428571428,810.7142857142857
Snakebite Case,2026-05-07 03:00:00+00:00,1.028,673,0.017821782178217838,-0.2317351598173516,1.010142857142857,800.1428571428571
Snakebite Case,2026-05-07 04:00:00+00:00,1.01,469,-0.017509727626459193,-0.3031203566121843,1.0125714285714287,762.8571428571429
Snakebite Case,2026-05-07 05:00:00+00:00,1.01,422,0.0,-0.10021321961620466,1.0125714285714287,715.5714285714286
Snakebite Case,2026-05-07 06:00:00+00:00,1.023,323,0.012871287128712883,-0.2345971563981043,1.0144285714285715,654.7142857142857
Snakebite Case,2026-05-07 07:00:00+00:00,1.01,319,-0.012707722385141618,-0.012383900928792602,1.0144285714285712,577.2857142857143
Snakebite Case,2026-05-07 08:00:00+00:00,1.002,333,-0.007920792079207928,0.043887147335423204,1.0132857142857143,487.85714285714283
Snakebite Case,2026-05-07 09:00:00+00:00,0.97,363,-0.031936127744511045,0.09009009009009006,1.0075714285714286,414.57142857142856
Snakebite Case,2026-05-07 10:00:00+00:00,0.98,460,0.010309278350515427,0.2672176308539944,1.000714285714286,384.14285714285717
Snakebite Case,2026-05-07 11:00:00+00:00,0.987,489,0.0071428571428571175,0.06304347826086953,0.9974285714285713,387.0
Snakebite Case,2026-05-07 12:00:00+00:00,0.99,392,0.003039513677811634,-0.19836400817995914,0.9945714285714286,382.7142857142857
Snakebite Case,2026-05-07 13:00:00+00:00,0.987,517,-0.00303030303030305,0.31887755102040827,0.9894285714285714,410.42857142857144
Snakebite Case,2026-05-07 14:00:00+00:00,0.99,625,0.003039513677811634,0.20889748549323017,0.9865714285714287,454.14285714285717
Snakebite Case,2026-05-07 15:00:00+00:00,1.0,644,0.010101010101010166,0.030399999999999983,0.9862857142857143,498.57142857142856
Snakebite Case,2026-05-07 16:00:00+00:00,1.0,790,0.0,0.22670807453416142,0.9905714285714285,559.5714285714286
Snakebite Case,2026-05-07 17:00:00+00:00,1.01,638,0.010000000000000009,-0.19240506329113927,0.9948571428571429,585.0
Snakebite Case,2026-05-07 18:00:00+00:00,1.01,808,0.0,0.26645768025078365,0.9981428571428571,630.5714285714286
Snakebite Case,2026-05-07 19:00:00+00:00,1.01,1024,0.0,0.26732673267326734,1.001,720.8571428571429
Snakebite Case,2026-05-07 20:00:00+00:00,1.01,939,0.0,-0.0830078125,1.0042857142857142,781.1428571428571
Snakebite Case,2026-05-07 21:00:00+00:00,1.01,910,0.0,-0.030883919062832832,1.0071428571428571,821.8571428571429
Snakebite Case,2026-05-07 22:00:00+00:00,0.95,1530,-0.05940594059405946,0.6813186813186813,1.0,948.4285714285714
Snakebite Case,2026-05-07 23:00:00+00:00,1.024,1028,0.07789473684210524,-0.32810457516339864,1.0034285714285713,982.4285714285714
Snakebite Case,2026-05-08 00:00:00+00:00,1.023,1023,-0.000976562500000111,-0.004863813229571967,1.0052857142857143,1037.4285714285713
Snakebite Case,2026-05-08 01:00:00+00:00,1.03,698,0.006842619745845768,-0.31769305962854355,1.0081428571428572,1021.7142857142857
Snakebite Case,2026-05-08 02:00:00+00:00,1.03,473,0.0,-0.3223495702005731,1.011,943.0
Snakebite Case,2026-05-08 03:00:00+00:00,1.03,472,0.0,-0.0021141649048626032,1.0138571428571428,876.2857142857143
Snakebite Case,2026-05-08 04:00:00+00:00,1.026,502,-0.003883495145631022,0.06355932203389836,1.016142857142857,818.0
Snakebite Case,2026-05-08 05:00:00+00:00,1.01,534,-0.015594541910331383,0.06374501992031867,1.0247142857142857,675.7142857142857
Snakebite Case,2026-05-08 06:00:00+00:00,1.01,405,0.0,-0.2415730337078652,1.0227142857142857,586.7142857142857
Snakebite Case,2026-05-08 07:00:00+00:00,1.025,390,0.014851485148514865,-0.03703703703703709,1.023,496.2857142857143
Snakebite Case,2026-05-08 08:00:00+00:00,1.0,404,-0.024390243902438935,0.03589743589743599,1.0187142857142857,454.2857142857143
Snakebite Case,2026-05-08 09:00:00+00:00,0.99,553,-0.010000000000000009,0.3688118811881189,1.0130000000000001,465.7142857142857
Snakebite Case,2026-05-08 10:00:00+00:00,0.989,433,-0.0010101010101010166,-0.21699819168173595,1.0071428571428571,460.14285714285717
Snakebite Case,2026-05-08 11:00:00+00:00,0.99,414,0.0010111223458038054,-0.04387990762124716,1.002,447.57142857142856
Snakebite Case,2026-05-08 12:00:00+00:00,0.989,502,-0.0010101010101010166,0.21256038647343,0.9989999999999999,443.0
Snakebite Case,2026-05-08 13:00:00+00:00,0.99,634,0.0010111223458038054,0.26294820717131473,0.9961428571428571,475.7142857142857
Snakebite Case,2026-05-08 14:00:00+00:00,0.99,648,0.0,0.02208201892744488,0.9911428571428572,512.5714285714286
Snakebite Case,2026-05-08 15:00:00+00:00,0.99,696,0.0,0.07407407407407418,0.9897142857142859,554.2857142857143
Snakebite Case,2026-05-08 16:00:00+00:00,1.0,712,0.010101010101010166,0.02298850574712641,0.9911428571428572,577.0
Snakebite Case,2026-05-08 17:00:00+00:00,1.0,911,0.0,0.279494382022472,0.9927142857142857,645.2857142857143
Snakebite Case,2026-05-08 18:00:00+00:00,1.0,957,0.0,0.05049396267837536,0.9941428571428571,722.8571428571429
Snakebite Case,2026-05-08 19:00:00+00:00,1.01,850,0.010000000000000009,-0.11180773249738762,0.9971428571428572,772.5714285714286
Snakebite Case,2026-05-08 20:00:00+00:00,1.012,1225,0.001980198019801982,0.4411764705882353,1.0002857142857142,857.0
Snakebite Case,2026-05-08 21:00:00+00:00,1.01,1067,-0.0019762845849802257,-0.12897959183673469,1.0031428571428571,916.8571428571429
Snakebite Case,2026-05-08 22:00:00+00:00,1.001,1105,-0.00891089108910903,0.03561387066541699,1.0047142857142857,975.2857142857143
Snakebite Case,2026-05-08 23:00:00+00:00,1.01,657,0.00899100899100902,-0.40542986425339367,1.006142857142857,967.4285714285714
Snakebite Case,2026-05-09 00:00:00+00:00,1.01,825,0.0,0.2557077625570776,1.0075714285714283,955.1428571428571
Snakebite Case,2026-05-09 01:00:00+00:00,1.01,653,0.0,-0.2084848484848485,1.009,911.7142857142857
Snakebite Case,2026-05-09 02:00:00+00:00,1.01,839,0.0,0.28483920367534465,1.009,910.1428571428571
Snakebite Case,2026-05-09 03:00:00+00:00,1.01,727,0.0,-0.133492252681764,1.0087142857142857,839.0
Snakebite Case,2026-05-09 04:00:00+00:00,1.012,819,0.001980198019801982,0.12654745529573597,1.0090000000000001,803.5714285714286
Snakebite Case,2026-05-09 05:00:00+00:00,1.026,743,0.01383399209486158,-0.0927960927960928,1.0125714285714287,751.8571428571429
Snakebite Case,2026-05-09 06:00:00+00:00,1.028,783,0.0019493177387914784,0.053835800807537026,1.0151428571428571,769.8571428571429
Snakebite Case,2026-05-09 07:00:00+00:00,1.026,590,-0.0019455252918287869,-0.24648786717752236,1.0174285714285716,736.2857142857143
Snakebite Case,2026-05-09 08:00:00+00:00,1.01,502,-0.015594541910331383,-0.14915254237288134,1.0174285714285713,714.7142857142857
Snakebite Case,2026-05-09 09:00:00+00:00,1.006,510,-0.003960396039603964,0.015936254980079667,1.016857142857143,667.7142857142857
Snakebite Case,2026-05-09 10:00:00+00:00,1.0,379,-0.005964214711729587,-0.2568627450980392,1.0154285714285716,618.0
Snakebite Case,2026-05-09 11:00:00+00:00,0.991,344,-0.009000000000000008,-0.09234828496042213,1.0124285714285715,550.1428571428571
Snakebite Case,2026-05-09 12:00:00+00:00,1.0,724,0.00908173562058523,1.1046511627906979,1.0087142857142857,547.4285714285714
Snakebite Case,2026-05-09 13:00:00+00:00,1.0,425,0.0,-0.4129834254143646,1.0047142857142857,496.2857142857143
Snakebite Case,2026-05-09 14:00:00+00:00,1.01,636,0.010000000000000009,0.4964705882352942,1.0024285714285714,502.85714285714283
Snakebite Case,2026-05-09 15:00:00+00:00,1.012,705,0.001980198019801982,0.10849056603773577,1.0027142857142857,531.8571428571429
Snakebite Case,2026-05-09 16:00:00+00:00,1.01,669,-0.0019762845849802257,-0.051063829787234005,1.0032857142857143,554.5714285714286
Snakebite Case,2026-05-09 17:00:00+00:00,1.001,707,-0.00891089108910903,0.05680119581464882,1.0034285714285713,601.4285714285714
Snakebite Case,2026-05-09 18:00:00+00:00,1.012,969,0.010989010989011172,0.3705799151343705,1.0064285714285715,690.7142857142857
Snakebite Case,2026-05-09 19:00:00+00:00,1.012,1180,0.0,0.21775025799793601,1.0081428571428572,755.8571428571429
Snakebite Case,2026-05-09 20:00:00+00:00,1.01,888,-0.0019762845849802257,-0.24745762711864405,1.0095714285714286,822.0
Snakebite Case,2026-05-09 21:00:00+00:00,1.01,854,0.0,-0.03828828828828834,1.0095714285714286,853.1428571428571
Snakebite Case,2026-05-09 22:00:00+00:00,1.012,1116,0.001980198019801982,0.30679156908665095,1.0095714285714286,911.8571428571429
Snakebite Case,2026-05-09 23:00:00+00:00,1.021,930,0.008893280632410905,-0.16666666666666663,1.0111428571428571,949.1428571428571
Snakebite Case,2026-05-10 00:00:00+00:00,1.027,869,0.00587659157688547,-0.06559139784946233,1.014857142857143,972.2857142857143
Snakebite Case,2026-05-10 01:00:00+00:00,1.026,753,-0.0009737098344692052,-0.13348676639815882,1.016857142857143,941.4285714285714
Snakebite Case,2026-05-10 02:00:00+00:00,1.03,586,0.003898635477582957,-0.2217795484727756,1.0194285714285714,856.5714285714286
Snakebite Case,2026-05-10 03:00:00+00:00,1.01,640,-0.01941747572815533,0.0921501706484642,1.0194285714285714,821.1428571428571
Snakebite Case,2026-05-10 04:00:00+00:00,1.03,914,0.01980198019801982,0.4281250000000001,1.0222857142857142,829.7142857142857
Snakebite Case,2026-05-10 05:00:00+00:00,1.023,564,-0.006796116504854455,-0.38293216630196936,1.0238571428571428,750.8571428571429
Snakebite Case,2026-05-10 06:00:00+00:00,1.03,540,0.006842619745845768,-0.04255319148936165,1.0251428571428571,695.1428571428571
Snakebite Case,2026-05-10 07:00:00+00:00,1.03,397,0.0,-0.26481481481481484,1.0255714285714286,627.7142857142857
Snakebite Case,2026-05-10 08:00:00+00:00,1.0,409,-0.029126213592232997,0.030226700251889227,1.021857142857143,578.5714285714286
Snakebite Case,2026-05-10 09:00:00+00:00,0.986,351,-0.014000000000000012,-0.14180929095354522,1.0155714285714286,545.0
Snakebite Case,2026-05-10 10:00:00+00:00,0.977,293,-0.009127789046653123,-0.16524216524216528,1.010857142857143,495.42857142857144
Snakebite Case,2026-05-10 11:00:00+00:00,0.98,541,0.003070624360286489,0.8464163822525597,1.0037142857142858,442.14285714285717
Snakebite Case,2026-05-10 12:00:00+00:00,0.989,494,0.009183673469387754,-0.08687615526802217,0.998857142857143,432.14285714285717
Snakebite Case,2026-05-10 13:00:00+00:00,1.003,792,0.01415571284125372,0.6032388663967612,0.995,468.14285714285717
Snakebite Case,2026-05-10 14:00:00+00:00,1.009,530,0.005982053838484491,-0.3308080808080808,0.992,487.14285714285717
Snakebite Case,2026-05-10 15:00:00+00:00,0.989,863,-0.019821605550049415,0.6283018867924528,0.9904285714285714,552.0
Snakebite Case,2026-05-10 16:00:00+00:00,1.001,730,0.01213346814964611,-0.15411355735805332,0.9925714285714287,606.1428571428571
Snakebite Case,2026-05-10 17:00:00+00:00,1.001,897,0.0,0.22876712328767113,0.9959999999999999,692.4285714285714
Snakebite Case,2026-05-10 18:00:00+00:00,1.01,868,0.00899100899100902,-0.032329988851728,1.0002857142857142,739.1428571428571
Snakebite Case,2026-05-10 19:00:00+00:00,1.012,950,0.001980198019801982,0.09447004608294929,1.0035714285714286,804.2857142857143
Snakebite Case,2026-05-10 20:00:00+00:00,1.012,939,0.0,-0.011578947368421022,1.004857142857143,825.2857142857143
Snakebite Case,2026-05-10 21:00:00+00:00,1.01,576,-0.0019762845849802257,-0.3865814696485623,1.0050000000000001,831.8571428571429
Snakebite Case,2026-05-10 22:00:00+00:00,1.01,870,0.0,0.5104166666666667,1.008,832.8571428571429
Snakebite Case,2026-05-10 23:00:00+00:00,1.01,629,0.0,-0.2770114942528735,1.0092857142857141,818.4285714285714
Snakebite Case,2026-05-11 00:00:00+00:00,1.01,846,0.0,0.34499205087440377,1.0105714285714285,811.1428571428571
Snakebite Case,2026-05-11 01:00:00+00:00,1.01,541,0.0,-0.3605200945626478,1.0105714285714285,764.4285714285714
Snakebite Case,2026-05-11 02:00:00+00:00,1.01,696,0.0,0.2865064695009243,1.0102857142857142,728.1428571428571
Snakebite Case,2026-05-11 03:00:00+00:00,1.01,848,0.0,0.21839080459770122,1.01,715.1428571428571
Snakebite Case,2026-05-11 04:00:00+00:00,1.01,569,0.0,-0.3290094339622641,1.01,714.1428571428571
Snakebite Case,2026-05-11 05:00:00+00:00,1.01,565,0.0,-0.007029876977152849,1.01,670.5714285714286
Snakebite Case,2026-05-11 06:00:00+00:00,1.01,525,0.0,-0.07079646017699115,1.01,655.7142857142857
Snakebite Case,2026-05-11 07:00:00+00:00,1.0,541,-0.00990099009900991,0.030476190476190546,1.0085714285714287,612.1428571428571
Snakebite Case,2026-05-11 08:00:00+00:00,0.99,279,-0.010000000000000009,-0.48428835489833644,1.0057142857142858,574.7142857142857
Snakebite Case,2026-05-11 09:00:00+00:00,0.99,379,0.0,0.3584229390681004,1.002857142857143,529.4285714285714
Snakebite Case,2026-05-11 10:00:00+00:00,0.99,251,0.0,-0.33773087071240104,1.0,444.14285714285717
Snakebite Case,2026-05-11 11:00:00+00:00,0.99,471,0.0,0.8764940239043826,0.9971428571428572,430.14285714285717
Snakebite Case,2026-05-11 12:00:00+00:00,0.97,364,-0.02020202020202022,-0.227176220806794,0.9914285714285714,401.42857142857144
Snakebite Case,2026-05-11 13:00:00+00:00,0.969,290,-0.0010309278350515427,-0.20329670329670335,0.9855714285714285,367.85714285714283
Snakebite Case,2026-05-11 14:00:00+00:00,0.965,416,-0.0041279669762641635,0.43448275862068964,0.9805714285714285,350.0
Snakebite Case,2026-05-11 15:00:00+00:00,0.977,503,0.012435233160621673,0.20913461538461542,0.9787142857142858,382.0
Snakebite Case,2026-05-11 16:00:00+00:00,0.989,699,0.0122824974411464,0.3896620278330021,0.9785714285714285,427.7142857142857
Snakebite Case,2026-05-11 17:00:00+00:00,0.989,744,0.0,0.06437768240343344,0.9784285714285714,498.14285714285717
Snakebite Case,2026-05-11 18:00:00+00:00,1.001,834,0.01213346814964611,0.12096774193548376,0.9799999999999999,550.0
Snakebite Case,2026-05-11 19:00:00+00:00,1.0,929,-0.0009990009990008542,0.11390887290167862,0.9842857142857142,630.7142857142857
Snakebite Case,2026-05-11 20:00:00+00:00,1.001,851,0.0009999999999998899,-0.08396124865446719,0.9888571428571427,710.8571428571429
Snakebite Case,2026-05-11 21:00:00+00:00,1.0,870,-0.0009990009990008542,0.02232667450058745,0.9938571428571427,775.7142857142857
Snakebite Case,2026-05-11 22:00:00+00:00,1.0,523,0.0,-0.3988505747126436,0.9971428571428572,778.5714285714286
Snakebite Case,2026-05-11 23:00:00+00:00,1.001,756,0.0009999999999998899,0.4455066921606119,0.9988571428571428,786.7142857142857
Snakebite Case,2026-05-12 00:00:00+00:00,1.0,486,-0.0009990009990008542,-0.3571428571428571,1.0004285714285712,749.8571428571429
Snakebite Case,2026-05-12 01:00:00+00:00,1.0,731,0.0,0.5041152263374487,1.0002857142857142,735.1428571428571
Snakebite Case,2026-05-12 02:00:00+00:00,1.0,573,0.0,-0.21614227086183313,1.0002857142857142,684.2857142857143
Snakebite Case,2026-05-12 03:00:00+00:00,1.01,382,0.010000000000000009,-0.33333333333333337,1.0015714285714286,617.2857142857143
Snakebite Case,2026-05-12 04:00:00+00:00,1.008,470,-0.001980198019801982,0.23036649214659688,1.0027142857142857,560.1428571428571
Snakebite Case,2026-05-12 05:00:00+00:00,1.01,524,0.001984126984126977,0.11489361702127665,1.0041428571428572,560.2857142857143
Snakebite Case,2026-05-12 06:00:00+00:00,1.01,459,0.0,-0.12404580152671751,1.0054285714285716,517.8571428571429
Snakebite Case,2026-05-12 07:00:00+00:00,1.0,323,-0.00990099009900991,-0.2962962962962963,1.0054285714285716,494.57142857142856
Snakebite Case,2026-05-12 08:00:00+00:00,1.0,337,0.0,0.04334365325077405,1.0054285714285716,438.2857142857143
Snakebite Case,2026-05-12 09:00:00+00:00,1.0,317,0.0,-0.05934718100890213,1.0054285714285716,401.7142857142857
Snakebite Case,2026-05-12 10:00:00+00:00,1.0,247,0.0,-0.2208201892744479,1.004,382.42857142857144
Snakebite Case,2026-05-12 11:00:00+00:00,1.0,305,0.0,0.23481781376518218,1.002857142857143,358.85714285714283
Snakebite Case,2026-05-12 12:00:00+00:00,0.989,360,-0.01100000000000001,0.180327868852459,0.9998571428571428,335.42857142857144
Snakebite Case,2026-05-12 13:00:00+00:00,1.0,490,0.011122345803842304,0.36111111111111116,0.9984285714285714,339.85714285714283
Snakebite Case,2026-05-12 14:00:00+00:00,1.001,564,0.0009999999999998899,0.15102040816326534,0.9985714285714286,374.2857142857143
Snakebite Case,2026-05-12 15:00:00+00:00,1.0,270,-0.0009990009990008542,-0.5212765957446808,0.9985714285714286,364.7142857142857
Snakebite Case,2026-05-12 16:00:00+00:00,1.0,643,0.0,1.3814814814814813,0.9985714285714286,411.2857142857143
